Time(UTC),uu,uv,uw,uTs,uTc1,uH2O,vv,vw,vTs,vTc1,vH2O,ww,wTs,wTc1,wH2O,TsTs,Tc1Tc1,H2OH2O,u,v,w,Ts,Tc1,H2O,Uyp,WDy,WDyWDy,wgwg,wguy,wgTc2,uywg,uyTc2,Tc2Tc2,wg,Uy,Tc2,wdir_Y
2025-09-18 14:00:00,1.2978,0.1312,-0.1158,-0.0252,-0.0256,-0.000156,1.2032,-0.011,-0.0088,-0.0028,-1.6e-05,0.2222,0.0048,0.0104,4.6e-05,0.00679,0.00709,0.0,3.9132,0.1854,-0.0016,26.592,20.184,0.030504,0.0,0.0,0.0,,,,0.0,,,,0.0,,
2025-09-18 14:30:00,1.359,-0.067833,-0.108833,0.019167,0.019833,-0.000166,0.875667,0.005167,-0.004833,-0.003167,3.4e-05,0.1995,-0.0095,0.0,3.8e-05,0.006861,0.004947,0.0,3.569667,-0.1685,0.004167,26.516667,20.091667,0.030303,0.0,0.0,0.0,,,,0.0,,,,0.0,,
2025-09-18 15:00:00,1.219167,0.161,-0.073667,0.027,0.0265,-0.000108,1.370333,0.029667,-0.0095,-0.004,2e-05,0.204333,-0.0135,-0.003333,3.1e-05,0.010302,0.006453,0.0,3.571833,-0.197,-0.017667,26.51,20.081667,0.030135,0.0,0.0,0.0,,,,0.0,,,,0.0,,
2025-09-18 15:30:00,1.026,-0.0375,-0.0855,0.029167,0.0275,-9e-05,1.064,0.018167,-0.010333,-0.007167,3.2e-05,0.195667,-0.016333,-0.004833,2.7e-05,0.012769,0.007744,0.0,3.0425,-0.755833,0.006667,26.506667,20.075,0.029917,0.0,0.0,0.0,,,,0.0,,,,0.0,,
2025-09-18 16:00:00,0.704167,-0.0365,-0.0395,0.029,0.0285,-6.7e-05,0.624667,0.026167,-0.018333,-0.011833,3.2e-05,0.123,-0.0135,-0.0055,2.1e-05,0.013148,0.008742,0.0,2.619,-0.608333,-0.018167,26.491667,20.055,0.029887,0.0,0.0,0.0,,,,0.0,,,,0.0,,
2025-09-18 16:30:00,0.821333,0.0905,-0.0545,0.029667,0.027833,-6.2e-05,0.7565,0.021833,-0.018167,-0.011667,2.5e-05,0.1235,-0.0145,-0.006333,1.9e-05,0.01517,0.010268,0.0,2.733167,-0.554833,-0.007667,26.496667,20.05,0.029848,0.0,0.0,0.0,,,,0.0,,,,0.0,,
2025-09-18 17:00:00,0.6505,-0.0025,-0.045667,0.038333,0.0365,-5.1e-05,0.569833,0.02,-0.009667,-0.003667,8e-06,0.122333,-0.018,-0.008333,1.6e-05,0.019321,0.01199,0.0,2.524667,-0.771167,-0.014833,26.391667,19.926667,0.029832,0.0,0.0,0.0,,,,0.0,,,,0.0,,
2025-09-18 17:30:00,0.679667,0.004667,-0.041833,0.045833,0.045,-4.8e-05,0.586667,0.024167,-0.0155,-0.011667,1.2e-05,0.096,-0.0165,-0.008667,1.2e-05,0.020544,0.012844,0.0,2.4215,-0.720667,-0.033,26.298333,19.818333,0.029923,0.0,0.0,0.0,,,,0.0,,,,0.0,,
2025-09-18 18:00:00,0.373833,-0.064833,-0.031833,0.040167,0.038833,-3.4e-05,0.308333,0.0095,-0.019833,-0.018667,1.6e-05,0.077,-0.0165,-0.009333,1.1e-05,0.023613,0.015583,0.0,2.0955,-0.549833,-0.026667,26.128333,19.63,0.029973,0.0,0.0,0.0,,,,0.0,,,,0.0,,
2025-09-18 18:30:00,0.581833,-0.028167,-0.048667,0.046833,0.0495,-5.1e-05,0.4745,0.019167,-0.0145,-0.0145,1.6e-05,0.091167,-0.016167,-0.009667,1.1e-05,0.019834,0.013533,0.0,2.324667,-0.562167,-0.0285,25.973333,19.471667,0.030053,0.0,0.0,0.0,,,,0.0,,,,0.0,,
2025-09-18 19:00:00,1.159667,-0.129833,-0.102167,0.038667,0.043,-6.6e-05,1.0635,0.0585,-0.014333,-0.020333,2.8e-05,0.2195,-0.018667,-0.009833,1.6e-05,0.01575,0.008805,0.0,3.404333,-1.3755,-0.030333,25.708333,19.25,0.029643,0.0,0.0,0.0,,,,0.0,,,,0.0,,
2025-09-18 19:30:00,0.886,0.020833,-0.0605,0.043,0.045167,-5.4e-05,0.7635,0.03,-0.000333,-0.007,1.2e-05,0.154833,-0.016,-0.008833,1.3e-05,0.015667,0.009312,0.0,2.927333,-1.232167,-0.0065,25.396667,18.968333,0.029152,0.0,0.0,0.0,,,,0.0,,,,0.0,,
2025-09-18 20:00:00,0.652833,-0.105167,-0.060333,0.038833,0.039667,-4e-05,0.656333,0.029667,-0.0075,-0.017833,2e-05,0.112333,-0.013333,-0.009,1.2e-05,0.016427,0.010336,0.0,2.464,-0.965833,-0.017,25.2,18.78,0.028995,0.0,0.0,0.0,,,,0.0,,,,0.0,,
2025-09-18 20:30:00,0.622167,-0.069833,-0.052667,0.038,0.037167,-3.7e-05,0.490333,0.017667,0.001,-0.0065,9e-06,0.098833,-0.0125,-0.0075,1e-05,0.017161,0.010851,0.0,2.404833,-0.753833,-0.015,25.146667,18.735,0.028883,0.0,0.0,0.0,,,,0.0,,,,0.0,,
2025-09-18 21:00:00,0.425,-0.056667,-0.038,0.035,0.032333,-3.1e-05,0.376167,0.022667,-0.005,-0.01,1e-05,0.081833,-0.011833,-0.007333,9e-06,0.019044,0.012731,0.0,2.154333,-0.769167,-0.005,25.096667,18.685,0.0288,0.0,0.0,0.0,,,,0.0,,,,0.0,,
2025-09-18 21:30:00,0.429167,-0.025167,-0.041,0.042167,0.039667,-3e-05,0.4155,0.011667,-0.005,-0.009667,1e-05,0.077,-0.0105,-0.006333,7e-06,0.019553,0.013148,0.0,2.072333,-0.524333,-0.02,24.991667,18.565,0.028957,0.0,0.0,0.0,,,,0.0,,,,0.0,,
2025-09-18 22:00:00,0.243667,0.032333,-0.017,0.030333,0.023333,-9e-06,0.199833,0.0,0.001,-0.003,2e-06,0.0455,-0.0115,-0.006,4e-06,0.033367,0.019182,0.0,1.581,-0.279167,-0.015,24.685,18.238333,0.02915,0.0,0.0,0.0,,,,0.0,,,,0.0,,
2025-09-18 22:30:00,0.391833,-0.024833,-0.037833,0.039833,0.032333,-2.9e-05,0.353333,0.007167,0.001833,-0.003833,3e-06,0.065167,-0.011667,-0.006167,8e-06,0.01827,0.009571,0.0,2.005,-0.022333,-0.015667,24.783333,18.306667,0.029407,0.0,0.0,0.0,,,,0.0,,,,0.0,,
2025-09-18 23:00:00,0.5645,-0.008667,-0.034333,0.0355,0.033,-4.5e-05,0.535167,-0.007833,0.003333,0.000667,8e-06,0.0845,-0.011667,-0.0055,8e-06,0.017468,0.009867,0.0,2.591,-0.1055,-0.0195,24.808333,18.375,0.028923,0.0,0.0,0.0,,,,0.0,,,,0.0,,
2025-09-18 23:30:00,0.434833,-0.035,-0.034167,0.041667,0.037333,-3.2e-05,0.378333,0.008333,-0.006667,-0.009,9e-06,0.079,-0.012333,-0.0075,8e-06,0.02245,0.013885,0.0,2.198,-0.383667,-0.011167,24.605,18.196667,0.028622,0.0,0.0,0.0,,,,0.0,,,,0.0,,
2025-09-19 00:00:00,0.388333,-0.048333,-0.0285,0.0805,0.073333,-1.3e-05,0.301833,0.0155,-0.0255,-0.023667,6e-06,0.069667,-0.020833,-0.0125,3e-06,0.085069,0.053207,0.0,2.005,-0.148833,-0.007333,23.97,17.565,0.028378,0.0,0.0,0.0,,,,0.0,,,,0.0,,
2025-09-19 00:30:00,0.174833,0.012333,-0.0175,0.064,0.0525,4e-06,0.149833,-0.001333,0.011667,0.010833,1e-06,0.040833,-0.020333,-0.012833,-3e-06,0.12215,0.068906,0.0,1.3365,0.023667,-0.0035,23.161667,16.778333,0.028018,0.0,0.0,0.0,,,,0.0,,,,0.0,,
2025-09-19 01:00:00,0.187,0.029333,-0.014833,0.0655,0.059333,5e-06,0.137167,0.000833,0.023333,0.0215,2e-06,0.038167,-0.019,-0.010333,-3e-06,0.120756,0.069344,0.0,1.414,0.1275,-0.0185,22.66,16.293333,0.027698,0.0,0.0,0.0,,,,0.0,,,,0.0,,
2025-09-19 01:30:00,0.246167,0.0435,-0.014,0.079667,0.077,8e-06,0.177,0.001167,0.030833,0.028333,4e-06,0.040833,-0.017833,-0.0105,-2e-06,0.1225,0.07636,0.0,1.406833,0.172167,-0.0085,22.488333,16.141667,0.027458,0.0,0.0,0.0,,,,0.0,,,,0.0,,
2025-09-19 02:00:00,0.201167,0.027833,-0.014667,0.062,0.061167,6e-06,0.134167,-0.004167,0.015833,0.016333,1e-06,0.037833,-0.016333,-0.009333,-3e-06,0.10934,0.067427,0.0,1.164833,0.049833,-0.007667,22.201667,15.858333,0.027163,0.0,0.0,0.0,,,,0.0,,,,0.0,,
2025-09-19 02:30:00,0.143667,0.0165,-0.013,0.0475,0.042667,7e-06,0.115333,-0.004333,0.003,0.004667,0.0,0.033667,-0.0175,-0.009667,-4e-06,0.125198,0.074711,0.0,1.072833,-0.106667,-0.003,21.883333,15.56,0.02689,0.0,0.0,0.0,,,,0.0,,,,0.0,,
2025-09-19 03:00:00,0.172667,0.023333,-0.012333,0.039,0.039,5e-06,0.144,-0.0045,0.025333,0.024333,5e-06,0.032,-0.017167,-0.011,-4e-06,0.1156,0.071645,0.0,0.994833,0.0375,-0.0015,21.743333,15.43,0.026727,0.0,0.0,0.0,,,,0.0,,,,0.0,,
2025-09-19 03:30:00,0.126167,0.008,-0.010667,0.031667,0.030333,5e-06,0.122667,-0.007167,0.0265,0.022333,6e-06,0.035667,-0.016833,-0.011,-3e-06,0.11742,0.073984,0.0,0.944333,0.0765,-0.010833,21.66,15.338333,0.026723,0.0,0.0,0.0,,,,0.0,,,,0.0,,
2025-09-19 04:00:00,0.101,-0.0055,-0.009333,0.016833,0.024833,0.0,0.0905,-0.003167,0.0315,0.023667,1.1e-05,0.021667,-0.0095,-0.005167,-3e-06,0.144147,0.090902,0.0,0.325833,0.381333,0.012167,21.378333,14.995,0.026653,0.0,0.0,0.0,,,,0.0,,,,0.0,,
2025-09-19 04:30:00,0.048,0.016,-0.0045,-0.009667,-0.006667,-9e-06,0.071167,0.000667,0.0455,0.0385,1.4e-05,0.01,-0.0065,-0.0015,-1e-06,0.23571,0.133103,0.0,-0.1255,0.644333,0.014833,20.411667,14.006667,0.026337,0.0,0.0,0.0,,,,0.0,,,,0.0,,
2025-09-19 05:00:00,0.089,0.025167,-0.006,-0.001,-0.0005,-2e-06,0.049833,-0.002,0.008167,0.005167,-1e-06,0.010167,-0.0045,-0.001167,-2e-06,0.12924,0.05609,0.0,-0.3505,0.779333,0.010333,20.22,13.836667,0.025977,0.0,0.0,0.0,,,,0.0,,,,0.0,,
2025-09-19 05:30:00,0.0515,0.0115,-0.0055,0.007,0.004,2e-06,0.050167,-0.002833,0.004833,0.001333,2e-06,0.014667,-0.004333,-0.002,-1e-06,0.035469,0.017205,0.0,-0.126333,0.762667,-0.007833,20.191667,13.765,0.026087,0.0,0.0,0.0,,,,0.0,,,,0.0,,
2025-09-19 06:00:00,0.065,0.018167,-0.0055,0.014167,0.008,5e-06,0.06,-0.003333,0.004333,-0.000667,2e-06,0.0125,-0.004833,-0.001833,-2e-06,0.033185,0.014843,0.0,-0.190333,0.652833,-0.004167,20.105,13.758333,0.025837,0.0,0.0,0.0,,,,0.0,,,,0.0,,
2025-09-19 06:30:00,0.089,0.005,-0.007333,0.011333,-0.005,-1e-06,0.1025,-0.003,0.002667,-0.007167,2e-06,0.023333,-0.006,-0.004333,-1e-06,0.026951,0.016002,0.0,0.148667,0.688667,-0.005167,20.483333,14.506667,0.02665,0.0,0.0,0.0,,,,0.0,,,,0.0,,
2025-09-19 07:00:00,0.119833,-0.011333,-0.002833,0.002,-0.011,-4e-06,0.191333,-0.0155,-0.002833,0.001333,-2e-06,0.034333,0.0015,0.003833,6e-06,0.004807,0.009669,0.0,0.282667,0.808167,-0.010167,21.338333,15.25,0.027408,0.0,0.0,0.0,,,,0.0,,,,0.0,,
2025-09-19 07:30:00,0.142667,0.019833,-0.012833,-0.003333,-0.016333,-1.6e-05,0.288833,-0.015,-0.012667,-0.020167,-2.3e-05,0.044667,0.004667,0.008333,1.2e-05,0.005903,0.012544,0.0,0.465167,1.184833,-0.001333,21.973333,15.751667,0.027867,0.0,0.0,0.0,,,,0.0,,,,0.0,,
2025-09-19 08:00:00,0.186333,-0.051667,-0.019333,-0.009667,-0.028333,-2.7e-05,0.342167,-0.028667,-0.019833,-0.019667,-3.2e-05,0.051333,0.011833,0.016,2.4e-05,0.018952,0.032041,0.0,0.546833,1.386833,0.005667,22.645,16.485,0.028318,0.0,0.0,0.0,,,,0.0,,,,0.0,,
2025-09-19 08:30:00,0.2865,0.025667,-0.025,-0.029,-0.071,-5.5e-05,0.325667,-0.029667,-0.031333,-0.060833,-5e-05,0.0605,0.017333,0.0205,3.3e-05,0.039138,0.071556,0.0,0.6285,1.9855,0.003833,23.425,17.336667,0.028563,0.0,0.0,0.0,,,,0.0,,,,0.0,,
2025-09-19 09:00:00,0.337167,-0.030167,-0.024333,-0.026,-0.061333,-5.6e-05,0.474167,-0.0415,-0.068667,-0.0745,-0.0001,0.088167,0.033,0.034,4.7e-05,0.077006,0.090802,0.0,0.893333,2.0855,-0.006667,24.576667,18.645,0.029017,0.0,0.0,0.0,,,,0.0,,,,0.0,,
2025-09-19 09:30:00,0.591833,-0.093333,-0.037333,-0.071167,-0.117833,-0.000122,0.923167,-0.052,-0.078167,-0.108333,-0.000118,0.109667,0.047833,0.048667,7.7e-05,0.108241,0.122034,0.0,1.2545,1.707333,-0.002167,25.776667,19.876667,0.028957,0.0,0.0,0.0,,,,0.0,,,,0.0,,
2025-09-19 10:00:00,0.569,-0.142167,-0.035667,-0.035,-0.088333,-7.5e-05,0.861667,-0.0455,-0.0965,-0.099667,-0.000151,0.1175,0.0485,0.048667,8.4e-05,0.127568,0.120988,0.0,1.1995,1.842667,0.001,26.671667,20.766667,0.028958,0.0,0.0,0.0,,,,0.0,,,,0.0,,
2025-09-19 10:30:00,0.736167,-0.051333,-0.047667,-0.039833,-0.125667,-9e-05,1.002333,-0.0905,-0.143833,-0.106167,-0.000208,0.15,0.06,0.051,0.000104,0.124844,0.120525,0.0,1.0365,2.502833,-0.001333,27.168333,21.248333,0.029087,0.0,0.0,0.0,,,,0.0,,,,0.0,,
2025-09-19 11:00:00,0.953333,-0.164333,-0.048,-0.001167,-0.1185,-3.9e-05,1.022,-0.0835,-0.136,-0.086333,-0.000206,0.1585,0.051667,0.033167,8.9e-05,0.131769,0.144527,0.0,1.042333,2.614167,0.0185,27.683333,21.996667,0.029095,0.0,0.0,0.0,,,,0.0,,,,0.0,,
2025-09-19 11:30:00,0.978,-0.197,-0.038167,-0.031333,-0.144,-9.4e-05,0.905167,-0.0755,-0.121667,-0.0955,-0.000201,0.1615,0.054667,0.0315,9.7e-05,0.124256,0.168373,0.0,0.6185,2.989333,0.023167,28.173333,22.485,0.029407,0.0,0.0,0.0,,,,0.0,,,,0.0,,
2025-09-19 12:00:00,0.860333,-0.199667,-0.023667,-0.019667,-0.130167,-8.1e-05,1.258667,-0.088667,-0.163333,-0.094333,-0.000308,0.162333,0.048833,0.034,0.0001,0.097448,0.112113,1e-06,0.970667,2.827333,0.015667,28.585,22.831667,0.029705,0.0,0.0,0.0,,,,0.0,,,,0.0,,
2025-09-19 12:30:00,0.810833,-0.049667,-0.037833,-0.039833,-0.1155,-0.000116,1.0085,-0.085333,-0.077667,-0.055333,-0.000195,0.153667,0.039333,0.025833,9e-05,0.05313,0.07812,0.0,1.109333,2.936667,-0.015167,28.896667,23.111667,0.02971,0.0,0.0,0.0,,,,0.0,,,,0.0,,
2025-09-19 13:00:00,1.156,-0.2495,-0.048833,-0.045167,-0.157,-0.000125,1.230833,-0.078167,-0.084667,-0.079833,-0.000204,0.177833,0.037833,0.031167,9.6e-05,0.064093,0.095069,0.0,1.189,2.822667,-0.002,29.475,23.878333,0.02984,0.0,0.0,0.0,,,,0.0,,,,0.0,,
2025-09-19 13:30:00,0.893167,-0.088,-0.047833,-0.049667,-0.200333,-0.000143,0.992333,-0.0845,-0.062667,-0.058833,-0.000134,0.165,0.037,0.032833,0.000103,0.054367,0.13653,0.0,0.952833,2.862833,-0.011833,29.838333,24.388333,0.029608,0.0,0.0,0.0,,,,0.0,,,,0.0,,
2025-09-19 14:00:00,0.684167,-0.038667,-0.024167,-0.008,-0.133,-0.000137,0.700667,-0.046833,-0.050667,-0.032333,-0.00022,0.113333,0.0175,0.010167,9e-05,0.029412,0.108131,1e-06,0.824167,2.318833,0.019,30.351667,24.91,0.029455,0.0,0.0,0.0,,,,0.0,,,,0.0,,
2025-09-19 14:30:00,0.909,-0.166,-0.047667,0.0035,-0.077167,-0.000151,0.930333,-0.0585,-0.0265,-0.038167,-0.000142,0.151333,0.003833,0.007333,9.1e-05,0.012581,0.041209,0.0,1.4195,1.986833,-0.003667,30.581667,25.166667,0.027903,0.0,0.0,0.0,,,,0.0,,,,0.0,,
2025-09-19 15:00:00,0.405667,-0.076833,-0.028167,0.009833,-0.043,-7.9e-05,0.4915,-0.035,-0.016,-0.036333,-0.000131,0.0855,-0.002333,0.003,6.8e-05,0.010747,0.044803,1e-06,0.963,1.689167,-0.000167,30.546667,25.141667,0.028157,0.0,0.0,0.0,,,,0.0,,,,0.0,,
2025-09-19 15:30:00,0.388667,-0.044667,-0.016167,0.012667,-0.088667,-8.2e-05,0.334,-0.022167,-0.004667,-0.003667,-7.2e-05,0.0685,-0.004833,-0.003667,5.8e-05,0.00813,0.097032,0.0,0.743167,1.6685,-0.006167,30.73,25.458333,0.028517,0.0,0.0,0.0,,,,0.0,,,,0.0,,
2025-09-19 16:00:00,0.185833,-0.012,-0.012333,-0.001833,0.017333,-6e-06,0.225167,-0.0185,0.015833,0.033667,-0.000104,0.043167,-0.009,-0.040833,4.2e-05,0.01596,0.34594,0.0,-0.2795,1.772667,0.0175,30.701667,25.886667,0.028997,0.0,0.0,0.0,,,,0.0,,,,0.0,,
2025-09-19 16:30:00,0.099833,0.001833,-0.000667,-0.006333,-0.006333,1.3e-05,0.138167,-0.007,0.025833,0.023,-7.1e-05,0.024167,-0.008333,-0.0275,2.4e-05,0.044451,0.258403,0.0,-0.131,1.203167,0.01,30.435,25.478333,0.029447,0.0,0.0,0.0,,,,0.0,,,,0.0,,
2025-09-19 17:00:00,0.048167,0.0005,-0.0005,-0.0235,-0.014333,4.3e-05,0.081833,-0.004333,0.034833,0.041667,-6.8e-05,0.0095,-0.007167,-0.013833,8e-06,0.12122,0.273355,0.0,-0.205667,0.981333,0.0085,30.033333,24.643333,0.029858,0.0,0.0,0.0,,,,0.0,,,,0.0,,
2025-09-19 17:30:00,0.0315,0.004167,0.001667,-0.060167,-0.054333,3.5e-05,0.044,0.0005,-0.015833,-0.021667,1.4e-05,0.005,-0.0045,-0.0025,2e-06,0.388337,0.351649,0.0,-0.578333,0.705833,0.0235,29.001667,22.903333,0.030255,0.0,0.0,0.0,,,,0.0,,,,0.0,,
2025-09-19 18:00:00,0.033833,0.001333,-0.000833,-0.081167,-0.076167,1.6e-05,0.0375,0.0015,0.004,0.0065,1.3e-05,0.003167,0.001,0.005833,0.0,0.443556,0.352044,0.0,-0.200333,0.9765,0.027,26.635,20.021667,0.031053,0.0,0.0,0.0,,,,0.0,,,,0.0,,
2025-09-19 18:30:00,0.059167,0.002167,-0.000333,-0.129,-0.096167,1.2e-05,0.026833,0.000833,0.032,0.025167,1.8e-05,0.0035,0.003667,0.009167,0.0,0.610221,0.394175,0.0,-0.098,0.613,0.014167,25.19,18.565,0.030313,0.0,0.0,0.0,,,,0.0,,,,0.0,,
2025-09-19 19:00:00,0.056833,-0.003333,-0.000333,-0.1365,-0.12,2.4e-05,0.047167,-0.000333,0.021333,0.019667,1.2e-05,0.007,-0.0025,0.005,-0.0,0.673767,0.508607,0.0,-0.502167,1.0415,0.0375,26.103333,19.493333,0.029758,0.0,0.0,0.0,,,,0.0,,,,0.0,,
2025-09-19 19:30:00,0.043667,-0.004333,-0.001,-0.094667,-0.075333,3.5e-05,0.028333,-0.001,0.016,0.009,-1.8e-05,0.005333,0.000333,0.007167,-0.0,0.42728,0.289085,0.0,-0.008667,0.605,0.007333,25.325,18.685,0.029387,0.0,0.0,0.0,,,,0.0,,,,0.0,,
2025-09-19 20:00:00,0.0455,-0.006333,-0.001,-0.049167,-0.042833,1.8e-05,0.045167,-0.001333,0.033333,0.028167,-1.1e-05,0.0095,-0.005833,0.0045,-0.0,0.466717,0.32452,0.0,-0.146,0.901333,0.0005,25.43,18.756667,0.028543,0.0,0.0,0.0,,,,0.0,,,,0.0,,
2025-09-19 20:30:00,0.0385,0.001167,-0.001167,-0.070333,-0.0575,0.0,0.033833,-0.000833,0.037333,0.0285,4e-06,0.007333,-0.0035,0.005667,0.0,0.583441,0.424887,0.0,-0.123667,0.760333,0.0045,24.836667,18.178333,0.028393,0.0,0.0,0.0,,,,0.0,,,,0.0,,
2025-09-19 21:00:00,0.054833,0.007833,0.0,-0.031,-0.025833,-2e-06,0.037833,-0.000667,-0.000333,-0.004,1e-06,0.011667,-0.011,0.002,0.0,0.520562,0.339306,0.0,-0.117167,0.634333,-0.000167,24.65,18.026667,0.028185,0.0,0.0,0.0,,,,0.0,,,,0.0,,
2025-09-19 21:30:00,0.066,0.003833,-0.001333,-0.082667,-0.081333,-8e-06,0.055167,-0.002167,0.022,0.012833,-1e-06,0.0145,-0.0145,-0.0035,-1e-06,0.56175,0.399003,0.0,-0.484333,0.913667,0.012333,24.703333,18.206667,0.027968,0.0,0.0,0.0,,,,0.0,,,,0.0,,
2025-09-19 22:00:00,0.055667,0.016333,0.000833,-0.086167,-0.080167,2e-06,0.046833,0.000333,-0.023333,-0.024333,-3e-06,0.009333,-0.0095,-0.0005,0.0,0.501736,0.373117,0.0,-0.4145,0.862667,0.005333,24.15,17.648333,0.027865,0.0,0.0,0.0,,,,0.0,,,,0.0,,
2025-09-19 22:30:00,0.033333,0.000333,-0.000667,-0.0265,-0.0305,8e-06,0.024667,-0.001333,-0.008833,-0.0065,2e-06,0.006333,-0.003667,0.002667,0.0,0.161068,0.094044,0.0,-0.1765,0.784833,-0.008,23.636667,16.986667,0.02773,0.0,0.0,0.0,,,,0.0,,,,0.0,,
2025-09-19 23:00:00,0.0355,0.009333,-0.0025,-0.016167,-0.018833,2e-06,0.033167,-0.002833,0.002,-0.002667,1e-06,0.009333,-0.003833,0.002167,-1e-06,0.105733,0.080561,0.0,-0.169833,0.758833,-0.007667,23.74,17.2,0.027378,0.0,0.0,0.0,,,,0.0,,,,0.0,,
2025-09-19 23:30:00,0.045167,0.007167,-0.003167,-0.008167,-0.014167,-0.0,0.051,-0.0005,0.009333,0.003,-2e-06,0.013167,-0.006667,0.000167,-0.0,0.101761,0.069169,0.0,-0.382,0.762167,-0.002667,23.611667,17.146667,0.027217,0.0,0.0,0.0,,,,0.0,,,,0.0,,
2025-09-20 00:00:00,0.061167,0.001833,-0.0015,-0.022833,-0.030667,-3e-06,0.052667,0.001167,0.010167,0.004167,-2e-06,0.011,-0.006667,-0.001667,-0.0,0.162543,0.123552,0.0,-0.317833,0.733,0.002167,23.298333,16.848333,0.026982,0.0,0.0,0.0,,,,0.0,,,,0.0,,
2025-09-20 00:30:00,0.048833,0.0025,-0.002667,-0.013167,-0.011167,2e-06,0.035333,-0.002333,-0.007333,-0.006,-0.0,0.009,-0.005,-0.001,0.0,0.07299,0.0507,0.0,-0.094333,0.7225,-0.016,22.99,16.508333,0.026903,0.0,0.0,0.0,,,,0.0,,,,0.0,,
2025-09-20 01:00:00,0.048167,0.014167,-0.001667,-0.007833,-0.005167,0.0,0.051333,-0.001833,0.0015,0.002167,-2e-06,0.012333,-0.005,-0.001,-0.0,0.05913,0.044662,0.0,-0.082,0.6765,-0.008333,22.995,16.573333,0.026848,0.0,0.0,0.0,,,,0.0,,,,0.0,,
2025-09-20 01:30:00,0.0415,-0.0,-0.002167,-0.002667,0.009167,1e-06,0.052333,-0.0035,-0.002833,-0.0055,0.0,0.009167,-0.003333,-0.000833,0.0,0.0504,0.037249,0.0,0.048833,0.802,-0.007333,22.716667,16.285,0.026865,0.0,0.0,0.0,,,,0.0,,,,0.0,,
2025-09-20 02:00:00,0.220333,-0.193,-0.008833,0.011833,0.006833,1e-06,0.269,0.006167,-0.029833,-0.026333,-6e-06,0.010167,-0.0055,-0.001667,-0.0,0.165242,0.111333,0.0,-0.159333,0.462,0.015333,22.346667,15.993333,0.026795,0.0,0.0,0.0,,,,0.0,,,,0.0,,
2025-09-20 02:30:00,0.176333,-0.120167,-0.005333,-0.023,-0.0345,-1e-05,0.155833,0.003833,0.041,0.0435,1.1e-05,0.011,-0.006167,-0.001333,0.0,0.194334,0.128881,0.0,-0.2935,0.7705,0.0055,21.943333,15.593333,0.026725,0.0,0.0,0.0,,,,0.0,,,,0.0,,
2025-09-20 03:00:00,0.056,-0.022167,-0.004833,0.0025,0.001333,-2e-06,0.087333,-0.002833,0.018333,0.013833,0.0,0.013,-0.005667,-0.002,1e-06,0.062084,0.038481,0.0,-0.003833,0.787667,0.002167,21.976667,15.641667,0.026807,0.0,0.0,0.0,,,,0.0,,,,0.0,,
2025-09-20 03:30:00,0.1025,-0.013167,0.001333,-0.016333,-0.019333,3e-06,0.083333,-0.0045,0.019333,0.016,-6e-06,0.014,-0.005,-0.001833,1e-06,0.046512,0.030218,0.0,-0.399,0.809333,0.003833,22.303333,15.96,0.026942,0.0,0.0,0.0,,,,0.0,,,,0.0,,
2025-09-20 04:00:00,0.131833,0.0255,-0.008167,0.0045,0.0035,-6e-06,0.1575,-0.010167,0.019,0.0165,-1.1e-05,0.024167,-0.0065,-0.002667,3e-06,0.043264,0.025653,0.0,0.2225,0.982833,0.002167,22.35,16.036667,0.027138,0.0,0.0,0.0,,,,0.0,,,,0.0,,
2025-09-20 04:30:00,0.062167,-0.007167,-0.002333,0.008333,0.008167,-4e-06,0.1165,-0.003333,-0.003,-0.008,0.0,0.0155,-0.0045,-0.001667,2e-06,0.032942,0.01703,0.0,-0.257667,0.796667,-0.004,22.598333,16.246667,0.027412,0.0,0.0,0.0,,,,0.0,,,,0.0,,
2025-09-20 05:00:00,0.114,-0.008,0.001833,-0.037833,-0.033333,7e-06,0.131833,-0.002333,0.019333,0.017167,-3e-06,0.0185,-0.006167,-0.002667,1e-06,0.085167,0.055853,0.0,-0.867,0.758667,0.022333,22.768333,16.388333,0.027532,0.0,0.0,0.0,,,,0.0,,,,0.0,,
2025-09-20 05:30:00,0.170667,-0.023667,-0.010333,-0.0055,-0.0025,1e-06,0.214333,-0.0025,0.016833,0.011833,-6e-06,0.045333,-0.011333,-0.0045,4e-06,0.056803,0.03246,0.0,-0.141833,1.217167,0.0205,22.78,16.406667,0.027593,0.0,0.0,0.0,,,,0.0,,,,0.0,,
2025-09-20 06:00:00,0.141167,0.002833,-0.0035,0.0045,0.0045,-3e-06,0.187333,-0.014333,0.005,0.0015,-5e-06,0.033333,-0.007833,-0.002667,4e-06,0.03264,0.017733,0.0,-0.055,1.031,-0.000833,22.786667,16.426667,0.027707,0.0,0.0,0.0,,,,0.0,,,,0.0,,
2025-09-20 06:30:00,0.149667,0.052667,-0.001333,-0.004167,-0.000667,1e-06,0.204833,-0.000833,-0.001333,-0.0005,-5e-06,0.028833,-0.0065,-0.003167,5e-06,0.017468,0.009801,0.0,0.057833,0.566333,0.005333,22.845,16.506667,0.027872,0.0,0.0,0.0,,,,0.0,,,,0.0,,
2025-09-20 07:00:00,0.0905,0.007333,-0.007833,0.0045,-0.0025,-7e-06,0.111167,-0.010167,0.010833,0.007833,-1.3e-05,0.025167,-0.0045,-0.001333,7e-06,0.011271,0.007951,0.0,0.0795,1.050833,-0.008333,23.085,16.81,0.02822,0.0,0.0,0.0,,,,0.0,,,,0.0,,
2025-09-20 07:30:00,0.1155,0.0305,-0.006333,-0.0005,-0.008167,-2e-06,0.218333,-0.012667,0.007333,0.003667,-1.9e-05,0.034667,-0.004667,-0.000333,1e-05,0.010134,0.00813,0.0,0.011167,1.374667,-0.0065,23.693333,17.445,0.028585,0.0,0.0,0.0,,,,0.0,,,,0.0,,
2025-09-20 08:00:00,0.164333,0.03,-0.015167,0.006833,-0.018667,-2.4e-05,0.2085,-0.009333,0.003667,-0.0065,-3.7e-05,0.036667,-0.002833,0.002,1.7e-05,0.00816,0.015459,0.0,0.323,1.277833,-0.003667,24.538333,18.26,0.029088,0.0,0.0,0.0,,,,0.0,,,,0.0,,
2025-09-20 08:30:00,0.2005,0.015833,-0.006667,-0.0015,-0.028333,-1.9e-05,0.1695,-0.007833,-0.014,-0.026833,-1.3e-05,0.04,0.001167,0.005167,2.6e-05,0.01152,0.028957,0.0,0.5525,0.703,-0.002167,25.635,19.423333,0.029442,0.0,0.0,0.0,,,,0.0,,,,0.0,,
2025-09-20 09:00:00,0.144667,-0.011833,-0.003167,0.001333,-0.023333,-3.7e-05,0.176167,-0.012,0.000333,-0.002833,-6.8e-05,0.0345,0.003833,0.002833,3.3e-05,0.013845,0.043056,0.0,0.367667,0.584,-0.013833,26.965,20.838333,0.030115,0.0,0.0,0.0,,,,0.0,,,,0.0,,
2025-09-20 09:30:00,0.397667,-0.061333,-0.024667,-0.021667,-0.079,-7.7e-05,0.383833,-0.024333,-0.020333,-0.035167,-3.6e-05,0.091833,0.0235,0.029333,8.2e-05,0.053824,0.0897,0.0,0.984833,0.9585,0.002833,28.458333,22.386667,0.030705,0.0,0.0,0.0,,,,0.0,,,,0.0,,
2025-09-20 10:00:00,0.465,-0.019333,-0.048833,-0.010833,-0.023833,-8.4e-05,0.6485,-0.0185,-0.017667,-0.026667,-0.00014,0.107167,0.010167,0.011333,6.4e-05,0.013767,0.01809,0.0,1.590833,0.95,-0.018833,28.873333,22.7,0.030273,0.0,0.0,0.0,,,,0.0,,,,0.0,,
2025-09-20 10:30:00,0.586167,-0.060333,-0.027,0.003667,-0.011333,-0.000127,0.540667,-0.018,-0.000333,-0.0035,-5.1e-05,0.0975,-0.002333,-0.0005,5.8e-05,0.008311,0.01054,0.0,2.012667,0.518833,-0.0115,29.316667,23.001667,0.03072,0.0,0.0,0.0,,,,0.0,,,,0.0,,
2025-09-20 11:00:00,0.849167,0.0505,-0.059167,0.041667,0.040167,-0.000177,0.509,0.0025,0.001,0.005,-1.6e-05,0.102,-0.0155,-0.011667,4.9e-05,0.021756,0.0225,0.0,2.5905,-0.100667,-0.006167,29.273333,22.905,0.03071,0.0,0.0,0.0,,,,0.0,,,,0.0,,
2025-09-20 11:30:00,1.591667,-0.1495,-0.140167,0.08,0.101333,-0.000439,1.577333,0.0685,-0.0645,-0.062833,-1.7e-05,0.2805,-0.0375,-0.030667,4.9e-05,0.056644,0.080278,3e-06,3.951,-1.785667,-0.028667,28.718333,22.18,0.028242,0.0,0.0,0.0,,,,0.0,,,,0.0,,
2025-09-20 12:00:00,0.481833,0.0235,-0.043167,0.048167,0.051833,-0.000611,0.504333,0.015667,-0.0185,0.001167,-0.000445,0.091667,-0.024,-0.0055,-4.9e-05,0.0903,0.08673,3e-05,1.822167,-0.632167,-0.040667,27.176667,20.021667,0.028012,0.0,0.0,0.0,,,,0.0,,,,0.0,,
2025-09-20 12:30:00,0.1105,-0.028,-0.015833,0.009667,0.002833,2.1e-05,0.1385,0.009,-0.0125,-0.0055,3.7e-05,0.0315,-0.004,0.0015,7e-06,0.009377,0.006669,2e-06,1.078667,-0.2155,-0.046667,26.85,19.495,0.019832,0.0,0.0,0.0,,,,0.0,,,,0.0,,0.0612
2025-09-20 13:00:00,0.358667,-0.050667,-0.019167,0.046167,0.033333,0.000118,0.197167,-0.0055,-0.024167,-0.017167,-0.00035,0.039833,-0.003167,0.000667,1.1e-05,0.02646,0.019834,1.1e-05,0.553167,1.015833,-0.017333,26.29,19.083333,0.022198,0.0,0.0,0.0,,,,0.0,,,,0.0,,0.06
2025-09-20 13:30:00,0.2715,-0.042333,-0.006333,0.024333,0.007167,0.000155,0.31,-0.024,0.044833,0.0,-0.000185,0.049333,-0.010667,0.001,2e-05,0.070933,0.025017,9e-06,0.685833,1.175833,-0.025333,26.075,18.585,0.021037,0.0,0.0,0.0,,,,0.0,,,,0.0,,0.059167
2025-09-20 14:00:00,0.168333,-0.034833,-0.011833,0.015667,-0.0035,5e-05,0.189833,-0.017833,0.001833,-0.0055,-6e-06,0.048833,0.000333,0.007,3.2e-05,0.049284,0.010268,1e-06,1.085167,0.581333,-0.016833,26.453333,18.908333,0.030362,0.0,0.0,0.0,,,,0.0,,,,0.0,,0.060667
2025-09-20 14:30:00,0.749833,-0.0005,-0.040667,0.017,-0.018667,-5.2e-05,0.647,-0.028,0.03,0.007,-7e-06,0.128,0.007167,0.011667,2.1e-05,0.021413,0.023716,0.0,1.813333,0.900333,-0.020333,26.75,19.371667,0.031677,0.0,0.0,0.0,,,,0.0,,,,0.0,,0.0645
2025-09-20 15:00:00,0.4645,-0.009667,-0.019333,-0.012667,-0.028333,-4.4e-05,0.5125,-0.017667,-0.011167,-0.015,3.5e-05,0.098667,0.012333,0.014333,2.3e-05,0.014641,0.017512,0.0,1.697,0.880667,-0.032333,25.771667,19.446667,0.029417,0.0,0.0,0.0,,,,0.0,,,,0.0,,0.065167
2025-09-20 15:30:00,0.376667,0.0425,-0.032,-0.003,-0.012333,-3.8e-05,0.478833,-0.028,-0.006167,-0.010167,-4.1e-05,0.095167,0.004333,0.008,2.5e-05,0.0056,0.007084,0.0,1.162,1.2915,-0.01,25.72,19.336667,0.030848,0.0,0.0,0.0,,,,0.0,,,,0.0,,0.065167
2025-09-20 16:00:00,0.484333,-0.029833,-0.048667,-0.007167,-0.029,-5.7e-05,0.434667,-0.033833,-0.005167,-0.011833,-2e-05,0.0965,0.0085,0.013333,2.6e-05,0.010643,0.0155,0.0,1.263833,1.316167,-0.0145,26.04,19.836667,0.03102,0.0,0.0,0.0,,,,0.0,,,,0.0,,0.064167
2025-09-20 16:30:00,0.319167,-0.032833,-0.004167,0.003333,-0.004667,-2e-05,0.3395,-0.0315,0.002667,0.002833,-1.6e-05,0.079333,-0.002167,0.000833,1.3e-05,0.006724,0.005427,0.0,0.929,1.525833,-0.001833,26.166667,19.75,0.03134,0.0,0.0,0.0,,,,0.0,,,,0.0,,0.065
2025-09-20 17:00:00,0.258167,-0.0645,-0.025833,0.004333,-0.001667,-5e-06,0.422,-0.0145,0.024167,0.0195,-2e-05,0.062833,-0.009667,-0.004167,7e-06,0.0176,0.007425,0.0,0.333,1.523167,0.013667,26.036667,19.491667,0.031645,0.0,0.0,0.0,,,,0.0,,,,0.0,,0.0645
2025-09-20 17:30:00,0.164833,0.007333,-0.006,0.014833,0.014167,-6e-06,0.263,-0.021,0.026167,0.018333,-6e-06,0.0365,-0.008833,-0.003667,1e-06,0.03016,0.012284,0.0,0.130667,1.391667,0.011,25.873333,19.21,0.031815,0.0,0.0,0.0,,,,0.0,,,,0.0,,0.062667
2025-09-20 18:00:00,0.423833,0.091167,-0.031,0.042167,0.0455,-1.5e-05,0.368667,-0.024167,0.041167,0.038167,-1.1e-05,0.08,-0.017667,-0.011333,4e-06,0.057121,0.039006,0.0,0.79,1.172667,-0.001833,26.255,19.596667,0.031483,0.0,0.0,0.0,,,,0.0,,,,0.0,,0.0635
2025-09-20 18:30:00,0.351833,0.006167,-0.0235,0.025167,0.029333,-6e-06,0.377667,-0.003667,0.033167,0.031667,-5e-06,0.071667,-0.018167,-0.011833,3e-06,0.05768,0.038285,0.0,0.757,1.216167,0.015333,26.366667,19.69,0.0315,0.0,0.0,0.0,,,,0.0,,,,0.0,,0.062333
2025-09-20 19:00:00,0.403833,-0.0185,-0.027667,0.056333,0.056167,-1.6e-05,0.375167,-0.029833,0.036,0.031667,1e-06,0.090333,-0.024,-0.017167,1e-06,0.067167,0.04438,0.0,0.8305,1.538167,-0.022333,26.378333,19.705,0.031502,0.0,0.0,0.0,,,,0.0,,,,0.0,,0.0635
2025-09-20 19:30:00,0.430167,-0.01,-0.025,0.055667,0.06,-6e-06,0.5385,-0.030333,0.039,0.037,-0.0,0.091333,-0.030167,-0.021,2e-06,0.076084,0.0546,0.0,1.1,1.1085,-0.003167,26.725,20.055,0.031505,0.0,0.0,0.0,,,,0.0,,,,0.0,,0.062833
2025-09-20 20:00:00,0.475167,-0.017667,-0.023667,0.041333,0.042333,-8e-06,0.571667,-0.020667,0.0235,0.0185,0.0,0.108333,-0.022667,-0.014667,2e-06,0.066306,0.044521,0.0,1.1585,1.291667,-0.031667,26.886667,20.231667,0.031465,0.0,0.0,0.0,,,,0.0,,,,0.0,,0.063167
2025-09-20 20:30:00,0.607833,-0.0305,-0.022167,0.035333,0.038,-6e-06,0.579,-0.033167,0.045167,0.042167,-6e-06,0.122167,-0.032,-0.021833,3e-06,0.068295,0.047597,0.0,1.6545,0.874667,-0.054667,26.801667,20.163333,0.031337,0.0,0.0,0.0,,,,0.0,,,,0.0,,0.0625
2025-09-20 21:00:00,0.7055,0.071,-0.053167,0.035667,0.0335,-1.2e-05,0.797333,-0.019333,0.032167,0.028333,-1e-05,0.158,-0.025333,-0.015833,9e-06,0.042162,0.027005,0.0,1.788167,1.129833,-0.020833,26.866667,20.253333,0.031322,0.0,0.0,0.0,,,,0.0,,,,0.0,,0.063333
2025-09-20 21:30:00,1.267,0.121667,-0.068833,0.065167,0.0675,-3.5e-05,1.081667,-0.0185,0.0585,0.057833,-2.2e-05,0.2125,-0.027833,-0.018,1e-05,0.047524,0.033185,0.0,2.581833,0.966167,-0.000833,26.871667,20.265,0.031288,0.0,0.0,0.0,,,,0.0,,,,0.0,,0.064333
2025-09-20 22:00:00,1.193833,-0.002,-0.075,0.062167,0.061333,0.000276,1.009167,-0.021333,0.031667,0.026667,-2.5e-05,0.166,-0.024167,-0.015167,-8e-06,0.041074,0.025707,3e-06,2.466167,1.0635,-0.028167,26.861667,20.23,0.024663,0.0,0.0,0.0,,,,0.0,,,,0.0,,0.063333
2025-09-20 22:30:00,0.673,0.018167,-0.029667,0.037,0.036,-0.000148,0.635833,-0.033333,0.027833,0.022333,-4e-06,0.138667,-0.024167,-0.014667,2.6e-05,0.035721,0.02235,1e-06,1.983833,0.952333,-0.026667,26.62,19.995,0.024137,0.0,0.0,0.0,,,,0.0,,,,0.0,,0.065167
2025-09-20 23:00:00,1.347333,-0.021667,-0.0945,0.061333,0.066,6e-06,1.379,-0.039667,0.045,0.042,-3.6e-05,0.223667,-0.028167,-0.017167,1.6e-05,0.033428,0.0225,0.0,3.3445,0.870333,-0.032167,26.596667,19.983333,0.031053,0.0,0.0,0.0,,,,0.0,,,,0.0,,0.067
2025-09-20 23:30:00,1.728167,0.083,-0.148667,0.070833,0.0765,0.00014,1.623333,-0.008667,0.013,0.014167,-7.6e-05,0.277333,-0.035833,-0.021,2e-05,0.037442,0.025493,0.0,4.243333,-0.266833,-0.012167,26.398333,19.81,0.030038,0.0,0.0,0.0,,,,0.0,,,,0.0,,0.07
2025-09-21 00:00:00,1.650167,-0.017333,-0.146,0.085833,0.095667,-0.000129,1.619,0.024333,-0.0055,-0.007167,5.1e-05,0.258667,-0.035667,-0.022333,2.4e-05,0.036672,0.024492,1e-06,4.011167,-0.4375,-0.0005,25.746667,19.238333,0.02922,0.0,0.0,0.0,,,,0.0,,,,0.0,,
2025-09-21 00:30:00,1.420333,0.0975,-0.128,0.0575,0.0645,-0.0002,1.164167,-0.0135,0.001333,-0.001333,-8e-06,0.230833,-0.022333,-0.014333,3.4e-05,0.024077,0.015792,0.0,3.690167,-0.639667,-0.0235,25.265,18.83,0.02723,0.0,0.0,0.0,,,,0.0,,,,0.0,,
2025-09-21 01:00:00,1.916333,0.217833,-0.136833,0.052,0.074,-0.000176,1.711833,0.024333,0.019333,0.009667,-3.5e-05,0.317667,-0.025833,-0.021333,2.1e-05,0.02873,0.02064,0.0,4.261,-0.604667,-0.044,24.885,18.555,0.027913,0.0,0.0,0.0,,,,0.0,,,,0.0,,
2025-09-21 01:30:00,1.511333,-0.020833,-0.138833,0.1255,0.137167,-9.3e-05,1.0535,0.0235,-0.0005,-0.005667,2e-05,0.221,-0.033667,-0.028,2.1e-05,0.047089,0.037571,0.0,3.822,-0.4825,-0.016333,24.151667,17.901667,0.026958,0.0,0.0,0.0,,,,0.0,,,,0.0,,
2025-09-21 02:00:00,3.156833,0.095667,-0.1755,0.129833,0.179333,-0.000212,2.4835,0.026833,-0.022,-0.024333,2.9e-05,0.402,-0.049667,-0.039,3.1e-05,0.059943,0.0468,0.0,4.849333,-0.852333,-0.0185,23.305,17.141667,0.02601,0.0,0.0,0.0,,,,0.0,,,,0.0,,
2025-09-21 02:30:00,1.762,-0.063,-0.136667,0.136167,0.154333,-7e-05,1.482,0.024,-0.021,-0.022833,1.4e-05,0.268667,-0.050333,-0.039167,2e-05,0.071556,0.05728,0.0,4.046667,-0.615667,-0.023167,22.215,16.13,0.024775,0.0,0.0,0.0,,,,0.0,,,,0.0,,
2025-09-21 03:00:00,1.460667,-0.092833,-0.116833,0.1025,0.118667,-5e-05,1.3525,0.026,-0.013167,-0.0195,1.4e-05,0.239,-0.040167,-0.030333,1.6e-05,0.05267,0.041141,0.0,3.926167,-0.356667,-0.047333,21.803333,15.716667,0.024765,0.0,0.0,0.0,,,,0.0,,,,0.0,,
2025-09-21 03:30:00,1.904833,0.090833,-0.165167,0.114667,0.136833,-7.1e-05,2.124167,-0.007333,-0.012667,-0.019,1.5e-05,0.324,-0.042667,-0.030833,2e-05,0.046297,0.03629,0.0,4.857667,0.025333,-0.0035,21.601667,15.526667,0.024718,0.0,0.0,0.0,,,,0.0,,,,0.0,,
2025-09-21 04:00:00,1.385333,-0.139833,-0.0995,0.070667,0.082167,-4.8e-05,1.2275,0.026,-0.020167,-0.0275,2.3e-05,0.244833,-0.033333,-0.023333,1.7e-05,0.039204,0.02873,0.0,3.8565,-0.452333,-0.014333,21.316667,15.241667,0.024433,0.0,0.0,0.0,,,,0.0,,,,0.0,,
2025-09-21 04:30:00,1.883333,-0.234,-0.144667,0.104,0.1235,-7.1e-05,1.706833,0.056667,-0.035667,-0.047,3.4e-05,0.277833,-0.037167,-0.028167,2e-05,0.045156,0.037185,0.0,3.850333,-0.909833,-0.022833,21.11,15.086667,0.02396,0.0,0.0,0.0,,,,0.0,,,,0.0,,
2025-09-21 05:00:00,2.072333,-0.186833,-0.181833,0.123333,0.143333,-7.7e-05,1.394,0.0455,-0.027,-0.030333,1.8e-05,0.306,-0.039667,-0.03,2.1e-05,0.041616,0.033063,0.0,4.303167,-1.114833,0.009167,20.921667,14.911667,0.02385,0.0,0.0,0.0,,,,0.0,,,,0.0,,
2025-09-21 05:30:00,2.001833,-0.195,-0.1565,0.086167,0.1015,-0.000108,1.644167,0.102667,-0.022667,-0.029833,3.1e-05,0.297,-0.024,-0.014833,2.2e-05,0.020688,0.015129,0.0,4.0715,-1.750167,-0.033667,20.858333,14.881667,0.023547,0.0,0.0,0.0,,,,0.0,,,,0.0,,
2025-09-21 06:00:00,1.561833,-0.0405,-0.1285,0.050167,0.0525,-7.5e-05,1.551667,0.082,-0.018667,-0.019333,3.1e-05,0.302833,-0.0265,-0.014,2.8e-05,0.018998,0.011236,0.0,3.9255,-1.676333,0.004,20.403333,14.45,0.023072,0.0,0.0,0.0,,,,0.0,,,,0.0,,
2025-09-21 06:30:00,1.370667,-0.038333,-0.131833,0.034667,0.0365,-6.3e-05,1.412167,0.027667,-0.004667,-0.005667,1.1e-05,0.292833,-0.020167,-0.010167,2.8e-05,0.012694,0.007197,0.0,4.166333,-1.267833,-0.019833,20.245,14.328333,0.022817,0.0,0.0,0.0,,,,0.0,,,,0.0,,
2025-09-21 07:00:00,1.429167,0.055,-0.112833,0.028167,0.027667,-0.000102,1.267333,0.043333,-0.0085,-0.008167,2.9e-05,0.206167,-0.0125,-0.0015,3e-05,0.007598,0.005232,0.0,3.487167,-1.359667,0.0205,20.243333,14.333333,0.023173,0.0,0.0,0.0,,,,0.0,,,,0.0,,
2025-09-21 07:30:00,1.681667,0.0125,-0.140833,-0.000167,-0.013833,-0.000144,1.554667,0.076833,0.011167,0.038667,7.8e-05,0.244667,-0.009167,0.001667,3.4e-05,0.009216,0.017117,0.0,3.675833,-1.501333,-0.000833,20.311667,14.325,0.023245,0.0,0.0,0.0,,,,0.0,,,,0.0,,
2025-09-21 08:00:00,1.325833,-0.039333,-0.087,0.0255,0.001,0.000327,0.932333,0.078333,-0.012333,-0.0,5.1e-05,0.221,-0.0045,0.009833,7e-06,0.008433,0.032041,1e-06,3.320333,-1.9135,-0.021333,19.508333,13.148333,0.017477,0.0,0.0,0.0,,,,0.0,,,,0.0,,
2025-09-21 08:30:00,0.554333,-0.151333,-0.061833,-0.011167,-0.029167,-0.000124,0.607,0.054167,0.001667,0.014667,4.4e-05,0.113333,0.005333,0.014333,3.2e-05,0.004534,0.01517,0.0,2.532667,-1.308,-0.004667,20.031667,13.861667,0.018655,0.0,0.0,0.0,,,,0.0,,,,0.0,,0.068
2025-09-21 09:00:00,0.764333,0.001,-0.063833,-0.040667,-0.051167,-0.000171,0.873167,0.0865,0.046333,0.076833,-9e-06,0.171667,0.019667,0.03,7.2e-05,0.027778,0.054444,1e-06,1.811167,-2.015,-0.028167,20.571667,14.478333,0.019273,0.0,0.0,0.0,,,,0.0,,,,0.0,,0.068
2025-09-21 09:30:00,1.110833,0.078,-0.03,-0.010833,-0.020167,-0.000102,1.003,0.136667,0.048333,0.064333,0.000188,0.241333,0.026,0.0375,6e-05,0.021904,0.039402,0.0,1.044333,-2.873333,-0.0225,20.463333,14.495,0.01978,0.0,0.0,0.0,,,,0.0,,,,0.0,,0.068
2025-09-21 10:00:00,1.031333,0.092167,-0.011,0.009833,0.0075,3.1e-05,0.9605,0.116333,0.0475,0.067,0.000147,0.212833,0.019167,0.028167,3.9e-05,0.019693,0.028674,1e-06,0.532,-2.878833,-0.058333,20.528333,14.685,0.018493,0.0,0.0,0.0,,,,0.0,,,,0.0,,0.068
2025-09-21 10:30:00,1.059167,0.148333,-0.007833,0.002,-0.029167,-4.2e-05,1.019667,0.121833,0.047667,0.052667,0.000209,0.221167,0.018167,0.033167,5.9e-05,0.026082,0.065451,1e-06,0.369667,-3.195667,-0.051667,20.651667,14.7,0.022447,0.0,0.0,0.0,,,,0.0,,,,0.0,,0.067333
2025-09-21 11:00:00,0.604333,-0.021,-0.021167,-0.0045,-0.013833,-1e-06,0.718,0.087667,0.0425,0.068,0.000115,0.155667,0.017,0.027333,5.8e-05,0.016171,0.0368,0.0,0.714833,-2.508167,-0.074167,20.033333,14.126667,0.021963,0.0,0.0,0.0,,,,0.0,,,,0.0,,0.064667
2025-09-21 11:30:00,1.225167,-0.1955,0.0245,-0.016667,-0.032333,-0.000241,1.244667,0.139,0.025667,0.0455,1.2e-05,0.245333,0.008,0.021,1.3e-05,0.021658,0.033428,1e-06,0.483,-2.527333,-0.009833,20.28,14.4,0.017465,0.0,0.0,0.0,,,,0.0,,,,0.0,,0.065667
2025-09-21 12:00:00,0.6165,-0.0745,-0.013833,-0.004833,-0.018333,2.9e-05,0.6255,0.067833,0.019333,0.043667,6.3e-05,0.140333,0.0095,0.02,4.5e-05,0.012432,0.029298,0.0,0.506833,-2.2205,-0.046833,20.061667,14.258333,0.017097,0.0,0.0,0.0,,,,0.0,,,,0.0,,0.064333
2025-09-21 12:30:00,0.726667,-0.172167,0.054333,0.013,0.013,2.9e-05,1.157833,0.105,0.0385,0.077833,2e-05,0.264833,0.0265,0.0365,7.5e-05,0.027501,0.039933,0.0,-0.384167,-2.1935,-0.023167,20.653333,15.03,0.020918,0.0,0.0,0.0,,,,0.0,,,,0.0,,0.065667
2025-09-21 13:00:00,0.607667,-0.172,-0.004,-0.0155,-0.018,0.0,0.883333,0.081667,0.026167,0.051667,5.1e-05,0.152667,0.012833,0.0205,4.4e-05,0.016087,0.02544,0.0,0.146333,-2.154833,-0.012667,20.421667,14.75,0.021745,0.0,0.0,0.0,,,,0.0,,,,0.0,,0.067667
2025-09-21 13:30:00,0.399333,-0.053167,0.03,0.02,0.021667,3.7e-05,0.597167,0.070667,0.0485,0.098833,8.4e-05,0.117833,0.0315,0.038667,6.1e-05,0.061421,0.103041,0.0,-0.132833,-1.461833,-0.025667,20.776667,15.278333,0.021992,0.0,0.0,0.0,,,,0.0,,,,0.0,,
2025-09-21 14:00:00,0.6585,-0.168667,0.005,-0.036,-0.054,1e-06,0.89,0.0745,0.066667,0.109,9.6e-05,0.158,0.035667,0.0456,6.7e-05,0.080467,0.136309,0.0,-0.142,-1.859,-0.015,21.3,15.97,0.021887,0.0,0.0,0.0,,,,0.0,,,,0.0,,
2025-09-21 14:30:00,0.605833,-0.1895,0.045167,0.002833,0.0005,6.1e-05,1.184667,0.113667,0.076833,0.1425,8.9e-05,0.223667,0.031333,0.0425,7.5e-05,0.053901,0.203852,0.0,-0.4515,-1.947333,-0.011667,21.303333,16.28,0.020982,0.0,0.0,0.0,,,,0.0,,,,0.0,,
2025-09-21 15:00:00,0.552667,0.009167,0.045333,-0.003167,0.012333,1.4e-05,0.952667,0.077167,0.06,0.1345,0.000108,0.224333,0.023333,0.026167,6.5e-05,0.039535,0.06342,0.0,-0.113333,-2.338667,-0.0405,21.298333,16.251667,0.02056,0.0,0.0,0.0,,,,0.0,,,,0.0,,
2025-09-21 15:30:00,0.455,-0.1265,0.054833,-0.0055,0.0,2.4e-05,0.902,0.059167,0.047833,0.119,0.000104,0.177,0.011667,0.022,5.6e-05,0.031211,0.051076,0.0,-0.437333,-1.752333,-0.013167,20.998333,16.2,0.020302,0.0,0.0,0.0,,,,0.0,,,,0.0,,
2025-09-21 16:00:00,0.694,-0.296167,0.054667,-0.025333,-0.019667,1.8e-05,1.256167,0.094,0.060167,0.046333,6.8e-05,0.247333,0.0125,0.005667,5.4e-05,0.027889,0.018045,0.0,-0.592167,-1.848667,-0.009,21.066667,15.56,0.020613,0.0,0.0,0.0,,,,0.0,,,,0.0,,
2025-09-21 16:30:00,0.36,-0.028333,0.044333,-0.015667,-0.005833,1.8e-05,0.694667,0.048667,-0.008667,0.003667,4.7e-05,0.151667,-0.016,-0.009333,3.3e-05,0.015918,0.022801,0.0,-0.302,-1.793167,-0.006833,20.428333,14.853333,0.020607,0.0,0.0,0.0,,,,0.0,,,,0.0,,
2025-09-21 17:00:00,0.396333,-0.051333,0.0365,-0.024167,-0.020333,1.7e-05,0.604,0.041667,0.001333,0.036167,2.4e-05,0.157,-0.012667,-0.007,2.9e-05,0.013148,0.0144,0.0,-0.243167,-1.716667,-0.0115,20.336667,15.036667,0.02088,0.0,0.0,0.0,,,,0.0,,,,0.0,,
2025-09-21 17:30:00,0.298,-0.056,0.035833,-0.024667,-0.0215,1.4e-05,0.39,0.019833,-0.007,0.002,1e-05,0.116667,-0.023167,-0.019667,2.2e-05,0.038025,0.036354,0.0,-0.308,-1.49,-0.018667,20.036667,14.461667,0.020508,0.0,0.0,0.0,,,,0.0,,,,0.0,,
2025-09-21 18:00:00,0.165667,-0.027833,0.0245,-0.008667,-0.005167,-3e-06,0.497,0.0215,-0.04,-0.042333,3.8e-05,0.086667,-0.021833,-0.013667,1.2e-05,0.038025,0.023562,0.0,-0.2305,-1.098833,-0.003167,19.281667,13.396667,0.02105,0.0,0.0,0.0,,,,0.0,,,,0.0,,
2025-09-21 18:30:00,0.080833,-0.019833,0.011,-0.001667,-0.000333,-2e-06,0.251,0.002833,-0.035333,-0.046167,1.6e-05,0.036333,-0.014167,-0.006333,5e-06,0.049655,0.033367,0.0,-0.165833,-0.739167,-0.005167,18.613333,12.605,0.021328,0.0,0.0,0.0,,,,0.0,,,,0.0,,
2025-09-21 19:00:00,0.133667,-0.0015,0.016167,-0.015,-0.011333,2e-06,0.2635,0.018167,-0.039,-0.0395,2.3e-05,0.0555,-0.018,-0.008,8e-06,0.04921,0.030276,0.0,-0.0695,-1.097667,0.001,18.468333,12.513333,0.02127,0.0,0.0,0.0,,,,0.0,,,,0.0,,
2025-09-21 19:30:00,0.085667,-0.007,0.007333,-0.010333,-0.006167,-0.0,0.232833,0.005167,-0.037667,-0.049167,2.2e-05,0.034833,-0.011333,-0.002833,3e-06,0.064009,0.042987,0.0,-0.109667,-0.667333,0.015,18.068333,12.063333,0.021012,0.0,0.0,0.0,,,,0.0,,,,0.0,,
2025-09-21 20:00:00,0.040333,-0.010167,0.003167,-0.003333,0.002833,-3e-06,0.0475,0.000667,-0.004,-0.01,6e-06,0.008333,-0.0025,-0.001,-1e-06,0.076637,0.045085,0.0,0.189833,-0.2725,0.021,17.066667,11.01,0.020865,0.0,0.0,0.0,,,,0.0,,,,0.0,,
2025-09-21 20:30:00,0.043,-0.002667,0.002833,0.013667,0.0145,-1e-05,0.042667,0.000833,-0.013,-0.012,6e-06,0.010667,-0.004667,-0.0005,-2e-06,0.12936,0.067081,0.0,0.090667,-0.233,0.009,16.581667,10.503333,0.020748,0.0,0.0,0.0,,,,0.0,,,,0.0,,
2025-09-21 21:00:00,0.0305,0.0015,0.001,0.036,0.032167,5e-06,0.028333,0.0005,-0.019333,-0.016667,-1e-06,0.005333,0.000667,0.002667,-0.0,0.244365,0.181334,0.0,0.316667,-0.155,0.0215,16.163333,10.175,0.020522,0.0,0.0,0.0,,,,0.0,,,,0.0,,
2025-09-21 21:30:00,0.041667,0.006833,-0.001,0.051,0.047333,1e-05,0.015833,-0.0005,0.004333,0.003333,2e-06,0.0035,-0.001833,-0.001,-1e-06,0.152881,0.101124,0.0,0.2295,0.01,0.008833,14.878333,8.811667,0.020057,0.0,0.0,0.0,,,,0.0,,,,0.0,,
2025-09-21 22:00:00,0.04,0.005833,0.001167,0.0345,0.032333,5e-06,0.019833,0.0015,0.002,0.0005,-1e-06,0.004833,-0.004333,-0.002667,-0.0,0.1369,0.08304,0.0,0.238,-0.022,0.010833,14.743333,8.673333,0.015732,0.0,0.0,0.0,,,,0.0,,,,0.0,,
2025-09-21 22:30:00,0.053333,0.005667,0.003,0.0785,0.064,-6e-06,0.020167,-0.000167,-0.003167,-0.0005,4e-06,0.006167,0.000167,0.001,-4e-06,0.376178,0.2022,0.0,0.304833,-0.092167,0.008167,14.673333,8.6,0.010793,0.0,0.0,0.0,,,,0.0,,,,0.0,,
2025-09-21 23:00:00,0.047,-0.006333,-0.0005,0.033667,0.029333,-5e-06,0.0485,0.004167,-0.038167,-0.034,-1.7e-05,0.012833,-0.0045,0.0,-3e-06,0.248004,0.151062,0.0,0.203,-0.262167,0.010333,15.655,9.598333,0.01165,0.0,0.0,0.0,,,,0.0,,,,0.0,,
2025-09-21 23:30:00,0.060833,0.0075,0.006833,-0.002167,-0.002833,-7e-06,0.091333,0.0035,-0.041333,-0.039667,5e-06,0.0175,-0.0075,-0.003833,-1e-06,0.177381,0.0904,0.0,0.221833,-0.680667,0.021167,16.34,10.373333,0.019912,0.0,0.0,0.0,,,,0.0,,,,0.0,,
2025-09-22 00:00:00,0.034167,0.001,0.003167,0.004,0.007167,1e-06,0.045,0.004333,-0.03,-0.0275,-6e-06,0.008,-0.006833,-0.004833,-2e-06,0.145161,0.103469,0.0,0.362167,-0.228,0.016833,15.975,10.036667,0.020197,0.0,0.0,0.0,,,,0.0,,,,0.0,,
2025-09-22 00:30:00,0.0445,0.0005,0.003167,-0.012,-0.009167,-0.0,0.044833,0.005,-0.003167,-0.003667,-2e-06,0.012,-0.008333,-0.006333,-2e-06,0.126262,0.081796,0.0,0.230167,-0.282167,-0.0055,15.578333,9.598333,0.01991,0.0,0.0,0.0,,,,0.0,,,,0.0,,
2025-09-22 01:00:00,0.089167,-0.016833,0.006,0.002,0.0015,-8e-06,0.212333,0.013333,-0.056,-0.052833,9e-06,0.036333,-0.012,-0.007333,-0.0,0.091607,0.048767,0.0,0.000167,-0.739833,0.011833,15.96,10.001667,0.020067,0.0,0.0,0.0,,,,0.0,,,,0.0,,
2025-09-22 01:30:00,0.0855,-0.020833,0.0015,-0.009,-0.008333,-2e-06,0.236333,0.003333,-0.0325,-0.040333,-7e-06,0.036,-0.008833,-0.004,-0.0,0.045298,0.027945,0.0,-0.179667,-0.247,0.007,15.925,9.913333,0.020195,0.0,0.0,0.0,,,,0.0,,,,0.0,,
2025-09-22 02:00:00,0.061167,-0.001333,0.006,-0.011667,-0.009333,-4e-06,0.147333,0.003,-0.005833,-0.012,-1e-06,0.025833,-0.007333,-0.004167,-0.0,0.038481,0.020497,0.0,-0.035167,-0.453333,0.004,15.64,9.64,0.02006,0.0,0.0,0.0,,,,0.0,,,,0.0,,
2025-09-22 02:30:00,0.099333,-0.018833,0.006833,-0.019,-0.017833,-5e-06,0.225167,0.0095,-0.009167,-0.013667,1.1e-05,0.033,-0.008833,-0.0045,0.0,0.036672,0.021805,0.0,-0.023667,-0.435333,0.0035,16.061667,10.085,0.020332,0.0,0.0,0.0,,,,0.0,,,,0.0,,
2025-09-22 03:00:00,0.121333,-0.037,0.012667,-0.008167,-0.007167,-4e-06,0.261333,0.011833,-0.0295,-0.026,2e-06,0.051,-0.018833,-0.0105,-1e-06,0.06068,0.026569,0.0,-0.104833,-1.078667,0.031167,16.015,10.036667,0.020408,0.0,0.0,0.0,,,,0.0,,,,0.0,,
2025-09-22 03:30:00,0.123833,-0.023167,0.022,-0.006667,-0.006333,-3e-06,0.343333,0.001833,-0.041667,-0.043,6e-06,0.065167,-0.015667,-0.0075,2e-06,0.03783,0.019834,0.0,-0.240333,-1.054667,0.0165,16.073333,10.09,0.02042,0.0,0.0,0.0,,,,0.0,,,,0.0,,
2025-09-22 04:00:00,0.134667,-0.010167,0.0165,-0.0055,-0.005,-4e-06,0.311333,0.019,-0.018,-0.022167,2e-06,0.0535,-0.0105,-0.004167,1e-06,0.029013,0.013572,0.0,-0.159333,-0.7605,0.034667,16.093333,10.106667,0.020488,0.0,0.0,0.0,,,,0.0,,,,0.0,,
2025-09-22 04:30:00,0.141167,-0.0185,0.008833,-0.010333,-0.012167,-2e-06,0.284833,0.012667,-0.021833,-0.025333,-0.0,0.049833,-0.008667,-0.0045,0.0,0.028674,0.014201,0.0,-0.331167,-0.452333,0.019333,16.27,10.275,0.02052,0.0,0.0,0.0,,,,0.0,,,,0.0,,
2025-09-22 05:00:00,0.156,-0.004,0.032,-0.0155,-0.014833,1e-06,0.372667,0.021333,-0.043167,-0.043,9e-06,0.0735,-0.019167,-0.013,3e-06,0.037185,0.019507,0.0,-0.273333,-0.975167,0.005167,16.4,10.43,0.020475,0.0,0.0,0.0,,,,0.0,,,,0.0,,
2025-09-22 05:30:00,0.114167,0.000833,0.007167,-0.008,-0.012,-2e-06,0.2145,0.0145,-0.026833,-0.029833,-4e-06,0.042333,-0.0115,-0.006833,-0.0,0.035156,0.020784,0.0,-0.220333,-0.346,0.023833,16.575,10.558333,0.020608,0.0,0.0,0.0,,,,0.0,,,,0.0,,
2025-09-22 06:00:00,0.0885,0.003333,0.006,-0.016167,-0.0175,4e-06,0.098333,0.0095,-0.01,-0.013333,3e-06,0.026833,-0.011,-0.0065,1e-06,0.042987,0.025175,0.0,-0.289833,-0.301,-0.011167,16.563333,10.541667,0.0206,0.0,0.0,0.0,,,,0.0,,,,0.0,,
2025-09-22 06:30:00,0.065167,-0.004667,0.009333,-0.019333,-0.017,1e-06,0.076167,0.0055,0.000167,-0.000667,1e-06,0.018667,-0.009667,-0.0065,-0.0,0.043056,0.025547,0.0,-0.2215,-0.445167,-0.008,16.27,10.285,0.020545,0.0,0.0,0.0,,,,0.0,,,,0.0,,
2025-09-22 07:00:00,0.077333,-0.017,0.007833,-0.001333,0.001667,2e-06,0.158667,0.002333,-0.012667,-0.002833,6e-06,0.037667,-0.004333,0.000333,3e-06,0.015625,0.011772,0.0,-0.292833,-0.460833,-0.000833,16.47,10.758333,0.020767,0.0,0.0,0.0,,,,0.0,,,,0.0,,
2025-09-22 07:30:00,0.127833,-0.012667,0.011167,0.0005,0.019333,1.3e-05,0.142,0.017333,0.013833,0.025167,-4e-06,0.052333,0.004667,0.011667,1e-05,0.012882,0.025921,0.0,-0.369167,-0.462,0.003667,17.318333,11.808333,0.02124,0.0,0.0,0.0,,,,0.0,,,,0.0,,
2025-09-22 08:00:00,0.214,-0.030167,0.0215,0.006167,0.019,4.4e-05,0.319333,0.025833,0.038333,0.05,2.6e-05,0.077833,0.016,0.0194,3e-05,0.035784,0.051166,0.0,-0.5885,-0.4835,0.004167,18.535,12.848,0.021348,0.0,0.0,0.0,,,,0.0,,,,0.0,,
2025-09-22 08:30:00,0.455167,-0.068167,0.067833,0.028667,0.063167,5.4e-05,0.671667,0.029667,0.0285,0.061,-1.9e-05,0.165333,0.03,0.031333,3.8e-05,0.0402,0.056485,0.0,-1.1305,-0.562,-0.042833,19.38,13.94,0.02107,0.0,0.0,0.0,,,,0.0,,,,0.0,,
2025-09-22 09:00:00,1.0365,-0.201333,0.094167,0.069667,0.071,0.000111,1.161333,0.075833,0.0385,0.112,3.1e-05,0.232167,0.036667,0.04,5.2e-05,0.064601,0.069169,0.0,-1.4995,-0.5105,-0.011333,20.03,14.93,0.020947,0.0,0.0,0.0,,,,0.0,,,,0.0,,
2025-09-22 09:30:00,1.296167,-0.106833,0.146333,0.091833,0.1822,0.000128,1.4115,0.095667,0.049833,0.1092,5e-05,0.311,0.045833,0.0496,6.9e-05,0.074893,0.130755,0.0,-1.754167,-0.389667,-0.042167,20.356667,15.086,0.020547,0.0,0.0,0.0,,,,0.0,,,,0.0,,
2025-09-22 10:00:00,1.0805,-0.1485,0.0845,0.111167,0.141,0.000167,1.154667,0.044833,0.055333,0.128333,3.6e-05,0.217167,0.054667,0.049833,7e-05,0.135301,0.146944,0.0,-1.494167,-0.458,0.0095,20.898333,15.713333,0.019902,0.0,0.0,0.0,,,,0.0,,,,0.0,,
2025-09-22 10:30:00,0.882667,-0.082167,0.118833,0.021667,0.029833,6.5e-05,1.542667,0.0905,0.040333,0.069833,2.9e-05,0.302333,0.016167,0.014667,5.4e-05,0.019834,0.030218,0.0,-1.584833,-0.7535,-0.0575,20.286667,14.831667,0.01919,0.0,0.0,0.0,,,,0.0,,,,0.0,,
2025-09-22 11:00:00,1.0035,0.098167,0.1435,0.086667,0.086167,0.000122,1.5925,0.109,0.077333,0.14,8.6e-05,0.291333,0.045667,0.0405,6.9e-05,0.079995,0.11594,0.0,-1.63,-0.827,-0.033333,20.711667,15.531667,0.01922,0.0,0.0,0.0,,,,0.0,,,,0.0,,
2025-09-22 11:30:00,1.253,-0.246667,0.113167,0.077667,0.092,0.000105,1.517833,0.111833,0.054667,0.129,5.8e-05,0.302,0.0455,0.043667,6.4e-05,0.093636,0.126262,0.0,-1.689833,-0.627,0.013167,20.798333,15.606667,0.019407,0.0,0.0,0.0,,,,0.0,,,,0.0,,
2025-09-22 12:00:00,0.862833,-0.315167,0.044,0.038,0.0645,0.000124,0.962333,0.040333,0.0335,0.118167,-2e-06,0.186,0.021833,0.017,5.4e-05,0.073803,0.146817,0.0,-1.098,-0.546333,0.001833,20.875,15.695,0.01947,0.0,0.0,0.0,,,,0.0,,,,0.0,,
2025-09-22 12:30:00,1.444,-0.338,0.094333,0.1155,0.132833,0.000187,1.754167,0.073167,0.126,0.206833,3.6e-05,0.3345,0.064833,0.0525,7.2e-05,0.183612,0.220117,0.0,-1.673333,-1.1065,-0.035667,20.965,15.976667,0.019112,0.0,0.0,0.0,,,,0.0,,,,0.0,,
2025-09-22 13:00:00,1.060167,-0.3025,0.107167,0.065333,0.101667,0.00014,1.525167,0.0545,0.072833,0.1545,3e-05,0.291167,0.059167,0.048333,8.3e-05,0.148739,0.182329,0.0,-1.1675,-1.145,0.008667,21.045,16.056667,0.019102,0.0,0.0,0.0,,,,0.0,,,,0.0,,
2025-09-22 13:30:00,1.026833,-0.3085,0.111333,0.164,0.226667,0.000233,1.449167,0.045833,0.112167,0.2715,8.1e-05,0.242667,0.0755,0.0685,0.000102,0.218712,0.352242,0.0,-1.0065,-0.887667,0.030167,21.368333,16.658333,0.01893,0.0,0.0,0.0,,,,0.0,,,,0.0,,
2025-09-22 14:00:00,0.967,-0.205667,0.120167,0.016333,0.034833,5.7e-05,1.762333,0.033,0.132667,0.243167,0.000121,0.328833,0.0445,0.038167,7.6e-05,0.105192,0.131527,0.0,-0.916833,-1.932167,-0.039833,20.976667,16.16,0.01822,0.0,0.0,0.0,,,,0.0,,,,0.0,,
2025-09-22 14:30:00,0.668667,-0.145,0.074667,0.026833,0.059167,6.8e-05,1.385833,0.060333,0.087833,0.205833,6.9e-05,0.2755,0.0445,0.037,8.2e-05,0.080751,0.119601,0.0,-0.74,-1.473,-0.003,21.045,16.381667,0.018227,0.0,0.0,0.0,,,,0.0,,,,0.0,,
2025-09-22 15:00:00,1.1595,-0.061,0.103833,0.120167,0.210167,0.00018,1.018,0.079833,0.072,0.135667,8.4e-05,0.2455,0.038167,0.037333,6.3e-05,0.073441,0.116395,0.0,-1.3375,-0.721667,-0.006833,20.848333,16.171667,0.018103,0.0,0.0,0.0,,,,0.0,,,,0.0,,
2025-09-22 15:30:00,0.810667,-0.054167,0.084,0.047667,0.0975,6.4e-05,1.027667,0.080167,0.049667,0.111167,6.9e-05,0.225833,0.030667,0.032333,5.7e-05,0.049729,0.072271,0.0,-1.381,-0.571833,-0.037167,20.696667,15.996667,0.01853,0.0,0.0,0.0,,,,0.0,,,,0.0,,
2025-09-22 16:00:00,1.447833,-0.366167,0.138333,0.077,0.1266,0.000188,1.5055,0.085333,0.037833,0.1212,-2.3e-05,0.2875,0.023667,0.027,5.4e-05,0.033245,0.056549,0.0,-1.625167,-1.026167,-0.02,20.35,15.524,0.019398,0.0,0.0,0.0,,,,0.0,,,,0.0,,
2025-09-22 16:30:00,1.037333,-0.100833,0.111333,0.028667,0.060667,9e-05,1.196,0.091,0.025667,0.081333,2.7e-05,0.266833,0.009167,0.009,4e-05,0.017424,0.026352,0.0,-1.3615,-0.9015,-0.031833,20.183333,15.215,0.01956,0.0,0.0,0.0,,,,0.0,,,,0.0,,
2025-09-22 17:00:00,0.431167,-0.064167,0.053,-0.013167,0.004333,4.4e-05,0.634,0.025667,0.006167,0.044667,-9e-06,0.163333,-0.008667,-0.009,2.3e-05,0.017468,0.022751,0.0,-0.730667,-0.710667,0.004167,19.785,14.606667,0.019653,0.0,0.0,0.0,,,,0.0,,,,0.0,,
2025-09-22 17:30:00,0.262667,-0.0705,0.023667,-0.024333,-0.0205,2.2e-05,0.4035,0.0215,-0.006167,0.005333,-4e-06,0.085167,-0.016333,-0.0145,1.2e-05,0.035407,0.033917,0.0,-0.3605,-0.757,0.009667,19.073333,13.581667,0.019732,0.0,0.0,0.0,,,,0.0,,,,0.0,,
2025-09-22 18:00:00,0.105167,-0.018167,0.0115,-0.025167,-0.0194,8e-06,0.261333,-0.0005,-0.012333,-0.0254,-7e-06,0.040667,-0.017,-0.0108,5e-06,0.063085,0.051802,0.0,-0.204167,-0.384167,0.003167,18.18,12.34,0.020007,0.0,0.0,0.0,,,,0.0,,,,0.0,,
2025-09-22 18:30:00,0.141333,-0.003833,0.02,-0.014667,-0.012,-2e-06,0.4695,0.012,-0.052833,-0.063833,3.1e-05,0.0655,-0.020833,-0.011833,6e-06,0.061421,0.04396,0.0,-0.225667,-1.019333,0.0115,17.516667,11.648333,0.019907,0.0,0.0,0.0,,,,0.0,,,,0.0,,
2025-09-22 19:00:00,0.088667,-0.007,0.005667,-0.015,-0.0125,7e-06,0.095,0.009,-0.014833,-0.015,-0.0,0.029167,-0.011,-0.006,2e-06,0.04417,0.026814,0.0,-0.314833,-0.341,0.000667,16.981667,11.0175,0.020103,0.0,0.0,0.0,,,,0.0,,,,0.0,,
2025-09-22 19:30:00,0.096167,0.032167,0.015,-0.0205,-0.019167,6e-06,0.117667,0.011667,-0.007833,-0.016167,5e-06,0.028333,-0.007833,-0.0065,2e-06,0.052747,0.03927,0.0,-0.1065,-0.382,-0.016667,16.606667,10.603333,0.019915,0.0,0.0,0.0,,,,0.0,,,,0.0,,
2025-09-22 20:00:00,0.182333,0.008667,0.026333,-0.024833,-0.025333,9e-06,0.303167,0.025,-0.034667,-0.0355,5e-06,0.068,-0.014667,-0.009667,4e-06,0.060107,0.039734,0.0,-0.557167,-0.5055,0.0145,16.968333,11.063333,0.019712,0.0,0.0,0.0,,,,0.0,,,,0.0,,
2025-09-22 20:30:00,0.134167,0.041333,0.0195,-0.033167,-0.037167,1.1e-05,0.202667,0.0095,-0.021167,-0.022333,5e-06,0.053833,-0.012667,-0.009167,4e-06,0.057041,0.040737,0.0,-0.614167,-0.408667,-0.029667,16.826667,10.918333,0.019578,0.0,0.0,0.0,,,,0.0,,,,0.0,,
2025-09-22 21:00:00,0.1195,0.009667,0.0135,-0.032,-0.031,9e-06,0.119833,0.011167,-0.008833,-0.013333,4e-06,0.029333,-0.012333,-0.008333,3e-06,0.055775,0.036037,0.0,-0.274833,-0.483833,-0.0015,16.171667,10.213333,0.019662,0.0,0.0,0.0,,,,0.0,,,,0.0,,
2025-09-22 21:30:00,0.109667,-0.002333,0.0115,-0.027667,-0.024167,7e-06,0.078333,0.010167,-0.007,-0.007167,2e-06,0.030833,-0.011667,-0.006833,2e-06,0.071735,0.041277,0.0,-0.230333,-0.571,-0.012167,15.91,9.96,0.01966,0.0,0.0,0.0,,,,0.0,,,,0.0,,
2025-09-22 22:00:00,0.074667,-0.003333,0.0075,-0.021333,-0.016,3e-06,0.063167,0.0025,-0.012,-0.013,3e-06,0.0225,-0.008833,-0.005,0.0,0.098282,0.066135,0.0,-0.053333,-0.5245,-0.006,15.535,9.575,0.019642,0.0,0.0,0.0,,,,0.0,,,,0.0,,
2025-09-22 22:30:00,0.0205,-0.001,0.001333,-0.011667,-0.0112,-1e-06,0.018,0.001,-0.005167,0.0018,-1e-06,0.003,-0.004,-0.002,0.0,0.088308,0.033709,0.0,-0.035833,-0.194833,0.015167,14.993333,9.086,0.019508,0.0,0.0,0.0,,,,0.0,,,,0.0,,
2025-09-22 23:00:00,0.0175,0.001,0.000667,-0.008333,-0.006333,2e-06,0.016,0.000667,0.004333,0.001167,3e-06,0.0035,-0.0025,-0.000667,0.0,0.166464,0.063756,0.0,0.026833,-0.261667,0.014,14.161667,8.1405,0.01879,0.0,0.0,0.0,,,,0.0,,,,0.0,,
2025-09-22 23:30:00,0.013333,-0.002333,0.000167,-0.005,-0.001833,4e-06,0.0135,0.000167,-0.0055,-0.005,-6e-06,0.001667,0.001667,0.001333,-0.0,0.129001,0.058081,0.0,0.278333,-0.407833,0.005333,13.735,7.779667,0.016262,0.0,0.0,0.0,,,,0.0,,,,0.0,,
2025-09-23 00:00:00,0.052333,-0.006833,0.0,-0.019167,-0.010667,3e-06,0.064167,0.002667,-0.04,-0.032667,-3e-06,0.012333,-0.007667,-0.004833,-3e-06,0.137888,0.066478,0.0,0.266,-0.4925,0.0105,14.305,8.318333,0.014627,0.0,0.0,0.0,,,,0.0,,,,0.0,,
2025-09-23 00:30:00,0.041,0.006833,0.002167,0.001333,0.002833,1.4e-05,0.0425,0.0035,-0.0215,-0.018,2e-06,0.013833,-0.008833,-0.006333,-3e-06,0.211907,0.131527,0.0,0.2235,-0.122833,0.007833,14.596667,8.581667,0.016178,0.0,0.0,0.0,,,,0.0,,,,0.0,,
2025-09-23 01:00:00,0.053667,0.018,0.002333,0.0085,0.015833,-3.7e-05,0.0175,0.000667,0.002667,0.004167,-6e-06,0.002167,0.001167,0.001833,-3e-06,0.13826,0.092923,0.0,0.313333,-0.237,0.009667,13.956667,8.009833,0.013775,0.0,0.0,0.0,,,,0.0,,,,0.0,,
2025-09-23 01:30:00,0.019667,0.005167,0.001,-0.018167,-0.010833,9e-06,0.013167,0.0015,-0.005,-0.003333,-3e-06,0.0045,-0.003333,-0.002,0.0,0.063001,0.028392,0.0,0.048667,-0.244167,-0.002167,14.645,8.476667,4.5e-05,0.0,0.0,0.0,,,,0.0,,,,0.0,,
2025-09-23 02:00:00,0.021,0.0,-0.000167,-0.010333,-0.005167,2e-06,0.036667,0.000167,0.033333,0.026333,0.0,0.002667,-0.001,-0.000167,-1e-06,0.223887,0.157741,0.0,0.244333,-0.146,0.001667,13.418333,7.447333,-0.001079,0.0,0.0,0.0,,,,0.0,,,,0.0,,
2025-09-23 02:30:00,0.012833,0.005833,0.000333,0.004833,0.0026,2e-05,0.013833,0.000167,0.002167,0.0016,2.8e-05,0.0005,-0.000167,-0.0002,4e-06,0.028505,0.013225,1e-06,0.328833,-0.348333,-0.000833,13.516667,7.623,0.00933,0.0,0.0,0.0,,,,0.0,,,,0.0,,
2025-09-23 03:00:00,0.0155,-0.005667,0.0005,0.002667,0.004167,1.9e-05,0.015667,0.000333,0.009833,0.006167,-2.3e-05,0.001,0.0,0.0005,1e-06,0.051984,0.042025,0.0,-0.097667,0.259333,0.0115,12.803333,6.730167,0.020503,0.0,0.0,0.0,,,,0.0,,,,0.0,,
2025-09-23 03:30:00,0.012667,0.003167,0.0005,-0.001833,-0.0014,-2.9e-05,0.040833,0.001333,0.006,0.0036,-4.3e-05,0.001,-0.000333,-0.0004,3e-06,0.067081,0.061901,0.0,-0.104833,-0.011,0.007667,12.733333,6.6694,0.022855,0.0,0.0,0.0,,,,0.0,,,,0.0,,
2025-09-23 04:00:00,0.0065,-0.005167,-0.000333,-0.001333,-0.003667,-1.3e-05,0.024833,0.001167,0.000167,-0.000833,2.2e-05,0.0005,-0.000333,0.000167,1e-06,0.038481,0.033672,0.0,-0.090333,0.016,0.006333,12.585,6.485333,0.021103,0.0,0.0,0.0,,,,0.0,,,,0.0,,
2025-09-23 04:30:00,0.0145,-0.004,0.0,0.0,-0.005167,-1.2e-05,0.017667,-0.000167,-0.0005,0.0015,6e-06,0.000667,0.0,0.000833,-1e-06,0.021462,0.019693,0.0,-0.208667,0.356667,0.017333,12.541667,6.427667,0.016612,0.0,0.0,0.0,,,,0.0,,,,0.0,,
2025-09-23 05:00:00,0.027333,-0.0005,0.000167,0.008333,0.010667,-2.5e-05,0.015333,0.000333,-0.017167,-0.014167,-6e-06,0.003,-0.003667,-0.001,2e-06,0.159867,0.089401,0.0,0.028,-0.169667,-0.005333,13.04,6.855167,0.014098,0.0,0.0,0.0,,,,0.0,,,,0.0,,
2025-09-23 05:30:00,0.0815,0.019,0.0035,0.037333,0.034833,-1.1e-05,0.099333,0.007333,-0.040167,-0.0125,-3.9e-05,0.015833,-0.006833,-0.001,-5e-06,0.35244,0.156684,0.0,-0.1395,0.004,0.0065,14.526667,8.284167,0.012308,0.0,0.0,0.0,,,,0.0,,,,0.0,,
2025-09-23 06:00:00,0.23,-0.378,0.115667,-0.057667,-0.009,7e-06,0.672333,-0.203833,0.1025,0.024333,-2.4e-05,0.065833,-0.023167,-0.003667,7e-06,0.209764,0.075625,0.0,0.094667,0.033667,0.034333,13.493333,6.98,0.008473,0.0,0.0,0.0,,,,0.0,,,,0.0,,
2025-09-23 06:30:00,0.243833,-0.4595,0.137833,0.0535,0.077833,3.2e-05,0.988667,-0.285167,-0.154,-0.196167,-4.6e-05,0.088667,0.041667,0.055667,2.1e-05,0.222469,0.132011,0.0,1.009,-1.7455,0.458,16.421667,8.427333,0.007621,0.0,0.0,0.0,,,,0.0,,,,0.0,,
2025-09-23 07:00:00,,,,,,,,,,,,,,,,,0.027225,0.0,,,,,10.708333,0.00113,0.0,0.0,0.0,,,,0.0,,,,0.0,,
2025-09-23 07:30:00,0.2385,-0.31725,0.09075,-0.042,-0.01025,-0.000177,0.67675,-0.157,0.06675,0.059,0.000339,0.07625,-0.01825,-0.0035,-8.1e-05,0.134689,0.062417,1e-06,-0.14425,-0.82725,0.06475,20.3025,12.001667,0.009548,0.0,0.0,0.0,,,,0.0,,,,0.0,,0.058
2025-09-23 08:00:00,0.162667,-0.024167,0.0205,-0.010833,0.007167,1.6e-05,0.248167,0.009167,0.04,0.052667,2.1e-05,0.062333,0.021833,0.025667,2.2e-05,0.065621,0.06275,0.0,-0.444167,-0.559667,-0.026833,20.855,12.635,0.02199,0.0,0.0,0.0,,,,0.0,,,,0.0,,0.0565
2025-09-23 08:30:00,0.248167,-0.0595,0.0095,0.03,0.031,2.3e-05,0.3405,0.004667,-0.016,0.004333,1.4e-05,0.051667,0.025667,0.020167,2.6e-05,0.09912,0.101548,0.0,-0.9095,0.279333,-0.016833,19.651667,13.836667,0.022467,0.0,0.0,0.0,,,,0.0,,,,0.0,,0.0565
2025-09-23 09:00:00,0.323833,-0.088167,0.012333,0.026333,0.068,3.7e-05,0.5025,0.019667,-0.018167,0.006333,1.5e-05,0.062667,0.014,0.015167,1.9e-05,0.030508,0.079336,0.0,-1.0945,0.3005,0.016167,19.543333,13.901667,0.022277,0.0,0.0,0.0,,,,0.0,,,,0.0,,0.056833
2025-09-23 09:30:00,0.3995,-0.022667,0.0525,0.045667,0.046667,6.8e-05,0.544333,0.048167,0.0305,0.084833,2.8e-05,0.117,0.047167,0.05,4.7e-05,0.110224,0.16851,0.0,-1.158667,-0.095833,-0.001,20.656667,15.27,0.022385,0.0,0.0,0.0,,,,0.0,,,,0.0,,0.059333
2025-09-23 10:00:00,0.806333,-0.1615,0.091333,0.144,0.184333,0.000134,1.127167,0.047,-0.011,0.0345,0.0,0.227,0.065667,0.062167,6e-05,0.190387,0.217933,0.0,-1.437667,-0.605,-0.020667,21.303333,16.001667,0.02237,0.0,0.0,0.0,,,,0.0,,,,0.0,,0.0655
2025-09-23 10:30:00,0.9795,-0.3785,0.070333,0.072667,0.053667,0.000128,1.572833,0.0505,0.021333,0.124167,6.2e-05,0.219,0.073667,0.066833,8.5e-05,0.183755,0.2116,0.0,-1.258333,-0.067,0.033167,21.655,16.216667,0.02221,0.0,0.0,0.0,,,,0.0,,,,0.0,,0.067167
2025-09-23 11:00:00,0.611833,-0.088667,0.072667,0.054333,0.119833,0.0001,1.161667,0.0235,0.019,0.082,4.5e-05,0.155833,0.053333,0.045,6.7e-05,0.192575,0.266944,0.0,-1.227167,-0.378,-0.006667,21.911667,16.731667,0.021673,0.0,0.0,0.0,,,,0.0,,,,0.0,,0.07
2025-09-23 11:30:00,0.563667,-0.220667,0.050167,0.0505,0.063,6.2e-05,1.109167,0.025333,-0.071667,-0.064667,-2e-05,0.149167,0.041,0.025667,6.5e-05,0.140625,0.146817,0.0,-1.533667,0.914,0.033333,21.95,16.725,0.021263,0.0,0.0,0.0,,,,0.0,,,,0.0,,0.076
2025-09-23 12:00:00,0.520167,-0.292167,0.049333,-0.007833,-0.02,5.9e-05,1.387333,0.0485,0.202833,0.279833,5.1e-05,0.210167,0.063833,0.0595,5.7e-05,0.19966,0.225467,0.0,-0.8685,-1.208333,0.0195,22.218333,16.828333,0.022927,0.0,0.0,0.0,,,,0.0,,,,0.0,,
2025-09-23 12:30:00,0.837667,-0.0835,0.066,0.044333,0.056833,8.1e-05,1.0585,0.055,-0.0115,0.0395,2.3e-05,0.187,0.0315,0.028333,4.9e-05,0.087419,0.104006,0.0,-1.343333,-0.1435,-0.0115,22.095,16.77,0.021725,0.0,0.0,0.0,,,,0.0,,,,0.0,,
2025-09-23 13:00:00,0.6085,-0.028667,0.071667,0.009,0.001,5.7e-05,0.777333,0.040833,0.024333,0.0315,2.9e-05,0.179167,0.011833,0.009833,3.4e-05,0.020022,0.01886,0.0,-1.3985,-0.605333,-0.0425,22.028333,16.315,0.022158,0.0,0.0,0.0,,,,0.0,,,,0.0,,
2025-09-23 13:30:00,0.640333,-0.012833,0.0735,0.028333,0.035167,7.2e-05,0.9615,0.0425,0.050667,0.063,3.6e-05,0.222833,0.011833,0.011167,4e-05,0.018998,0.016857,0.0,-1.299833,-0.738833,-0.014667,21.861667,16.18,0.02229,0.0,0.0,0.0,,,,0.0,,,,0.0,,
2025-09-23 14:00:00,0.6705,-0.136,0.096333,0.026667,0.036333,6.7e-05,1.004333,0.026167,0.046,0.063,1.8e-05,0.229,0.019,0.017833,4e-05,0.026298,0.025814,0.0,-1.436167,-0.750667,-0.0285,21.893333,16.306667,0.022085,0.0,0.0,0.0,,,,0.0,,,,0.0,,
2025-09-23 14:30:00,0.509833,-0.0615,0.06,0.035167,0.0555,5.6e-05,0.697167,0.0335,0.013333,0.049,-8e-06,0.141333,0.015333,0.016833,3e-05,0.033856,0.051984,0.0,-1.257,-0.368667,-0.010333,22.105,16.775,0.022318,0.0,0.0,0.0,,,,0.0,,,,0.0,,
2025-09-23 15:00:00,1.013167,-0.0335,0.090667,0.053,0.1748,-0.00029,1.398833,0.064833,0.046333,0.0962,0.000223,0.258167,0.029667,0.0334,6.8e-05,0.104006,0.275835,1e-06,-1.594333,-0.487667,-0.0325,22.171667,17.236,0.020262,0.0,0.0,0.0,,,,0.0,,,,0.0,,
2025-09-23 15:30:00,0.2465,-0.019167,0.030333,-0.017833,-0.0085,0.00018,0.384,0.018833,0.003,0.036333,4.2e-05,0.0745,-0.006833,0.0005,4.2e-05,0.020164,0.063252,1e-06,-0.909333,-0.369333,-0.022167,20.106667,14.226667,0.00877,0.0,0.0,0.0,,,,0.0,,,,0.0,,
2025-09-23 16:00:00,0.1755,-0.033167,0.010167,-0.002833,0.006,7.5e-05,0.316833,0.024167,-0.000667,0.005833,-4.7e-05,0.057667,-0.002,0.000833,-7e-06,0.0036,0.007598,0.0,-0.619,-0.161333,-0.006,20.551667,14.743333,0.01068,0.0,0.0,0.0,,,,0.0,,,,0.0,,
2025-09-23 16:30:00,0.1635,0.037,0.022833,-0.017333,-0.014667,-3.3e-05,0.286167,0.002,-0.007167,-0.003167,-8e-06,0.051833,-0.010167,-0.007167,6e-06,0.021707,0.014161,0.0,-0.527167,-0.266167,-0.034333,20.595,14.628333,0.017685,0.0,0.0,0.0,,,,0.0,,,,0.0,,
2025-09-23 17:00:00,0.302667,-0.042167,0.0255,-0.015,0.007833,5.6e-05,0.453333,0.013,-0.001,0.012833,1.2e-05,0.078667,-0.006333,-0.000833,1.8e-05,0.012656,0.021953,0.0,-0.7735,-0.21,-0.013,20.966667,15.453333,0.02292,0.0,0.0,0.0,,,,0.0,,,,0.0,,
2025-09-23 17:30:00,0.5935,-0.155333,0.029,-0.032667,-0.022167,3.3e-05,0.4775,0.009667,-0.0055,0.001833,-1e-06,0.1085,-0.022833,-0.014167,1.1e-05,0.041074,0.026406,0.0,-1.215333,0.0405,0.016,20.83,15.036667,0.02237,0.0,0.0,0.0,,,,0.0,,,,0.0,,
2025-09-23 18:00:00,0.423167,-0.136667,0.017667,-0.060833,-0.055667,2.2e-05,0.316,0.015,0.02,0.009667,-6e-06,0.077167,-0.021333,-0.013667,7e-06,0.061587,0.041684,0.0,-0.8995,0.0315,-0.003667,19.956667,13.95,0.021673,0.0,0.0,0.0,,,,0.0,,,,0.0,,
2025-09-23 18:30:00,0.235,-0.036833,0.013667,-0.045667,-0.045,1.6e-05,0.269167,0.006167,0.0155,0.0085,-1.1e-05,0.0555,-0.019,-0.0115,4e-06,0.075717,0.053284,0.0,-0.634,-0.219,0.0015,19.24,13.22,0.021348,0.0,0.0,0.0,,,,0.0,,,,0.0,,
2025-09-23 19:00:00,0.256333,-0.074333,0.012667,-0.033833,-0.037833,1.2e-05,0.2985,0.015,0.0135,0.003167,-8e-06,0.058833,-0.015833,-0.0105,3e-06,0.068819,0.046656,0.0,-0.636833,-0.249833,-0.003167,18.873333,12.853333,0.021365,0.0,0.0,0.0,,,,0.0,,,,0.0,,
2025-09-23 19:30:00,0.274,-0.041833,0.006667,-0.015,-0.013333,4e-06,0.3795,0.017167,-0.002,-0.011333,-2e-06,0.077833,-0.019333,-0.012167,3e-06,0.053669,0.030567,0.0,-0.689667,-0.290167,0.0255,18.491667,12.493333,0.021242,0.0,0.0,0.0,,,,0.0,,,,0.0,,
2025-09-23 20:00:00,0.2865,-0.081333,0.014167,-0.026167,-0.022833,6e-06,0.392167,0.023,0.002833,-0.007333,-6e-06,0.080167,-0.022833,-0.0145,4e-06,0.063588,0.039336,0.0,-0.705,-0.083833,0.013833,18.248333,12.248333,0.021207,0.0,0.0,0.0,,,,0.0,,,,0.0,,
2025-09-23 20:30:00,0.299333,-0.133167,0.009667,-0.024833,-0.022833,6e-06,0.380667,0.030333,0.0015,-0.000333,-4e-06,0.0775,-0.024667,-0.0145,3e-06,0.062583,0.035094,0.0,-0.759,-0.109333,0.018167,17.95,11.948333,0.021155,0.0,0.0,0.0,,,,0.0,,,,0.0,,
2025-09-23 21:00:00,0.310167,-0.0715,0.0295,-0.0295,-0.022167,1e-05,0.542333,0.032,-0.001333,-0.0085,-6e-06,0.109167,-0.022333,-0.012833,4e-06,0.042987,0.023922,0.0,-0.926,-0.174167,-0.011167,17.776667,11.8,0.021005,0.0,0.0,0.0,,,,0.0,,,,0.0,,
2025-09-23 21:30:00,0.301,-0.084667,0.028,-0.035167,-0.035833,8e-06,0.363333,0.008833,0.007333,0.003,-7e-06,0.068833,-0.0165,-0.011167,2e-06,0.039734,0.021267,0.0,-0.705,-0.3105,0.014,17.291667,11.29,0.02096,0.0,0.0,0.0,,,,0.0,,,,0.0,,
2025-09-23 22:00:00,0.281167,-0.003833,0.044167,-0.046833,-0.043333,9e-06,0.299667,-0.0045,0.003,-0.000833,-6e-06,0.067,-0.016333,-0.011167,2e-06,0.041074,0.023511,0.0,-0.727167,-0.376167,-0.006167,16.833333,10.82,0.020832,0.0,0.0,0.0,,,,0.0,,,,0.0,,
2025-09-23 22:30:00,0.309167,-0.036333,0.0225,-0.043333,-0.0395,1.1e-05,0.322667,0.006167,-0.000333,-0.002667,-2e-06,0.082,-0.016667,-0.008667,2e-06,0.040334,0.021609,0.0,-0.8675,-0.2085,0.031667,16.575,10.583333,0.020558,0.0,0.0,0.0,,,,0.0,,,,0.0,,
2025-09-23 23:00:00,0.3525,-0.026167,0.0385,-0.047333,-0.044,9e-06,0.434,0.005333,-0.0005,-0.015333,-5e-06,0.103333,-0.018667,-0.013333,2e-06,0.044873,0.027667,0.0,-0.715,-0.376,-0.021,16.36,10.378333,0.020363,0.0,0.0,0.0,,,,0.0,,,,0.0,,
2025-09-23 23:30:00,0.235333,-0.037333,0.014,-0.032333,-0.030667,7e-06,0.3505,0.015,-0.01,-0.017333,-2e-06,0.069333,-0.0175,-0.011333,1e-06,0.053747,0.02907,0.0,-0.767667,-0.110833,0.029,16.171667,10.186667,0.020268,0.0,0.0,0.0,,,,0.0,,,,0.0,,
2025-09-24 00:00:00,0.350333,-0.0915,0.0155,-0.035833,-0.028333,9e-06,0.399333,0.014833,-0.002167,-0.009833,-2e-06,0.0845,-0.0155,-0.007333,3e-06,0.046297,0.023922,0.0,-1.018,-0.077333,0.017,16.173333,10.213333,0.020198,0.0,0.0,0.0,,,,0.0,,,,0.0,,
2025-09-24 00:30:00,0.417333,-0.133833,0.037167,-0.041333,-0.032,1e-05,0.4365,0.0105,0.005333,-0.005333,-2e-06,0.097667,-0.022333,-0.011833,4e-06,0.036354,0.017336,0.0,-1.248833,0.013167,0.032667,16.111667,10.151667,0.020152,0.0,0.0,0.0,,,,0.0,,,,0.0,,
2025-09-24 01:00:00,0.312833,-0.125167,0.022167,-0.043833,-0.036667,9e-06,0.471333,0.002,0.022667,0.012333,-6e-06,0.0785,-0.017167,-0.007333,2e-06,0.046944,0.024284,0.0,-0.9135,-0.108833,0.0165,15.845,9.865,0.020013,0.0,0.0,0.0,,,,0.0,,,,0.0,,
2025-09-24 01:30:00,0.353,-0.069833,0.038333,-0.037167,-0.027667,1.1e-05,0.468333,0.014,-0.007333,-0.013333,-0.0,0.108333,-0.02,-0.01,3e-06,0.036864,0.018496,0.0,-1.068667,-0.268,0.023167,15.566667,9.608333,0.019872,0.0,0.0,0.0,,,,0.0,,,,0.0,,
2025-09-24 02:00:00,0.2665,0.0205,0.0185,-0.029,-0.0295,7e-06,0.350167,0.018333,-0.0105,-0.018167,-1e-06,0.083,-0.016,-0.0075,2e-06,0.030976,0.017248,0.0,-0.832667,-0.336333,0.021333,15.293333,9.338333,0.019745,0.0,0.0,0.0,,,,0.0,,,,0.0,,
2025-09-24 02:30:00,0.347833,-0.066667,0.0485,-0.038167,-0.0295,8e-06,0.610667,0.0035,-0.006333,-0.0105,1e-06,0.114167,-0.019833,-0.011167,3e-06,0.030625,0.01452,0.0,-1.245667,-0.185167,0.006,15.095,9.163333,0.019575,0.0,0.0,0.0,,,,0.0,,,,0.0,,
2025-09-24 03:00:00,0.28,-0.077667,0.017333,-0.036167,-0.029833,3e-06,0.278,0.006,-0.008,-0.016167,-1e-06,0.066333,-0.015833,-0.008167,2e-06,0.047888,0.026841,0.0,-1.073667,0.1775,0.0355,14.851667,8.9,0.019398,0.0,0.0,0.0,,,,0.0,,,,0.0,,
2025-09-24 03:30:00,0.290667,-0.129667,0.024,-0.0415,-0.028833,7e-06,0.289167,0.006167,0.015833,0.0035,-5e-06,0.068,-0.0185,-0.0095,2e-06,0.046728,0.021953,0.0,-1.092833,0.111667,0.0265,14.691667,8.746667,0.01924,0.0,0.0,0.0,,,,0.0,,,,0.0,,
2025-09-24 04:00:00,0.265667,-0.103833,0.0145,-0.033,-0.024833,4e-06,0.235333,0.011,0.0045,0.001833,-2e-06,0.063333,-0.015333,-0.007833,1e-06,0.043611,0.01974,0.0,-1.023833,0.001167,0.031167,14.253333,8.32,0.01912,0.0,0.0,0.0,,,,0.0,,,,0.0,,
2025-09-24 04:30:00,0.282167,-0.048167,0.028167,-0.05,-0.039,7e-06,0.4135,0.022167,0.003,-0.007167,-6e-06,0.080833,-0.016833,-0.0105,0.0,0.048473,0.026515,0.0,-0.7745,-0.199667,0.016333,13.921667,8.002833,0.018968,0.0,0.0,0.0,,,,0.0,,,,0.0,,
2025-09-24 05:00:00,0.346,-0.097833,0.020667,-0.046333,-0.038667,8e-06,0.391833,0.023333,0.0,-0.004667,-4e-06,0.092333,-0.017667,-0.011,1e-06,0.035219,0.018541,0.0,-1.050333,-0.059833,0.020667,13.768333,7.856333,0.018858,0.0,0.0,0.0,,,,0.0,,,,0.0,,
2025-09-24 05:30:00,0.2895,-0.084667,0.020833,-0.034333,-0.024333,6e-06,0.432667,0.004667,-0.014333,-0.0235,-2e-06,0.080833,-0.0175,-0.0105,2e-06,0.038481,0.018632,0.0,-0.951167,-0.190333,0.043333,13.663333,7.763167,0.018757,0.0,0.0,0.0,,,,0.0,,,,0.0,,
2025-09-24 06:00:00,0.409333,-0.089333,0.041,-0.044333,-0.031833,9e-06,0.4965,0.0185,-0.0065,-0.007333,-2e-06,0.116667,-0.017167,-0.009333,2e-06,0.02739,0.012507,0.0,-1.145,-0.208833,0.017167,13.615,7.7515,0.018687,0.0,0.0,0.0,,,,0.0,,,,0.0,,
2025-09-24 06:30:00,0.465,-0.0625,0.055833,-0.023333,-0.010333,1e-05,0.6265,0.034167,-0.016167,-0.009833,2e-06,0.149833,-0.0175,-0.006833,6e-06,0.017689,0.005476,0.0,-1.501333,-0.112667,0.034833,13.835,8.103333,0.018752,0.0,0.0,0.0,,,,0.0,,,,0.0,,
2025-09-24 07:00:00,0.495167,-0.103833,0.035667,0.0025,0.02,1.8e-05,0.502,0.0335,-0.008833,0.007,1e-06,0.122333,-0.003,0.0045,8e-06,0.00801,0.006136,0.0,-1.518667,-0.034,0.006333,14.171667,8.615,0.018962,0.0,0.0,0.0,,,,0.0,,,,0.0,,
2025-09-24 07:30:00,0.441,-0.129167,0.045,0.026167,0.039833,2.8e-05,0.5485,0.014167,-0.003333,0.018333,-4e-06,0.111167,0.007833,0.0125,1.3e-05,0.016641,0.022102,0.0,-1.469833,-0.043167,0.0135,14.783333,9.316667,0.019208,0.0,0.0,0.0,,,,0.0,,,,0.0,,
2025-09-24 08:00:00,0.381667,-0.136167,0.034333,0.0325,0.032,3.2e-05,0.588167,0.0185,-0.025333,0.0015,0.0,0.086667,0.010833,0.013667,1.8e-05,0.029184,0.031035,0.0,-1.233667,0.123667,0.038667,15.765,10.128333,0.019453,0.0,0.0,0.0,,,,0.0,,,,0.0,,
2025-09-24 08:30:00,0.600667,-0.150833,0.0395,0.029667,0.051,4.6e-05,0.941833,0.024833,-0.058167,-0.096333,3e-06,0.136,0.017333,0.0165,3.6e-05,0.029527,0.055225,0.0,-1.604667,1.028167,0.023333,16.666667,11.286667,0.019527,0.0,0.0,0.0,,,,0.0,,,,0.0,,
2025-09-24 09:00:00,0.706167,-0.166833,0.052333,0.065833,0.1065,5.2e-05,1.085833,0.051667,-0.063167,-0.025,-9e-06,0.177,0.036333,0.038,4.1e-05,0.081605,0.1024,0.0,-1.6975,0.315167,-0.013833,17.575,12.3425,0.0196,0.0,0.0,0.0,,,,0.0,,,,0.0,,
2025-09-24 09:30:00,0.862,-0.2795,0.038333,0.073333,0.107,5.8e-05,1.222333,0.041833,-0.056,0.0815,1e-05,0.210833,0.035,0.034,3.6e-05,0.0841,0.126736,0.0,-2.085667,0.313333,-0.005,18.215,13.055,0.019658,0.0,0.0,0.0,,,,0.0,,,,0.0,,
2025-09-24 10:00:00,1.308167,-0.497167,0.093333,0.119167,,0.000129,2.153333,0.053167,-0.135167,,-2.7e-05,0.2855,0.040333,,5.1e-05,0.091708,,0.0,-2.414667,0.6855,0.015833,18.73,,0.019433,0.0,0.0,0.0,,,,0.0,,,,0.0,,
2025-09-24 10:30:00,1.2705,-0.389167,0.086,0.081,0.022,0.000102,1.7095,0.044667,-0.129167,-0.024,-2.3e-05,0.293333,0.031,0.016,5.9e-05,0.069344,0.029929,0.0,-2.481333,1.066667,0.043333,19.145,13.65,0.019117,0.0,0.0,0.0,,,,0.0,,,,0.0,,
2025-09-24 11:00:00,1.93,-0.954333,0.147,0.160667,,0.000179,3.304333,0.043,-0.2075,,-5.2e-05,0.407667,0.059,,8.4e-05,0.110667,,0.0,-2.806833,1.958833,0.043,19.52,,0.01905,0.0,0.0,0.0,,,,0.0,,,,0.0,,
2025-09-24 11:30:00,1.678167,-0.477833,0.155333,0.1145,0.249,0.000144,2.798333,0.038667,-0.1495,-0.2835,4e-05,0.415667,0.0535,0.045,8.4e-05,0.099645,0.157212,0.0,-3.1065,2.076833,0.024667,19.901667,14.955,0.018482,0.0,0.0,0.0,,,,0.0,,,,0.0,,
2025-09-24 12:00:00,1.646833,-0.653667,0.1065,0.1515,,0.000167,2.629167,0.018667,-0.178167,,-1.4e-05,0.347667,0.0465,,7.1e-05,0.09954,,0.0,-2.863167,1.491,0.049167,20.156667,,0.01839,0.0,0.0,0.0,,,,0.0,,,,0.0,,
2025-09-24 12:30:00,1.7205,-0.522667,0.109333,0.1585,,0.00017,2.425,0.0335,-0.091167,,5e-05,0.315667,0.058,,7.5e-05,0.135301,,0.0,-2.6935,0.990167,-0.021333,20.635,,0.018578,0.0,0.0,0.0,,,,0.0,,,,0.0,,
2025-09-24 13:00:00,1.901167,-0.4605,0.116167,0.101167,0.216,0.000184,2.059833,-0.018833,-0.136833,-0.386,9e-06,0.347667,0.038667,0.032,7.6e-05,0.067254,0.153664,0.0,-2.667,1.410333,0.047167,20.661667,15.9,0.017925,0.0,0.0,0.0,,,,0.0,,,,0.0,,
2025-09-24 13:30:00,1.402,-0.449667,0.078667,0.097667,0.134667,0.000128,2.535,0.0125,-0.124667,-0.150333,4.6e-05,0.3195,0.042667,0.024667,7.8e-05,0.084875,0.110224,0.0,-2.542667,1.5295,0.0325,21.043333,16.396667,0.018132,0.0,0.0,0.0,,,,0.0,,,,0.0,,
2025-09-24 14:00:00,0.895167,-0.346667,0.074167,0.043167,0.056667,0.000105,1.753333,0.019167,-0.116333,-0.1645,-5.1e-05,0.2495,0.012833,0.004333,6.9e-05,0.040401,0.054056,0.0,-2.118667,1.356167,0.035,21.308333,16.348333,0.0184,0.0,0.0,0.0,,,,0.0,,,,0.0,,
2025-09-24 14:30:00,1.4485,-0.362,0.082167,0.013667,0.014,0.000111,1.776,0.028667,-0.072,-0.08625,2e-06,0.317833,-0.002833,-0.00425,5.8e-05,0.018906,0.0225,0.0,-2.501167,1.527167,0.041333,21.156667,16.105,0.01817,0.0,0.0,0.0,,,,0.0,,,,0.0,,
2025-09-24 15:00:00,1.3675,-0.332667,0.0795,-0.006167,0.0124,8.3e-05,1.6395,0.042167,-0.056667,-0.0594,-1.1e-05,0.251333,-0.011333,-0.0158,5.4e-05,0.023973,0.033856,0.0,-2.449,1.106167,0.033333,21.165,16.082,0.017872,0.0,0.0,0.0,,,,0.0,,,,0.0,,
2025-09-24 15:30:00,1.394333,-0.3485,0.124167,0.004833,0.012,0.000138,2.481167,0.019333,-0.068167,-0.105,-4.5e-05,0.353833,-0.008333,0.001,7e-05,0.019834,0.0225,0.0,-2.590167,1.571,0.033167,21.216667,16.52,0.017347,0.0,0.0,0.0,,,,0.0,,,,0.0,,
2025-09-24 16:00:00,1.221167,-0.526333,0.0775,-0.026,0.007667,8.4e-05,1.68,0.006167,-0.0465,-0.087667,-4.7e-05,0.239833,-0.027167,-0.024167,4.3e-05,0.034782,0.040401,0.0,-2.083333,1.338333,0.021,20.993333,15.81,0.01723,0.0,0.0,0.0,,,,0.0,,,,0.0,,
2025-09-24 16:30:00,0.619167,-0.2185,0.0245,-0.063667,-0.061333,8.3e-05,0.635333,0.013333,-0.002,-0.000333,-2.2e-05,0.105833,-0.0205,-0.019,2.1e-05,0.058806,0.053438,0.0,-1.275167,0.3965,0.022,20.67,15.271667,0.017205,0.0,0.0,0.0,,,,0.0,,,,0.0,,
2025-09-24 17:00:00,0.239,-0.0815,0.018167,-0.0395,-0.037167,4.2e-05,0.289167,0.008333,0.008167,0.006333,-1.5e-05,0.058833,-0.020167,-0.018,1.6e-05,0.081987,0.077191,1e-06,-0.8625,0.015,0.012667,20.243333,14.698333,0.017285,0.0,0.0,0.0,,,,0.0,,,,0.0,,
2025-09-24 17:30:00,0.188667,-0.026,0.019167,-0.048833,-0.05,3.7e-05,0.306167,0.006167,0.011667,0.003333,-1.2e-05,0.053833,-0.018167,-0.017167,1.2e-05,0.114808,0.111667,0.0,-0.611167,-0.378167,0.009667,19.795,14.15,0.017212,0.0,0.0,0.0,,,,0.0,,,,0.0,,
2025-09-24 18:00:00,0.1205,0.002,0.0265,-0.020667,-0.022167,1e-05,0.1745,0.0035,0.004,0.001167,-8e-06,0.056,-0.019833,-0.018667,8e-06,0.058968,0.056327,0.0,-0.609833,-0.623,-0.027833,19.101667,13.376667,0.017927,0.0,0.0,0.0,,,,0.0,,,,0.0,,
2025-09-24 18:30:00,0.194833,0.0155,0.022833,-0.031167,-0.034667,1.5e-05,0.2645,0.018833,0.003667,-0.003167,-5e-06,0.050667,-0.013667,-0.012333,4e-06,0.044451,0.042436,0.0,-0.575167,-0.605333,-0.028333,18.661667,12.851667,0.01898,0.0,0.0,0.0,,,,0.0,,,,0.0,,
2025-09-24 19:00:00,0.154833,0.0345,0.027667,-0.036667,-0.041,1.8e-05,0.185,0.006167,-0.014667,-0.018667,1e-06,0.0525,-0.021333,-0.018333,7e-06,0.055932,0.053901,0.0,-0.585333,-0.562833,-0.0175,18.25,12.418333,0.0192,0.0,0.0,0.0,,,,0.0,,,,0.0,,
2025-09-24 19:30:00,0.159833,-0.022833,0.010333,-0.024,-0.027333,1.3e-05,0.209667,0.007,-0.005,-0.008,-0.0,0.063333,-0.018167,-0.015333,6e-06,0.0507,0.04644,0.0,-0.6445,-0.593,-0.051167,17.893333,12.065,0.019165,0.0,0.0,0.0,,,,0.0,,,,0.0,,
2025-09-24 20:00:00,0.1495,-0.002833,0.023333,-0.025833,-0.027833,1e-05,0.212,0.004167,0.006333,0.004667,-6e-06,0.055,-0.014333,-0.0115,5e-06,0.051529,0.04438,0.0,-0.582667,-0.561,-0.0355,17.515,11.69,0.019163,0.0,0.0,0.0,,,,0.0,,,,0.0,,
2025-09-24 20:30:00,0.143167,0.0245,0.0175,-0.022833,-0.023167,1e-05,0.2125,0.014,-0.008667,-0.014,2e-06,0.0565,-0.016833,-0.014,5e-06,0.043264,0.033124,0.0,-0.466333,-0.6655,-0.015667,17.181667,11.341667,0.01927,0.0,0.0,0.0,,,,0.0,,,,0.0,,
2025-09-24 21:00:00,0.2875,-0.059333,0.032333,-0.029333,-0.027,1.1e-05,0.400333,0.0085,0.005167,0.000667,-4e-06,0.091667,-0.022,-0.016833,9e-06,0.048767,0.03441,0.0,-0.648333,-0.667167,-0.0105,17.048333,11.218333,0.019332,0.0,0.0,0.0,,,,0.0,,,,0.0,,
2025-09-24 21:30:00,0.4075,-0.069667,0.022833,-0.034667,-0.031667,1.9e-05,0.582833,0.03,-0.011167,-0.0205,3e-06,0.118833,-0.021167,-0.0165,1e-05,0.051151,0.03796,0.0,-1.242,-0.2335,0.040667,17.256667,11.446667,0.019218,0.0,0.0,0.0,,,,0.0,,,,0.0,,
2025-09-24 22:00:00,0.3785,0.001667,0.068333,-0.043333,-0.042833,2.2e-05,0.659667,0.007833,-0.030667,-0.037333,1.2e-05,0.139667,-0.021,-0.017,1e-05,0.044591,0.038809,0.0,-1.388333,-0.328167,0.049667,17.366667,11.568333,0.019023,0.0,0.0,0.0,,,,0.0,,,,0.0,,
2025-09-24 22:30:00,0.468833,-0.007333,0.0625,-0.054833,-0.058667,2.8e-05,0.646,0.004833,-0.0095,-0.020167,0.0,0.1315,-0.0265,-0.023,1.2e-05,0.044591,0.038547,0.0,-1.385333,-0.329167,0.031,17.165,11.355,0.018987,0.0,0.0,0.0,,,,0.0,,,,0.0,,
2025-09-24 23:00:00,0.436833,-0.108667,0.022,-0.031333,-0.031167,1.2e-05,0.608333,0.037167,-0.014333,-0.018667,3e-06,0.125667,-0.023167,-0.019667,1e-05,0.044451,0.034287,0.0,-1.4485,0.025167,0.0265,16.99,11.173333,0.018983,0.0,0.0,0.0,,,,0.0,,,,0.0,,
2025-09-24 23:30:00,0.398,-0.089833,0.039167,-0.041667,-0.039,1.5e-05,0.602167,0.0085,0.000167,-0.0065,-2e-06,0.1205,-0.026333,-0.0215,1.1e-05,0.050027,0.039867,0.0,-1.199333,-0.175,0.044,16.838333,11.015,0.018952,0.0,0.0,0.0,,,,0.0,,,,0.0,,
2025-09-25 00:00:00,0.415333,-0.1035,0.048333,-0.0475,-0.044833,2.3e-05,0.457833,0.005667,-0.002167,-0.010833,-3e-06,0.123833,-0.022,-0.017833,8e-06,0.042436,0.031684,0.0,-1.278,-0.109667,0.0275,16.563333,10.741667,0.018933,0.0,0.0,0.0,,,,0.0,,,,0.0,,
2025-09-25 00:30:00,0.588833,-0.305667,0.016333,-0.039167,-0.0335,1.8e-05,0.737167,0.051167,0.011,0.000833,-6e-06,0.130667,-0.022167,-0.017167,1e-05,0.033367,0.023409,0.0,-1.646667,0.249,0.031,16.48,10.675,0.018805,0.0,0.0,0.0,,,,0.0,,,,0.0,,
2025-09-25 01:00:00,0.424833,-0.17,0.027167,-0.0205,-0.016167,1.1e-05,0.487,0.019333,-0.0015,-0.011333,-1e-06,0.134667,-0.021667,-0.0165,1e-05,0.034534,0.024025,0.0,-1.514333,0.219667,0.027667,16.333333,10.526667,0.018757,0.0,0.0,0.0,,,,0.0,,,,0.0,,
2025-09-25 01:30:00,0.3705,-0.114167,0.0275,-0.032,-0.03,1.4e-05,0.462667,0.016,0.000333,-0.007,-4e-06,0.0915,-0.017667,-0.013667,7e-06,0.039667,0.029013,0.0,-1.305167,0.026,0.024833,16.253333,10.441667,0.018693,0.0,0.0,0.0,,,,0.0,,,,0.0,,
2025-09-25 02:00:00,0.337,-0.1005,0.038833,-0.038333,-0.0335,2e-05,0.614,0.014833,0.022,0.016167,-1.4e-05,0.113333,-0.016,-0.010833,7e-06,0.034907,0.024077,0.0,-1.23,-0.354,0.025,16.068333,10.258333,0.018727,0.0,0.0,0.0,,,,0.0,,,,0.0,,
2025-09-25 02:30:00,0.348833,-0.030667,0.043833,-0.030833,-0.024167,1.4e-05,0.467,0.009333,-0.004333,-0.009667,1e-06,0.097833,-0.016833,-0.009667,7e-06,0.027501,0.014803,0.0,-1.224167,-0.240667,0.018833,15.708333,9.885,0.018795,0.0,0.0,0.0,,,,0.0,,,,0.0,,
2025-09-25 03:00:00,0.492,-0.006667,0.051667,-0.048667,-0.037,2.2e-05,0.637667,0.031,-0.000833,-0.009333,-1e-06,0.120667,-0.02,-0.0105,8e-06,0.029929,0.014722,0.0,-1.336667,-0.402333,0.019667,15.465,9.648333,0.018792,0.0,0.0,0.0,,,,0.0,,,,0.0,,
2025-09-25 03:30:00,0.466,-0.036333,0.042833,-0.031833,-0.022333,1.5e-05,0.5355,0.014833,0.000167,-0.007333,-2e-06,0.1205,-0.017,-0.007333,7e-06,0.020784,0.010336,0.0,-1.391,-0.1665,0.0245,15.308333,9.488333,0.018812,0.0,0.0,0.0,,,,0.0,,,,0.0,,
2025-09-25 04:00:00,0.699667,-0.063,0.0635,-0.0435,-0.038,2.1e-05,0.761333,0.027333,-0.002167,-0.012833,-0.0,0.1695,-0.0165,-0.007833,7e-06,0.018541,0.010201,0.0,-1.699333,-0.269333,-0.010333,15.125,9.303333,0.018828,0.0,0.0,0.0,,,,0.0,,,,0.0,,
2025-09-25 04:30:00,0.742,-0.189167,0.055667,-0.0375,-0.027,1.5e-05,0.971667,0.034,-0.007333,-0.014167,-0.0,0.167,-0.020833,-0.010833,8e-06,0.020832,0.010134,0.0,-1.717,0.146333,0.013667,14.853333,9.016667,0.018873,0.0,0.0,0.0,,,,0.0,,,,0.0,,
2025-09-25 05:00:00,0.5665,-0.144167,0.059667,-0.023,-0.0125,1.2e-05,0.776833,0.015167,0.009833,0.000667,-8e-06,0.1575,-0.015,-0.006,7e-06,0.013456,0.004784,0.0,-1.741833,0.009167,0.007333,14.805,8.97,0.018927,0.0,0.0,0.0,,,,0.0,,,,0.0,,
2025-09-25 05:30:00,0.501833,-0.137,0.044,-0.026667,-0.018667,1.1e-05,0.5175,0.008333,0.006333,-0.001,-4e-06,0.118333,-0.016,-0.006667,6e-06,0.018815,0.007744,0.0,-1.371167,0.021667,0.034167,14.781667,8.925,0.018942,0.0,0.0,0.0,,,,0.0,,,,0.0,,
2025-09-25 06:00:00,0.528167,-0.052833,0.052833,-0.032667,-0.025667,1.3e-05,0.752667,0.043167,-0.0135,-0.0185,5e-06,0.1595,-0.020333,-0.009833,6e-06,0.020977,0.009735,0.0,-1.558167,-0.196167,-0.002167,14.78,8.95,0.018888,0.0,0.0,0.0,,,,0.0,,,,0.0,,
2025-09-25 06:30:00,0.639833,-0.1725,0.076333,-0.0315,-0.019,2e-05,0.713167,0.022,0.008333,0.002333,-6e-06,0.157333,-0.016,-0.005167,9e-06,0.012731,0.004579,0.0,-1.709,-0.105667,0.031333,14.758333,8.961667,0.018912,0.0,0.0,0.0,,,,0.0,,,,0.0,,
2025-09-25 07:00:00,0.646,-0.0655,0.043333,-0.008333,0.0082,1.2e-05,1.174167,0.0625,-0.006167,-0.0028,1.2e-05,0.187333,-0.009167,0.0,1.1e-05,0.007685,0.003576,0.0,-1.883333,-0.218,0.017333,14.841667,9.158,0.018958,0.0,0.0,0.0,,,,0.0,,,,0.0,,
2025-09-25 07:30:00,1.010833,-0.419667,0.058333,0.083333,0.1145,5.5e-05,1.2275,0.0535,-0.069833,-0.054667,-1.5e-05,0.191333,0.019,0.020167,2.3e-05,0.034969,0.048327,0.0,-1.933667,0.3355,0.075667,15.615,10.281667,0.019225,0.0,0.0,0.0,,,,0.0,,,,0.0,,
2025-09-25 08:00:00,1.343333,-0.419667,0.075,0.100167,0.117,6.8e-05,1.621333,0.071,-0.0745,-0.0045,-2.5e-05,0.247167,0.023,0.031,2.4e-05,0.045369,0.08381,0.0,-2.452667,0.367333,0.014667,16.198333,11.065,0.019127,0.0,0.0,0.0,,,,0.0,,,,0.0,,
2025-09-25 08:30:00,1.080833,-0.0165,0.104333,0.0295,0.0295,5e-05,1.503667,0.083833,-0.018667,-0.028,1.1e-05,0.223833,0.012667,0.009,2.2e-05,0.019881,0.017689,0.0,-2.031667,0.180667,0.018833,16.591667,11.0125,0.019093,0.0,0.0,0.0,,,,0.0,,,,0.0,,
2025-09-25 09:00:00,1.251167,-0.379167,0.087,0.101333,,9.2e-05,1.5085,0.018167,-0.143167,,-2.8e-05,0.232667,0.0325,,3.9e-05,0.0901,,0.0,-2.306667,1.082,0.047333,17.37,,0.01919,0.0,0.0,0.0,,,,0.0,,,,0.0,,
2025-09-25 09:30:00,0.961333,-0.2345,0.077167,0.0555,0.084333,8.6e-05,1.032167,-0.001833,-0.065,-0.076,-1.8e-05,0.1615,0.0085,0.007167,2.8e-05,0.034907,0.059292,0.0,-1.803333,0.686167,0.03,17.923333,12.461667,0.01917,0.0,0.0,0.0,,,,0.0,,,,0.0,,
2025-09-25 10:00:00,1.093167,-0.365167,0.051333,0.077,0.06975,9.6e-05,1.427833,0.033833,-0.109667,-0.08675,-0.0,0.222667,0.034833,0.01925,5.3e-05,0.09333,0.068775,0.0,-2.0185,0.770833,0.042,18.878333,13.71,0.019123,0.0,0.0,0.0,,,,0.0,,,,0.0,,
2025-09-25 10:30:00,1.4305,-0.6775,0.055667,0.074333,0.097,8.5e-05,2.540833,0.026167,-0.192833,-0.2105,-5.2e-05,0.3055,0.020333,0.007,5.6e-05,0.056644,0.06225,0.0,-2.521,1.713667,0.013333,19.056667,13.545,0.018935,0.0,0.0,0.0,,,,0.0,,,,0.0,,
2025-09-25 11:00:00,1.3875,-0.4215,0.053,0.088833,0.087,0.000104,1.954667,0.027,-0.097667,-0.09,5.5e-05,0.255333,0.034,0.013,6.2e-05,0.078774,0.030976,0.0,-2.100833,0.970833,0.037167,19.605,14.42,0.019018,0.0,0.0,0.0,,,,0.0,,,,0.0,,
2025-09-25 11:30:00,1.893333,-0.610833,0.168333,0.0835,0.222,0.000161,2.426333,-0.006333,-0.128333,-0.293,-7.6e-05,0.399333,0.037333,0.004,7.9e-05,0.051908,0.084681,0.0,-2.970333,2.572833,0.063667,19.873333,14.39,0.018908,0.0,0.0,0.0,,,,0.0,,,,0.0,,
2025-09-25 12:00:00,2.177333,-0.79,0.1495,0.144667,,0.000189,3.339167,0.029333,-0.1405,,-2e-05,0.4235,0.0585,,9e-05,0.10934,,0.0,-2.781667,2.165,0.021,20.555,,0.018862,0.0,0.0,0.0,,,,0.0,,,,0.0,,
2025-09-25 12:30:00,2.017167,-0.390167,0.156333,0.099167,0.0365,0.000143,2.798333,0.050333,-0.184333,-0.1395,-3.2e-05,0.4165,0.034833,0.01,7.3e-05,0.07049,0.049952,0.0,-2.792667,1.787,0.033167,20.43,15.195,0.018625,0.0,0.0,0.0,,,,0.0,,,,0.0,,
2025-09-25 13:00:00,2.226833,-1.1275,0.116333,0.085667,,0.000134,3.461833,0.034833,-0.172333,,-5.7e-05,0.4015,0.0095,,6.4e-05,0.030917,,0.0,-2.996833,2.218333,0.0315,20.296667,,0.018593,0.0,0.0,0.0,,,,0.0,,,,0.0,,
2025-09-25 13:30:00,1.921833,-0.447833,0.088167,0.080667,,0.000165,2.024333,0.011333,-0.0885,,9e-06,0.3235,0.022167,,6.4e-05,0.041074,,0.0,-2.658667,1.331667,0.038667,20.541667,,0.018787,0.0,0.0,0.0,,,,0.0,,,,0.0,,
2025-09-25 14:00:00,2.188333,-1.0635,0.161833,0.145167,,0.000194,3.6135,0.004833,-0.229333,,-7.4e-05,0.451167,0.041,,8.8e-05,0.078493,,0.0,-3.070333,2.4405,0.083667,20.911667,,0.018343,0.0,0.0,0.0,,,,0.0,,,,0.0,,
2025-09-25 14:30:00,2.558667,-0.659667,0.214,0.002833,,0.00013,3.444667,-0.055833,-0.1015,,-9.5e-05,0.547333,-0.006167,,6.4e-05,0.022751,,0.0,-3.621833,3.282333,0.051667,20.35,,0.0182,0.0,0.0,0.0,,,,0.0,,,,0.0,,
2025-09-25 15:00:00,1.38,-0.106167,0.061833,-0.023667,-0.01925,0.000101,1.314,-0.043167,-0.021833,-0.0265,-4.9e-05,0.249833,-0.010833,-0.0105,4.5e-05,0.009933,0.134689,0.0,-2.505333,2.447,0.041,20.033333,14.4875,0.018293,0.0,0.0,0.0,,,,0.0,,,,0.0,,
2025-09-25 15:30:00,0.8,-0.101833,0.044833,-0.0245,-0.01925,3.5e-05,0.850667,-0.027,-0.012833,-0.01475,-5e-06,0.172333,-0.012167,-0.0105,3.2e-05,0.011736,0.012266,0.0,-1.837667,1.773833,0.034333,19.995,14.425,0.018363,0.0,0.0,0.0,,,,0.0,,,,0.0,,
2025-09-25 16:00:00,0.971167,-0.267,0.064333,-0.025833,-0.023,7.4e-05,1.625833,0.004333,-0.023,-0.02,-4.9e-05,0.230833,-0.015833,-0.012,3e-05,0.017424,0.015708,0.0,-2.202,1.410833,0.059167,20.083333,14.55,0.018122,0.0,0.0,0.0,,,,0.0,,,,0.0,,
2025-09-25 16:30:00,0.908333,-0.378833,0.0825,-0.029833,-0.0335,6.8e-05,1.507167,-0.010833,-0.009167,-0.002667,-4.6e-05,0.246333,-0.0205,-0.017833,2.8e-05,0.017424,0.013924,0.0,-2.2035,1.767333,0.056,19.858333,14.265,0.017862,0.0,0.0,0.0,,,,0.0,,,,0.0,,
2025-09-25 17:00:00,0.6125,-0.301667,0.0555,-0.044833,-0.050167,7.4e-05,1.038833,0.000167,0.0235,0.031667,-6.2e-05,0.137833,-0.018,-0.016,1.9e-05,0.023562,0.023003,0.0,-1.840167,1.555167,0.031833,19.72,14.128333,0.017355,0.0,0.0,0.0,,,,0.0,,,,0.0,,
2025-09-25 17:30:00,0.420833,-0.059667,0.027167,-0.046833,-0.049833,4.5e-05,0.334333,0.004,0.008,0.01,-1.3e-05,0.082833,-0.017667,-0.016167,1.7e-05,0.040804,0.03927,0.0,-1.447333,1.311833,0.0155,19.431667,13.815,0.01718,0.0,0.0,0.0,,,,0.0,,,,0.0,,
2025-09-25 18:00:00,1.718167,-0.412,0.097167,-0.070167,-0.069,8.1e-05,2.1725,0.016333,0.0015,0.01,-4.9e-05,0.333667,-0.027,-0.0205,2.6e-05,0.031152,0.03258,0.0,-2.547667,2.2585,0.04,19.198333,13.72,0.01712,0.0,0.0,0.0,,,,0.0,,,,0.0,,
2025-09-25 18:30:00,1.604667,-0.312,0.118,-0.098,-0.104,0.000187,1.800167,-0.061167,0.0605,0.10975,-0.000285,0.294,-0.044833,-0.03425,8e-05,0.082369,0.076868,3e-06,-2.383167,2.4705,0.033,18.271667,12.55,0.008883,0.0,0.0,0.0,,,,0.0,,,,0.0,,
2025-09-25 19:00:00,0.788667,-0.1535,0.033,-0.054667,-0.0865,-0.000241,1.041667,0.012333,0.037333,0.0955,7.6e-05,0.167833,-0.023,-0.019,5e-05,0.041684,0.05546,1e-06,-1.988,1.903667,0.044,18.475,12.85,0.016795,0.0,0.0,0.0,,,,0.0,,,,0.0,,
2025-09-25 19:30:00,0.579333,-0.1705,0.0415,-0.037,,3.6e-05,0.606,-0.012833,0.007333,,-1.6e-05,0.1345,-0.018667,,1.9e-05,0.029469,,0.0,-1.5845,1.080167,0.013833,18.488333,,0.017408,0.0,0.0,0.0,,,,0.0,,,,0.0,,
2025-09-25 20:00:00,0.747,-0.3055,0.0675,-0.048667,,5.2e-05,1.094333,-0.024167,0.043833,,-5.9e-05,0.1645,-0.020833,,2e-05,0.024806,,0.0,-1.8575,1.739333,0.043167,18.503333,,0.017368,0.0,0.0,0.0,,,,0.0,,,,0.0,,
2025-09-25 20:30:00,0.899,-0.345167,0.0605,-0.029667,,3.1e-05,1.579,-0.028,0.013333,,-3.5e-05,0.201167,-0.0215,,2.1e-05,0.021707,,0.0,-2.178833,1.891,0.0225,18.465,,0.017423,0.0,0.0,0.0,,,,0.0,,,,0.0,,
2025-09-25 21:00:00,1.5375,-0.3785,0.077167,-0.042667,,3.9e-05,2.1475,-0.019667,0.024833,,-4.3e-05,0.315,-0.024,,2.6e-05,0.01886,,0.0,-2.801,2.6215,0.046167,18.436667,,0.017543,0.0,0.0,0.0,,,,0.0,,,,0.0,,
2025-09-25 21:30:00,1.270333,-0.237333,0.064,-0.035167,,2.9e-05,1.233667,-0.032667,0.0125,,-1.8e-05,0.220667,-0.017833,,1.7e-05,0.018678,,0.0,-2.3955,2.319167,0.057833,18.251667,,0.017865,0.0,0.0,0.0,,,,0.0,,,,0.0,,
2025-09-25 22:00:00,0.875167,-0.187,0.063667,-0.050167,-0.0275,4.7e-05,0.931333,-0.0295,0.014833,0.008,-2.4e-05,0.157,-0.016667,-0.014,1.6e-05,0.020832,0.015252,0.0,-2.066333,2.038667,0.0655,18.191667,12.535,0.017827,0.0,0.0,0.0,,,,0.0,,,,0.0,,
2025-09-25 22:30:00,0.429333,-0.092,0.032167,-0.033,-0.0282,3.3e-05,0.4185,-0.000833,0.009,0.011,-1.8e-05,0.0835,-0.015833,-0.0124,1.4e-05,0.023409,0.019265,0.0,-1.4435,1.275,0.026667,18.011667,12.348,0.017865,0.0,0.0,0.0,,,,0.0,,,,0.0,,
2025-09-25 23:00:00,0.2525,-0.0485,0.0205,-0.042833,-0.045167,3.4e-05,0.297833,-0.002167,0.022,0.025833,-2.4e-05,0.058833,-0.015333,-0.014,1.1e-05,0.038025,0.034658,0.0,-1.083333,1.112833,0.022167,17.706667,12.051667,0.01791,0.0,0.0,0.0,,,,0.0,,,,0.0,,
2025-09-25 23:30:00,0.378833,-0.09,0.027333,-0.033333,-0.0362,2.7e-05,0.432,-0.007,0.005167,0.008,-9e-06,0.088667,-0.015333,-0.0126,1.2e-05,0.028336,0.028629,0.0,-1.414333,1.368167,0.034667,17.715,12.044,0.017785,0.0,0.0,0.0,,,,0.0,,,,0.0,,
2025-09-26 00:00:00,0.520667,-0.1905,0.0425,-0.036833,-0.02975,2.8e-05,0.608,-0.022667,0.014,0.021,-2e-05,0.117667,-0.0185,-0.01325,1.3e-05,0.023358,0.020953,0.0,-1.766333,1.411667,0.027333,17.72,12.04,0.017867,0.0,0.0,0.0,,,,0.0,,,,0.0,,
2025-09-26 00:30:00,0.362333,-0.094167,0.031,-0.024833,-0.0274,2.2e-05,0.379,0.008,0.0015,0.0036,-1.3e-05,0.090333,-0.0135,-0.0116,1.2e-05,0.0225,0.022023,0.0,-1.292167,1.065,0.042,17.568333,11.898,0.018042,0.0,0.0,0.0,,,,0.0,,,,0.0,,
2025-09-26 01:00:00,0.319667,-0.109667,0.025333,-0.024,-0.0255,2e-05,0.4545,0.002167,0.008,0.013667,-2e-05,0.0875,-0.0145,-0.013167,1.3e-05,0.023613,0.021511,0.0,-1.364333,1.170333,0.023167,17.456667,11.785,0.018098,0.0,0.0,0.0,,,,0.0,,,,0.0,,
2025-09-26 01:30:00,0.3445,-0.124,0.028167,-0.025167,-0.027333,2.4e-05,0.4565,0.004667,0.004167,0.009,-1.7e-05,0.080833,-0.011667,-0.010667,1.1e-05,0.020544,0.018405,0.0,-1.309667,0.804333,0.044667,17.305,11.615,0.018287,0.0,0.0,0.0,,,,0.0,,,,0.0,,
2025-09-26 02:00:00,0.164333,-0.042833,0.015,-0.0105,-0.012167,1.3e-05,0.174333,-0.005,-0.0065,-0.006667,-1e-06,0.038667,-0.005167,-0.004167,5e-06,0.016469,0.01424,0.0,-0.805,0.465667,0.03,17.105,11.395,0.018483,0.0,0.0,0.0,,,,0.0,,,,0.0,,
2025-09-26 02:30:00,0.169333,-0.087167,0.0045,-0.008333,-0.010667,2e-05,0.193667,0.004167,0.0025,0.004167,-1.2e-05,0.032333,-0.0045,-0.004,7e-06,0.012507,0.012027,0.0,-0.7055,0.140333,0.031333,16.918333,11.191667,0.018548,0.0,0.0,0.0,,,,0.0,,,,0.0,,
2025-09-26 03:00:00,0.227667,-0.082833,0.013167,-0.005667,-0.006167,1.4e-05,0.2375,0.0135,-0.004833,-0.006,2e-06,0.062833,-0.003833,-0.004167,7e-06,0.00598,0.004761,0.0,-1.211833,0.239,0.023167,16.665,10.95,0.018553,0.0,0.0,0.0,,,,0.0,,,,0.0,,
2025-09-26 03:30:00,0.245167,-0.1115,0.008833,-0.004833,-0.0055,1e-05,0.327667,0.014333,-0.008,-0.009833,7e-06,0.054,-0.004,-0.0035,8e-06,0.005725,0.004556,0.0,-1.153167,0.283,0.019,16.438333,10.708333,0.018722,0.0,0.0,0.0,,,,0.0,,,,0.0,,
2025-09-26 04:00:00,0.3175,-0.1545,0.028667,-0.009167,-0.008667,1.3e-05,0.5595,0.002167,-0.005167,-0.005833,-7e-06,0.092333,-0.008167,-0.005833,1e-05,0.007056,0.004624,0.0,-1.31,0.9335,0.020167,16.443333,10.693333,0.018963,0.0,0.0,0.0,,,,0.0,,,,0.0,,
2025-09-26 04:30:00,0.4015,-0.134667,0.025833,-0.0145,-0.013667,1.7e-05,0.627667,0.012667,0.000167,-0.002167,-1e-05,0.1185,-0.009667,-0.0055,1.1e-05,0.007627,0.004422,0.0,-1.452833,1.072833,0.062167,16.41,10.645,0.019153,0.0,0.0,0.0,,,,0.0,,,,0.0,,
2025-09-26 05:00:00,0.369,-0.141833,0.026833,-0.014,-0.010667,1.5e-05,0.474333,0.017,-0.0045,-0.005667,-5e-06,0.0855,-0.0085,-0.005167,8e-06,0.007773,0.00429,0.0,-1.480667,0.995833,0.018667,16.368333,10.591667,0.019238,0.0,0.0,0.0,,,,0.0,,,,0.0,,
2025-09-26 05:30:00,0.483167,-0.1295,0.041,-0.020333,-0.0115,1.8e-05,0.798333,0.002667,0.001333,-0.00225,-1.3e-05,0.1255,-0.009667,-0.00475,8e-06,0.010067,0.003906,0.0,-1.602,1.1725,0.048833,16.315,10.53,0.019315,0.0,0.0,0.0,,,,0.0,,,,0.0,,
2025-09-26 06:00:00,0.351833,-0.051,0.030833,-0.015167,-0.010333,1.2e-05,0.484,0.013333,-0.001667,-0.0045,-9e-06,0.088167,-0.009167,-0.004333,9e-06,0.008311,0.003461,0.0,-1.409833,1.1915,0.025167,16.235,10.448333,0.019403,0.0,0.0,0.0,,,,0.0,,,,0.0,,
2025-09-26 06:30:00,0.4195,-0.0575,0.022667,-0.014833,-0.01,2.1e-05,0.556,0.002,-0.0045,-0.01,-1.5e-05,0.080333,-0.004833,-0.001,1e-05,0.004556,0.00252,0.0,-1.3805,1.093333,0.0505,16.291667,10.5,0.019528,0.0,0.0,0.0,,,,0.0,,,,0.0,,
2025-09-26 07:00:00,0.330667,-0.066667,0.023,-0.005167,-0.006,2.7e-05,0.383833,-0.0015,-0.006,-0.008,-9e-06,0.0825,-0.002667,0.0,1.5e-05,0.002147,0.0025,0.0,-1.298667,1.0465,0.042833,16.448333,10.66,0.019705,0.0,0.0,0.0,,,,0.0,,,,0.0,,
2025-09-26 07:30:00,0.4465,-0.083833,0.022667,-0.005,0.003,2.3e-05,0.621,-0.009,-0.005667,-0.014,-2.4e-05,0.090833,-0.001833,-0.001,1.2e-05,0.001849,0.001936,0.0,-1.639,1.452167,0.020833,16.538333,10.76,0.01981,0.0,0.0,0.0,,,,0.0,,,,0.0,,
2025-09-26 08:00:00,0.342,-0.0925,0.030333,0.016167,-0.0045,3.3e-05,0.507333,0.004667,-0.024,-0.014,-1.6e-05,0.0805,0.007,0.001,1.7e-05,0.010268,0.003481,0.0,-1.359333,1.199667,0.010167,16.801667,10.87,0.020095,0.0,0.0,0.0,,,,0.0,,,,0.0,,
2025-09-26 08:30:00,0.623667,-0.053167,0.029833,0.044,,5.6e-05,0.541167,-0.034167,-0.051333,,-3.4e-05,0.102667,0.0245,,2.8e-05,0.045939,,0.0,-1.4905,1.561,0.046,17.57,,0.020552,0.0,0.0,0.0,,,,0.0,,,,0.0,,
2025-09-26 09:00:00,0.596,0.024833,0.022,0.026,0.0422,4.1e-05,0.596333,-0.037167,-0.037,-0.0322,-4.9e-05,0.115167,0.016333,0.0162,3e-05,0.019367,0.032616,0.0,-1.413667,2.009667,0.02,17.891667,12.29,0.020803,0.0,0.0,0.0,,,,0.0,,,,0.0,,
2025-09-26 09:30:00,0.511667,-0.092167,0.019167,0.022333,0.042333,5e-05,0.492833,-0.020667,-0.042,-0.046667,-6.2e-05,0.087667,0.013167,0.012833,2.9e-05,0.017205,0.031035,0.0,-1.133,1.626167,0.04,18.125,12.46,0.021108,0.0,0.0,0.0,,,,0.0,,,,0.0,,
2025-09-26 10:00:00,0.522667,0.0475,0.013167,0.020833,0.04625,3.6e-05,0.470333,-0.0195,-0.023167,-0.02625,-1.6e-05,0.085833,0.024667,0.0195,3.6e-05,0.050027,0.051756,0.0,-1.103667,1.712333,0.024,18.366667,12.7675,0.021253,0.0,0.0,0.0,,,,0.0,,,,0.0,,
2025-09-26 10:30:00,0.514833,0.067,-0.0015,0.002,-0.0005,1.3e-05,0.502333,-0.038667,-0.028,-0.04,-6.3e-05,0.082667,0.0115,0.012167,3.3e-05,0.011095,0.024964,0.0,-0.758833,1.7875,0.024667,18.636667,12.973333,0.021408,0.0,0.0,0.0,,,,0.0,,,,0.0,,
2025-09-26 11:00:00,0.784,0.016167,-0.016833,0.007167,0.027,2.5e-05,0.714167,-0.066,-0.0505,-0.0495,-0.000123,0.141167,0.017167,0.010167,4.5e-05,0.019044,0.040067,0.0,-0.555667,2.492333,0.053333,18.763333,13.175,0.021307,0.0,0.0,0.0,,,,0.0,,,,0.0,,
2025-09-26 11:30:00,0.664667,0.015,-0.008667,0.0095,0.037833,3.3e-05,0.76,-0.057333,-0.049167,-0.047667,-0.000101,0.134333,0.017167,0.013167,4.4e-05,0.01596,0.035721,0.0,-0.717333,2.548667,0.042667,18.705,13.111667,0.021268,0.0,0.0,0.0,,,,0.0,,,,0.0,,
2025-09-26 12:00:00,0.653667,0.086333,0.017167,0.0025,0.0405,3.6e-05,0.718333,-0.024667,-0.044167,-0.0265,-6.3e-05,0.141333,0.017667,0.01,3.9e-05,0.02064,0.031418,0.0,-0.9685,2.1315,0.0445,18.945,13.355,0.02138,0.0,0.0,0.0,,,,0.0,,,,0.0,,
2025-09-26 12:30:00,0.439,0.021,0.019833,0.011333,0.0448,6.2e-05,0.576,-0.017167,-0.0245,-0.0232,-2.1e-05,0.098,0.012167,0.0094,3.4e-05,0.0169,0.029584,0.0,-1.0235,1.717167,0.022667,19.165,13.502,0.021342,0.0,0.0,0.0,,,,0.0,,,,0.0,,
2025-09-26 13:00:00,0.448833,0.0205,0.016167,0.0065,0.028667,3.5e-05,0.404833,-0.032167,-0.032333,-0.051,-5.8e-05,0.0835,0.018167,0.008,4.8e-05,0.027445,0.060025,0.0,-0.642333,1.772333,0.0475,19.435,14.01,0.021557,0.0,0.0,0.0,,,,0.0,,,,0.0,,
2025-09-26 13:30:00,0.624333,-0.014833,0.011333,0.037167,0.1375,7.4e-05,0.606333,-0.027167,-0.076667,-0.0975,-9.7e-05,0.095,0.029167,0.0115,5.3e-05,0.07272,0.175142,0.0,-0.825833,2.091,0.011167,19.758333,14.62,0.021618,0.0,0.0,0.0,,,,0.0,,,,0.0,,
2025-09-26 14:00:00,0.5105,0.024667,-0.003167,0.019833,0.047,5.2e-05,0.596333,-0.042333,-0.050667,0.008667,-8.2e-05,0.0765,0.030333,-0.001333,5.5e-05,0.065365,0.223099,0.0,-0.4445,2.032,0.033667,19.968333,14.913333,0.021773,0.0,0.0,0.0,,,,0.0,,,,0.0,,
2025-09-26 14:30:00,0.560167,0.006167,0.000167,0.0085,0.008,5.1e-05,0.408833,-0.035833,-0.0295,-0.0224,-8.7e-05,0.078167,0.012,0.0024,4.8e-05,0.01424,0.043347,0.0,-0.343,2.173167,0.025667,20.118333,14.66,0.021762,0.0,0.0,0.0,,,,0.0,,,,0.0,,
2025-09-26 15:00:00,0.324333,0.027833,-0.004,0.0,0.039,1.6e-05,0.4895,-0.025833,-0.014667,0.0065,-8.2e-05,0.063833,0.003167,-0.002167,3.3e-05,0.004556,0.035031,0.0,-0.565333,1.688333,0.038667,20.151667,14.663333,0.0218,0.0,0.0,0.0,,,,0.0,,,,0.0,,
2025-09-26 15:30:00,0.307,0.047167,-0.000833,-0.0085,0.0298,1.6e-05,0.325,-0.015667,-0.011333,0.0338,-6.6e-05,0.048833,0.001167,-0.0082,2.8e-05,0.010167,0.090601,0.0,-0.425667,1.2685,0.011167,20.075,14.972,0.021923,0.0,0.0,0.0,,,,0.0,,,,0.0,,
2025-09-26 16:00:00,0.184167,0.012667,0.008833,0.011333,0.046833,4e-05,0.224167,-0.000167,-0.012667,-0.0185,-3.4e-05,0.0315,0.008,-0.009667,2.9e-05,0.015667,0.252171,0.0,-0.364833,1.119833,0.017167,20.351667,15.631667,0.022037,0.0,0.0,0.0,,,,0.0,,,,0.0,,
2025-09-26 16:30:00,0.32,-0.036833,0.020833,-0.015333,-0.0128,3e-05,0.36,-0.013333,-0.010833,-0.023,-1.8e-05,0.0695,-0.001667,-0.002,2.4e-05,0.009933,0.010363,0.0,-1.264333,1.161833,0.010333,20.618333,14.94,0.02192,0.0,0.0,0.0,,,,0.0,,,,0.0,,
2025-09-26 17:00:00,0.2095,-0.034,0.006,-0.012833,-0.0055,3e-05,0.145,-0.001,-0.003,-0.010167,-5e-06,0.0305,-0.005667,-0.003667,1.2e-05,0.011736,0.01037,0.0,-0.784833,0.9765,0.019667,20.44,14.661667,0.022063,0.0,0.0,0.0,,,,0.0,,,,0.0,,
2025-09-26 17:30:00,0.165,-0.032833,0.0065,-0.0115,-0.0105,2.3e-05,0.184667,-0.003333,-0.001333,-0.005,-3e-06,0.0425,-0.009,-0.0055,9e-06,0.01827,0.012619,0.0,-0.983833,0.906333,0.017667,20.358333,14.466667,0.0221,0.0,0.0,0.0,,,,0.0,,,,0.0,,
2025-09-26 18:00:00,0.370167,-0.053167,0.035,-0.035167,-0.031833,2.2e-05,0.444667,-0.009,0.012,0.008833,-8e-06,0.094333,-0.0185,-0.0105,9e-06,0.033611,0.01946,0.0,-1.455333,1.290833,0.0425,19.376667,13.421667,0.021917,0.0,0.0,0.0,,,,0.0,,,,0.0,,
2025-09-26 18:30:00,0.136333,0.0035,0.013333,-0.032333,-0.0295,4e-06,0.115667,-0.005667,0.005667,0.003833,-2e-06,0.0305,-0.011667,-0.0055,1e-06,0.077284,0.040737,0.0,-0.771667,0.79,0.0345,18.496667,12.456667,0.021763,0.0,0.0,0.0,,,,0.0,,,,0.0,,
2025-09-26 19:00:00,0.073833,-0.009,0.007167,-0.030833,-0.026167,5e-06,0.053,-0.000833,0.012167,0.011333,-2e-06,0.016167,-0.009,-0.005,1e-06,0.089501,0.052212,0.0,-0.515833,0.558,0.014167,17.833333,11.793333,0.021595,0.0,0.0,0.0,,,,0.0,,,,0.0,,
2025-09-26 19:30:00,0.136667,-0.02,0.0075,-0.029333,-0.0285,5e-06,0.1275,-0.005833,0.0055,0.007667,-0.0,0.031,-0.0115,-0.006333,2e-06,0.064178,0.031565,0.0,-0.682333,0.860833,0.0235,17.701667,11.695,0.02154,0.0,0.0,0.0,,,,0.0,,,,0.0,,
2025-09-26 20:00:00,0.056833,-0.013,0.002,-0.010333,-0.011667,2e-06,0.066833,-0.003167,0.003167,-0.000167,-1e-06,0.013667,-0.005333,-0.001333,0.0,0.060434,0.035847,0.0,-0.409,0.428833,0.026833,17.428333,11.333333,0.021433,0.0,0.0,0.0,,,,0.0,,,,0.0,,
2025-09-26 20:30:00,0.0655,-0.002167,0.0035,-0.031833,-0.03,1e-06,0.064667,0.002333,0.021833,0.017,2e-06,0.015833,-0.003833,0.000667,-0.0,0.161604,0.085849,0.0,-0.472,0.7945,0.043,16.73,10.641667,0.021253,0.0,0.0,0.0,,,,0.0,,,,0.0,,
2025-09-26 21:00:00,0.048833,-0.005167,0.004167,-0.010167,-0.011,0.0,0.065,0.003,0.013833,0.011667,-3e-06,0.014667,-0.009333,-0.004333,0.0,0.119255,0.064178,0.0,-0.372167,0.4065,0.017167,16.738333,10.66,0.021157,0.0,0.0,0.0,,,,0.0,,,,0.0,,
2025-09-26 21:30:00,0.034,-0.007333,0.001333,0.004,0.000833,-3e-06,0.063167,0.0025,-0.057,-0.0535,-2e-06,0.006333,-0.004833,-0.001,-1e-06,0.188501,0.109451,0.0,-0.1885,-0.062,0.018833,16.401667,10.331667,0.02116,0.0,0.0,0.0,,,,0.0,,,,0.0,,
2025-09-26 22:00:00,0.047833,0.002167,0.01,-0.015333,-0.009833,5e-06,0.098833,0.002,-0.0255,-0.025833,1e-06,0.026167,-0.010167,-0.005833,3e-06,0.051076,0.025547,0.0,-0.4215,-0.556667,0.000333,16.758333,10.756667,0.021295,0.0,0.0,0.0,,,,0.0,,,,0.0,,
2025-09-26 22:30:00,0.077167,-0.016667,0.008167,-0.022667,-0.0162,6e-06,0.121,0.003167,-0.005167,-0.0006,-1e-06,0.024833,-0.0065,-0.0014,1e-06,0.054678,0.026179,0.0,-0.4575,-0.370667,0.017167,16.85,10.84,0.021418,0.0,0.0,0.0,,,,0.0,,,,0.0,,
2025-09-26 23:00:00,0.07,0.001333,0.009333,-0.016167,-0.036667,7e-06,0.144667,0.005833,-0.0095,-0.003667,4e-06,0.027,-0.005,0.005333,3e-06,0.024911,0.896178,0.0,-0.4115,-0.574,0.006667,16.855,11.14,0.021525,0.0,0.0,0.0,,,,0.0,,,,0.0,,
2025-09-26 23:30:00,0.032167,0.001667,0.005,-0.007833,-0.002167,3e-06,0.047,0.003333,-0.0065,-0.005833,1e-06,0.013167,-0.005,-0.0015,1e-06,0.018315,0.00893,0.0,-0.292167,-0.583333,-0.016167,16.573333,10.535,0.021475,0.0,0.0,0.0,,,,0.0,,,,0.0,,
2025-09-27 00:00:00,0.05,0.009167,0.009,-0.014,-0.0035,5e-06,0.056167,0.006167,-0.008667,-0.0035,3e-06,0.017,-0.005,-0.00275,2e-06,0.02117,0.006241,0.0,-0.454167,-0.578167,-0.021833,16.403333,10.3875,0.021452,0.0,0.0,0.0,,,,0.0,,,,0.0,,
2025-09-27 00:30:00,0.1245,-0.048667,0.017167,-0.020833,-0.00975,1e-05,0.172167,0.001667,-0.000333,0.00375,2e-06,0.032333,-0.0055,-0.00125,3e-06,0.02418,0.006521,0.0,-0.549833,-0.289667,0.0155,16.605,10.54,0.021505,0.0,0.0,0.0,,,,0.0,,,,0.0,,
2025-09-27 01:00:00,0.127667,-0.043167,0.006667,-0.024833,-0.0192,1.1e-05,0.1085,0.004833,0.004,0.0018,-7e-06,0.030833,-0.006833,-0.0026,4e-06,0.020688,0.011025,0.0,-0.636167,0.345667,0.033667,16.918333,10.938,0.021472,0.0,0.0,0.0,,,,0.0,,,,0.0,,
2025-09-27 01:30:00,0.119,-0.042333,0.010167,-0.012,-0.006667,2.8e-05,0.164667,-0.000333,-0.003,-0.001333,-4e-06,0.037667,-0.0055,-0.001,8e-06,0.011307,0.004692,0.0,-0.809833,0.5385,0.023167,16.91,10.916667,0.020755,0.0,0.0,0.0,,,,0.0,,,,0.0,,
2025-09-27 02:00:00,0.139333,-0.063333,0.008,-0.0065,-0.0025,5.3e-05,0.141167,-0.003667,-0.000167,-0.003667,-0.000103,0.036,-0.002833,-0.000167,6e-06,0.00497,0.002225,2e-06,-0.846667,0.367833,0.012,16.855,10.84,0.014999,0.0,0.0,0.0,,,,0.0,,,,0.0,,
2025-09-27 02:30:00,0.085167,-0.019,0.0065,-0.006333,0.0005,-2e-06,0.103667,0.006333,-0.001333,-0.004667,-6e-05,0.021333,-0.003,-0.000333,8e-06,0.006058,0.002352,6e-06,-0.8225,0.272833,0.005,16.79,10.67,0.009602,0.0,0.0,0.0,,,,0.0,,,,0.0,,
2025-09-27 03:00:00,0.114667,-0.045333,0.009333,-0.006667,-0.000333,0.000127,0.126,0.004,-0.000333,-0.0035,-5.6e-05,0.023667,-0.0025,-0.000167,8e-06,0.004011,0.001003,1e-06,-0.8595,0.3085,0.006667,16.746667,10.64,0.006838,0.0,0.0,0.0,,,,0.0,,,,0.0,,
2025-09-27 03:30:00,0.1235,-0.038167,0.01,-0.004333,0.0,-1.4e-05,0.149667,0.000333,0.000333,-0.003333,1.6e-05,0.0325,-0.002167,0.000167,-0.0,0.00224,0.000469,0.0,-0.807,0.562,-0.005667,16.691667,10.591667,-5.9e-05,0.0,0.0,0.0,,,,0.0,,,,0.0,,
2025-09-27 04:00:00,0.086833,-0.027833,0.005167,-0.002,-0.0016,-3e-06,0.112,-0.003333,-0.001167,-0.0016,-3e-06,0.027,-0.0005,0.0004,2e-06,0.00207,0.0016,0.0,-0.785333,0.645167,0.0005,16.775,10.628,-0.000576,0.0,0.0,0.0,,,,0.0,,,,0.0,,
2025-09-27 04:30:00,0.103667,-0.0485,0.008167,0.000167,-0.032667,5e-06,0.131,-0.000833,-0.002,0.004,-3e-06,0.0235,-0.000167,-0.0105,1e-06,0.00201,0.131769,0.0,-0.668333,0.200667,-0.0315,16.925,10.776667,-0.001857,0.0,0.0,0.0,,,,0.0,,,,0.0,,
2025-09-27 05:00:00,0.132,-0.021167,0.01,-0.005167,-0.0022,1.8e-05,0.1605,0.002,-0.001333,-0.0018,-1.4e-05,0.025833,-0.001167,0.0002,0.0,0.002601,0.000686,0.0,-0.745333,0.701167,-0.0215,16.935,10.67,-0.001126,0.0,0.0,0.0,,,,0.0,,,,0.0,,
2025-09-27 05:30:00,0.077167,-0.0185,0.006833,-0.0035,-0.002,0.0,0.078333,-0.004333,0.001833,-0.000667,1.1e-05,0.018333,-0.001,0.0,-0.0,0.002704,0.000951,0.0,-0.671333,0.630333,-0.024333,16.88,10.636667,-0.000656,0.0,0.0,0.0,,,,0.0,,,,0.0,,
2025-09-27 06:00:00,0.057667,-0.021333,0.0015,-0.000333,-0.0005,-5e-06,0.076667,0.002667,-0.003333,-0.001833,4e-06,0.016167,-0.000667,-0.000333,2e-06,0.003782,0.001708,0.0,-0.427333,0.210333,-0.0305,16.935,10.681667,0.003324,0.0,0.0,0.0,,,,0.0,,,,0.0,,
2025-09-27 06:30:00,0.101,-0.020667,0.009833,0.001333,0.002167,1e-06,0.172,-0.004,-0.003667,-0.006667,1.2e-05,0.031333,0.001167,0.001833,1e-05,0.001457,0.001431,1e-06,-0.874667,0.682333,-0.016333,17.018333,10.796667,0.01063,0.0,0.0,0.0,,,,0.0,,,,0.0,,
2025-09-27 07:00:00,0.064333,-0.017667,0.000167,0.000167,0.003667,0.0,0.072333,-0.002333,-0.0035,-0.004833,-1.2e-05,0.014,0.003667,0.0035,-4e-06,0.004467,0.006834,0.0,-0.256,0.172667,-0.002,17.141667,11.0,0.018262,0.0,0.0,0.0,,,,0.0,,,,0.0,,
2025-09-27 07:30:00,0.091,-0.0065,0.005333,0.005,0.0035,5e-06,0.081667,0.0005,-0.0055,-0.005,0.0,0.017833,0.0065,0.005833,4e-06,0.010747,0.013187,0.0,-0.649667,0.401333,0.001833,17.32,11.28,0.021732,0.0,0.0,0.0,,,,0.0,,,,0.0,,
2025-09-27 08:00:00,0.203167,-0.020667,0.018,0.011833,0.009667,1e-05,0.249333,-0.004167,-0.0105,-0.011833,-4e-06,0.0495,0.010167,0.0095,7e-06,0.013263,0.01456,0.0,-1.129,0.978,0.012833,17.425,11.443333,0.021745,0.0,0.0,0.0,,,,0.0,,,,0.0,,
2025-09-27 08:30:00,0.209,-0.023,0.019833,0.02,0.0185,1.2e-05,0.206833,-0.010833,-0.0095,-0.0095,-4e-06,0.056167,0.014,0.011833,9e-06,0.019787,0.019881,0.0,-1.144,1.133333,0.021833,17.536667,11.64,0.021877,0.0,0.0,0.0,,,,0.0,,,,0.0,,
2025-09-27 09:00:00,0.309333,0.025,0.013333,0.014833,0.015833,1.2e-05,0.220833,-0.0115,-0.022833,-0.022833,-1.1e-05,0.051,0.014833,0.0125,1.3e-05,0.026244,0.029756,0.0,-0.584833,1.103833,0.061333,17.776667,11.87,0.022177,0.0,0.0,0.0,,,,0.0,,,,0.0,,
2025-09-27 09:30:00,0.326667,0.038833,0.0035,0.010667,0.008667,5e-06,0.2505,-0.016667,-0.013333,-0.011333,-1e-05,0.045667,0.009333,0.008,8e-06,0.010438,0.013885,0.0,-0.663,1.299,0.038833,17.856667,11.915,0.022087,0.0,0.0,0.0,,,,0.0,,,,0.0,,
2025-09-27 10:00:00,0.253167,0.032667,0.000167,0.009167,-0.017833,7e-06,0.229167,-0.009,-0.0135,-0.0285,-1.3e-05,0.038,0.017333,0.010833,1.3e-05,0.044944,0.05499,0.0,-0.005,1.187333,0.0055,18.161667,12.41,0.022392,0.0,0.0,0.0,,,,0.0,,,,0.0,,
2025-09-27 10:30:00,0.106833,0.014667,-0.009667,-0.0205,-0.029167,-1.4e-05,0.174167,-0.009833,-0.052,-0.055333,-4.5e-05,0.045833,0.058333,0.048667,4.4e-05,0.182471,0.191406,0.0,-0.008333,0.277333,0.0275,18.886667,13.463333,0.023045,0.0,0.0,0.0,,,,0.0,,,,0.0,,
2025-09-27 11:00:00,0.239167,-0.000667,-0.0015,0.027833,-0.018167,1.6e-05,0.247833,-0.001167,-0.048333,-0.068667,-3.2e-05,0.049833,0.056,0.051667,4.7e-05,0.250834,0.326803,0.0,0.097,0.5605,0.0135,19.773333,14.508333,0.023437,0.0,0.0,0.0,,,,0.0,,,,0.0,,
2025-09-27 11:30:00,0.273833,-0.072167,-0.012667,-0.014167,-0.064167,-3e-05,0.368167,-0.006,-0.017167,-0.002333,-2.7e-05,0.049333,0.0515,0.049833,4.7e-05,0.183612,0.229601,0.0,0.7165,0.723333,0.004667,20.356667,14.771667,0.023255,0.0,0.0,0.0,,,,0.0,,,,0.0,,
2025-09-27 12:00:00,0.429,0.028667,-0.003333,-0.014167,0.013667,-8e-06,0.391833,-0.017,-0.0585,-0.063833,-4.9e-05,0.060333,0.033167,0.017667,4.1e-05,0.11742,0.248336,0.0,-0.3915,1.4725,0.021833,20.73,15.375,0.02313,0.0,0.0,0.0,,,,0.0,,,,0.0,,
2025-09-27 12:30:00,0.274667,0.0175,-0.007833,0.0105,-0.004333,5e-06,0.3575,-0.016167,-0.020833,-0.022833,-5.5e-05,0.055,0.011833,0.011,3.4e-05,0.018952,0.041548,0.0,0.0375,1.622333,0.018,20.976667,15.223333,0.022845,0.0,0.0,0.0,,,,0.0,,,,0.0,,
2025-09-27 13:00:00,0.1835,-0.026333,-0.005167,0.005833,-0.003167,2.4e-05,0.219,-0.019167,-0.0105,-0.008333,-4.7e-05,0.036333,0.003167,0.003167,1.8e-05,0.005329,0.020069,0.0,-0.014833,1.389667,-0.001667,20.903333,15.085,0.022908,0.0,0.0,0.0,,,,0.0,,,,0.0,,
2025-09-27 13:30:00,0.420833,-0.008333,0.006667,0.008167,0.030833,3.4e-05,0.440167,-0.026667,-0.025333,-0.023333,-7.4e-05,0.075667,0.004333,0.0045,2.5e-05,0.007921,0.027889,0.0,-0.716833,1.793333,0.03,20.993333,15.17,0.023037,0.0,0.0,0.0,,,,0.0,,,,0.0,,
2025-09-27 14:00:00,0.318333,0.056,-0.002167,0.005833,0.010167,1.6e-05,0.353,-0.0275,-0.028167,-0.036,-5.9e-05,0.064833,0.011833,0.0125,3.1e-05,0.015918,0.036864,0.0,-0.395833,1.591,0.029833,21.14,15.411667,0.022925,0.0,0.0,0.0,,,,0.0,,,,0.0,,
2025-09-27 14:30:00,0.271,-0.013,-0.020333,-0.002333,-0.068,-7e-06,0.364,-0.011667,-0.041,-0.0445,-7.1e-05,0.060833,0.027667,0.0285,4.6e-05,0.059943,0.112337,0.0,0.7555,1.282,-0.003,21.58,16.036667,0.023293,0.0,0.0,0.0,,,,0.0,,,,0.0,,
2025-09-27 15:00:00,0.453333,0.036333,-0.006,-0.0015,-0.0,-2e-06,0.245,-0.017,-0.024833,-0.033,-5.1e-05,0.047333,0.017,0.007833,3.7e-05,0.02907,0.069432,0.0,-0.106,1.481667,0.020667,21.713333,16.16,0.023442,0.0,0.0,0.0,,,,0.0,,,,0.0,,
2025-09-27 15:30:00,0.401667,0.011333,0.0075,0.019,0.049,4.8e-05,0.343833,-0.024667,-0.031833,-0.055667,-5.9e-05,0.065833,0.016833,0.009,3.5e-05,0.028561,0.11189,0.0,-0.536667,1.573,0.034833,21.745,16.303333,0.023552,0.0,0.0,0.0,,,,0.0,,,,0.0,,
2025-09-27 16:00:00,0.117167,-0.019333,0.007,0.000667,0.005,1.6e-05,0.179167,-0.009833,-0.003333,-0.004833,-4.6e-05,0.034667,-0.001,0.001667,1.6e-05,0.00352,0.010712,0.0,-0.6485,1.133167,0.016833,21.515,15.606667,0.023345,0.0,0.0,0.0,,,,0.0,,,,0.0,,
2025-09-27 16:30:00,0.187667,-0.005,0.0105,-0.004167,-0.0035,1.9e-05,0.145333,-0.001833,-0.002333,-0.007667,-5e-06,0.029,-0.005167,-0.000667,7e-06,0.00893,0.006806,0.0,-0.806333,1.067833,0.014667,21.123333,15.1,0.023355,0.0,0.0,0.0,,,,0.0,,,,0.0,,
2025-09-27 17:00:00,0.104667,-0.013,0.007167,-0.013833,-0.011833,1.1e-05,0.082833,-0.003667,0.0035,0.001667,-5e-06,0.026167,-0.005667,-0.002,4e-06,0.013302,0.007627,0.0,-0.8345,0.894,0.015667,20.741667,14.635,0.02328,0.0,0.0,0.0,,,,0.0,,,,0.0,,
2025-09-27 17:30:00,0.054333,-0.013,0.001167,-0.013333,-0.008167,8e-06,0.043833,-0.003167,0.007,0.004167,-4e-06,0.014333,-0.002833,-0.000333,1e-06,0.021953,0.006806,0.0,-0.491,0.861167,0.020833,20.426667,14.286667,0.023308,0.0,0.0,0.0,,,,0.0,,,,0.0,,
2025-09-27 18:00:00,0.081,-0.015167,0.006333,-0.027167,-0.0215,6e-06,0.043,-0.002167,0.008333,0.006833,-2e-06,0.0135,-0.007,-0.003,1e-06,0.045298,0.0196,0.0,-0.501167,0.7815,0.015333,20.088333,13.9,0.023075,0.0,0.0,0.0,,,,0.0,,,,0.0,,
2025-09-27 18:30:00,0.053167,-0.010333,0.002,-0.0185,-0.014833,2e-06,0.034,-0.000833,0.002333,0.003,-0.0,0.0095,-0.004,-0.001,0.0,0.0361,0.013689,0.0,-0.388167,0.755333,0.011,19.786667,13.576667,0.022878,0.0,0.0,0.0,,,,0.0,,,,0.0,,
2025-09-27 19:00:00,0.059833,-0.015833,0.001167,-0.021167,-0.018,2e-06,0.049833,0.002333,0.012167,0.009833,-1e-06,0.013,-0.004,-0.001,0.0,0.041616,0.016598,0.0,-0.426667,0.73,0.029667,19.666667,13.453333,0.022812,0.0,0.0,0.0,,,,0.0,,,,0.0,,
2025-09-27 19:30:00,0.024667,-0.001667,0.001167,-0.009833,-0.006167,2e-06,0.023333,-0.000167,0.008333,0.004,-2e-06,0.004,-0.001167,0.000333,0.0,0.045867,0.015252,0.0,-0.174167,0.591833,0.012,19.431667,13.218333,0.022808,0.0,0.0,0.0,,,,0.0,,,,0.0,,
2025-09-27 20:00:00,0.038833,-0.002833,0.002833,-0.019167,-0.014,0.0,0.025333,-0.0005,0.004833,0.003,0.0,0.008833,-0.003333,-0.000833,-0.0,0.046944,0.0169,0.0,-0.333667,0.834333,0.020833,19.296667,13.008333,0.02237,0.0,0.0,0.0,,,,0.0,,,,0.0,,
2025-09-27 20:30:00,0.018,0.003667,0.001333,-0.010333,-0.006,1e-06,0.018667,0.000167,0.0075,0.004333,1e-06,0.004,-0.001833,0.000833,-0.0,0.078587,0.028392,0.0,-0.197,0.7525,0.031667,18.765,12.431667,0.021462,0.0,0.0,0.0,,,,0.0,,,,0.0,,
2025-09-27 21:00:00,0.017167,0.000667,0.001,-0.016333,-0.010333,4e-06,0.015667,-0.000667,-0.001333,0.000667,3e-06,0.002667,-0.002333,-0.000167,-1e-06,0.062667,0.01946,0.0,-0.301333,0.7,0.033167,18.085,11.74,0.017665,0.0,0.0,0.0,,,,0.0,,,,0.0,,
2025-09-27 21:30:00,0.035833,-0.019,-0.001333,-0.071833,-0.0555,5.7e-05,0.024333,0.000167,0.057667,0.049167,-4.9e-05,0.002,0.000667,0.0015,-6e-06,0.274925,0.189951,1e-06,-0.155833,0.454333,0.025667,17.028333,10.783333,0.012788,0.0,0.0,0.0,,,,0.0,,,,0.0,,
2025-09-27 22:00:00,0.012167,0.004167,0.0,-0.012,-0.0075,-3e-06,0.011167,-0.000333,-0.004167,-0.002333,1e-06,0.0025,-0.001833,0.0,-0.0,0.075076,0.026951,0.0,-0.4805,0.708333,0.034,17.678333,11.331667,0.003552,0.0,0.0,0.0,,,,0.0,,,,0.0,,
2025-09-27 22:30:00,0.027667,0.002667,0.000333,-0.044,-0.030167,2e-06,0.028833,-0.001333,0.014,0.009,-2e-06,0.0085,-0.006167,-0.001333,-2e-06,0.29757,0.146434,0.0,-0.5105,0.639667,0.0395,17.195,10.886667,0.004176,0.0,0.0,0.0,,,,0.0,,,,0.0,,
2025-09-27 23:00:00,0.033833,-0.004833,-0.000833,-0.077667,-0.0605,3e-06,0.020833,0.000333,0.029,0.0255,-6e-06,0.002667,0.0015,0.002667,-6e-06,0.249833,0.17375,0.0,0.096,0.176667,0.0195,16.028333,9.828333,0.002909,0.0,0.0,0.0,,,,0.0,,,,0.0,,
2025-09-27 23:30:00,0.02,-0.008667,-0.000167,-0.005333,-0.000667,3.7e-05,0.024667,0.000167,0.022833,0.018667,1e-05,0.002333,-0.0005,-0.0005,1.1e-05,0.174028,0.131285,1e-06,-0.0065,0.4265,0.024667,15.425,9.141667,0.002899,0.0,0.0,0.0,,,,0.0,,,,0.0,,
2025-09-28 00:00:00,0.0115,-0.006,-0.000333,-0.022,-0.013,-5e-05,0.032167,0.0005,0.045333,0.033333,2.7e-05,0.0015,0.001333,0.001667,6e-06,0.241572,0.163216,1e-06,0.063,0.321333,0.008833,14.736667,8.37,0.007437,0.0,0.0,0.0,,,,0.0,,,,0.0,,
2025-09-28 00:30:00,0.017,-0.004167,-0.000667,-0.047167,-0.042,-5e-06,0.025,0.0005,0.0535,0.0415,8.3e-05,0.001667,0.003,0.005167,1.3e-05,0.37536,0.2751,2e-06,-0.058,0.477333,0.0195,14.691667,8.368333,0.018745,0.0,0.0,0.0,,,,0.0,,,,0.0,,
2025-09-28 01:00:00,0.007167,-0.002333,-0.000167,-0.003333,0.0005,3e-06,0.008167,0.000333,0.001167,-0.000333,-1.6e-05,0.000333,0.0005,0.000833,1e-06,0.043472,0.037249,0.0,0.167833,0.203,0.007167,14.825,8.56,0.019822,0.0,0.0,0.0,,,,0.0,,,,0.0,,
2025-09-28 01:30:00,0.009333,0.0005,-0.000167,-0.023833,-0.013667,1.1e-05,0.008667,0.0,0.005667,0.005,1e-06,0.000667,0.001167,0.002167,3e-06,0.177522,0.112448,0.0,0.111,0.372833,-0.0075,14.476667,8.183833,0.018423,0.0,0.0,0.0,,,,0.0,,,,0.0,,
2025-09-28 02:00:00,0.005333,-0.001167,0.0,-0.002,0.000333,8e-06,0.0155,0.000333,0.002667,0.001333,-5e-06,0.000167,0.000167,0.0005,1e-06,0.021805,0.02444,0.0,0.252167,0.0885,-0.018,13.811667,7.6105,0.015895,0.0,0.0,0.0,,,,0.0,,,,0.0,,
2025-09-28 02:30:00,0.007,-0.004167,0.000167,-0.002167,-0.000333,1.4e-05,0.008333,0.000167,-0.001333,-0.001667,-6e-06,0.000833,-0.000333,0.000333,-0.0,0.031743,0.019553,0.0,-0.0435,0.162,-0.023833,13.541667,7.421667,0.012907,0.0,0.0,0.0,,,,0.0,,,,0.0,,
2025-09-28 03:00:00,0.0085,0.003167,0.000333,-0.006833,-0.0055,3.3e-05,0.021833,0.0005,-0.0015,-0.006,4.5e-05,0.001167,-0.000833,0.000833,3e-06,0.045369,0.024077,1e-06,-0.176167,0.593833,0.010167,13.795,7.315833,0.0148,0.0,0.0,0.0,,,,0.0,,,,0.0,,
2025-09-28 03:30:00,0.006833,-0.003167,0.0,-0.0095,-0.005333,3e-06,0.045667,0.000833,0.0375,0.032167,0.0,0.0015,-0.0015,0.0,7e-06,0.10912,0.055225,1e-06,-0.025167,0.699333,0.010667,13.571667,6.9625,0.028475,0.0,0.0,0.0,,,,0.0,,,,0.0,,
2025-09-28 04:00:00,0.007667,-0.002,-0.000333,0.004833,0.005167,-1e-05,0.006667,0.000167,-0.004167,-0.000333,-0.0,0.000833,-0.001333,0.000167,1e-06,0.08151,0.021658,0.0,0.213833,0.074667,-0.025333,13.38,6.813,0.031827,0.0,0.0,0.0,,,,0.0,,,,0.0,,
2025-09-28 04:30:00,0.019333,0.002167,-0.000167,-0.017833,-0.017167,5e-06,0.014667,-0.000167,-0.0125,-0.010167,-4e-06,0.0025,-0.000167,0.001833,3e-06,0.092315,0.058806,0.0,-0.295167,0.397667,-0.009833,13.945,7.2145,0.03285,0.0,0.0,0.0,,,,0.0,,,,0.0,,
2025-09-28 05:00:00,0.015167,0.005,-0.0005,-0.003333,-0.003667,1.3e-05,0.010333,-0.0005,-0.0025,-0.002833,9e-06,0.001667,-0.001167,0.000167,2e-06,0.04431,0.012432,0.0,-0.092333,0.579667,0.005,14.168333,7.4595,0.033605,0.0,0.0,0.0,,,,0.0,,,,0.0,,
2025-09-28 05:30:00,0.073833,-0.023333,0.006667,-0.060167,-0.030667,2.2e-05,0.055333,-0.0085,0.026,0.015,-3e-06,0.013333,-0.006333,-0.001833,0.0,0.119025,0.03216,0.0,-0.879833,0.797667,0.011667,14.451667,7.765333,0.034655,0.0,0.0,0.0,,,,0.0,,,,0.0,,
2025-09-28 06:00:00,0.021,-0.004333,0.0,-0.020833,-0.010167,-1.1e-05,0.014,-0.000667,0.003833,-0.001167,2e-06,0.0025,0.0,0.001333,5e-06,0.11594,0.021073,1e-06,0.0425,0.479,-0.005,13.691667,6.971667,0.027253,0.0,0.0,0.0,,,,0.0,,,,0.0,,
2025-09-28 06:30:00,0.005833,-0.001,0.000167,-0.0105,-0.004,1.3e-05,0.009833,-0.000333,0.003167,0.000833,1e-06,0.001,0.0,0.000833,2e-06,0.058242,0.0224,1e-06,0.0425,0.916333,-0.010833,13.715,7.060667,0.020155,0.0,0.0,0.0,,,,0.0,,,,0.0,,
2025-09-28 07:00:00,0.079167,0.100833,0.034167,-0.025667,-0.009,2.2e-05,0.183,0.057,-0.0055,0.004667,9e-06,0.023833,0.002333,0.003333,2e-06,0.22737,0.026569,0.0,0.091,0.414667,-0.019667,18.201667,8.2265,0.011555,0.0,0.0,0.0,,,,0.0,,,,0.0,,
2025-09-28 07:30:00,0.149,0.065833,0.067,-0.021333,0.002167,2.5e-05,0.351,0.041667,0.049833,-0.002833,-7e-06,0.0465,0.004,0.006,-3e-06,0.158139,0.017689,0.0,-0.4305,0.568667,0.016667,21.201667,9.851667,0.003415,0.0,0.0,0.0,,,,0.0,,,,0.0,,
2025-09-28 08:00:00,2.583167,-4.324,1.393333,-1.0455,-0.015,-4.9e-05,8.149333,-2.396167,1.891333,0.020333,7.9e-05,0.793833,-0.583833,0.004167,-2.1e-05,1.811267,0.041209,0.0,0.952,-1.3085,0.5985,21.651667,10.821667,-0.001746,0.0,0.0,0.0,,,,0.0,,,,0.0,,
2025-09-28 08:30:00,1.549,-2.404667,0.7295,-0.266,0.0565,0.000101,4.202667,-1.288167,0.2495,-0.100833,-0.000255,0.435,-0.047167,0.049833,0.000115,1.506347,0.157212,2e-06,0.8965,-0.076,0.181167,19.11,11.678333,0.014676,0.0,0.0,0.0,,,,0.0,,,,0.0,,
2025-09-28 09:00:00,0.452167,-0.5525,0.143333,0.001,-0.0755,-3.9e-05,1.1215,-0.288333,-0.057833,-0.005,-1.4e-05,0.128667,0.053333,0.04,3.7e-05,0.335048,0.148739,0.0,0.646167,0.962833,-0.035667,19.815,13.85,0.023408,0.0,0.0,0.0,,,,0.0,,,,0.0,,
2025-09-28 09:30:00,0.230167,-0.053,-0.013833,-0.020833,-0.091833,-2.6e-05,0.292333,-0.015167,-0.033667,-0.031667,-3.6e-05,0.042833,0.045167,0.044,4.6e-05,0.153925,0.2031,0.0,0.562,1.0105,0.003167,20.073333,14.675,0.023593,0.0,0.0,0.0,,,,0.0,,,,0.0,,
2025-09-28 10:00:00,0.249167,-0.048,-0.008,-0.010667,-0.057833,-1.9e-05,0.191333,-0.009333,-0.012167,-0.010167,2e-06,0.041333,0.0485,0.043,5.1e-05,0.185761,0.280547,0.0,0.409333,0.67,-0.004833,21.08,15.761667,0.023828,0.0,0.0,0.0,,,,0.0,,,,0.0,,
2025-09-28 10:30:00,0.2715,0.0025,-0.0075,0.011,0.011833,2e-06,0.289,-0.016833,-0.018833,-0.022667,-4e-06,0.045833,0.0445,0.0285,5.2e-05,0.181192,0.251669,0.0,-0.0485,1.169667,0.019,21.78,16.403333,0.02386,0.0,0.0,0.0,,,,0.0,,,,0.0,,
2025-09-28 11:00:00,0.388833,-0.014333,-0.014,0.000333,-0.070833,-2e-05,0.386833,-0.021667,0.001167,-0.008167,5e-06,0.050167,0.0465,0.0385,6.6e-05,0.18879,0.259081,0.0,0.446167,1.014,0.016833,22.37,17.073333,0.02378,0.0,0.0,0.0,,,,0.0,,,,0.0,,
2025-09-28 11:30:00,0.4555,-0.012667,-0.0215,-0.029167,-0.131667,-4.6e-05,0.5345,-0.021,-0.071333,-0.053833,-9.6e-05,0.065333,0.0545,0.039,7.6e-05,0.197432,0.270227,0.0,0.694333,1.462333,0.012167,22.721667,17.446667,0.02394,0.0,0.0,0.0,,,,0.0,,,,0.0,,
2025-09-28 12:00:00,0.502667,-0.102333,-0.011167,0.0275,-0.077833,4.4e-05,0.434167,-0.012167,-0.05,-0.104,-6.5e-05,0.0545,0.045333,0.023667,6.5e-05,0.179211,0.335627,0.0,0.059833,1.558,-0.027667,22.93,17.991667,0.023573,0.0,0.0,0.0,,,,0.0,,,,0.0,,
2025-09-28 12:30:00,0.407,-0.025167,-0.010833,0.009,-0.026167,-1.9e-05,0.361833,-0.011,-0.0105,0.0065,1e-06,0.049167,0.044833,0.029,7.1e-05,0.167554,0.299391,1e-06,0.193667,1.2575,0.021333,23.138333,18.028333,0.023513,0.0,0.0,0.0,,,,0.0,,,,0.0,,
2025-09-28 13:00:00,0.2665,-0.019333,-0.0165,-0.0105,-0.105,-1.6e-05,0.464,-0.020667,-0.019333,0.002167,-3.8e-05,0.056167,0.044667,0.032833,7.4e-05,0.156816,0.252004,0.0,0.603167,1.2595,-0.007333,23.373333,18.451667,0.023435,0.0,0.0,0.0,,,,0.0,,,,0.0,,
2025-09-28 13:30:00,0.187333,0.002833,-0.007833,-0.006667,-0.102333,-2.6e-05,0.157833,-0.011667,-0.0105,-0.028167,-6.5e-05,0.028167,0.012833,0.015,4.9e-05,0.039667,0.187922,0.0,0.443,0.772667,0.000667,23.236667,17.998333,0.023302,0.0,0.0,0.0,,,,0.0,,,,0.0,,
2025-09-28 14:00:00,0.401833,0.016833,-0.010167,-0.0195,-0.1365,-2.5e-05,0.293167,-0.018167,-0.0195,-0.008,-5.9e-05,0.041833,0.025833,0.020833,6.5e-05,0.100806,0.245355,0.0,0.412833,0.5785,-0.024833,23.518333,18.56,0.023285,0.0,0.0,0.0,,,,0.0,,,,0.0,,
2025-09-28 14:30:00,0.362833,-0.073,-0.0105,0.000333,-0.209,-1.4e-05,0.191,-0.0065,-0.011333,0.004833,-4e-06,0.032,0.016,0.012,5.5e-05,0.057121,0.299574,1e-06,0.6805,0.816333,-0.0055,23.715,18.878333,0.022708,0.0,0.0,0.0,,,,0.0,,,,0.0,,
2025-09-28 15:00:00,0.131667,0.0075,-0.011,-0.014667,-0.0425,-7.1e-05,0.130333,-0.006667,-0.003,-0.009333,-3.5e-05,0.0215,0.004,0.008,3.9e-05,0.038612,0.091506,0.0,0.86,0.433667,-0.004,23.77,18.401667,0.022812,0.0,0.0,0.0,,,,0.0,,,,0.0,,
2025-09-28 15:30:00,0.0195,0.0045,-0.000667,0.005333,0.002333,-1.6e-05,0.022333,-0.000167,0.003667,0.004167,-2.4e-05,0.0025,-0.000167,0.001167,1e-06,0.123904,0.143136,1e-06,0.048167,0.372167,0.0005,22.581667,16.82,0.023815,0.0,0.0,0.0,,,,0.0,,,,0.0,,
2025-09-28 16:00:00,0.016333,0.002,0.000167,-0.011167,-0.00225,1.1e-05,0.023167,-0.0005,-0.008167,-0.01275,1.1e-05,0.0025,0.000833,-0.006,4e-06,0.034596,0.334662,0.0,0.038667,0.045167,0.006667,22.353333,17.6325,0.025162,0.0,0.0,0.0,,,,0.0,,,,0.0,,
2025-09-28 16:30:00,0.0115,0.005333,-0.000333,-0.003833,-0.007167,-7e-06,0.0085,-0.000833,0.000167,0.0005,-3.4e-05,0.001333,0.000333,0.000333,9e-06,0.022952,0.119485,1e-06,0.081167,0.240167,0.004667,22.533333,17.293333,0.025775,0.0,0.0,0.0,,,,0.0,,,,0.0,,
2025-09-28 17:00:00,0.007333,0.002833,-0.000167,0.000667,-0.0,-4e-06,0.012333,-0.0005,0.004167,0.001833,-1.1e-05,0.000833,0.000167,0.001167,-1e-06,0.037507,0.045582,0.0,0.102167,0.1115,0.006333,21.166667,15.305,0.02446,0.0,0.0,0.0,,,,0.0,,,,0.0,,
2025-09-28 17:30:00,0.0045,0.0,-0.0005,0.000333,0.000833,1e-06,0.007333,0.000167,-0.006333,-0.007667,-2e-06,0.000833,-0.000167,-0.000333,-0.0,0.02444,0.024649,0.0,-0.008667,0.042333,0.012333,20.201667,13.915,0.02412,0.0,0.0,0.0,,,,0.0,,,,0.0,,
2025-09-28 18:00:00,0.005667,-0.003833,-0.000167,0.000167,0.000333,3e-06,0.007667,0.000333,-0.0015,0.000833,-2e-06,0.0,-0.000333,0.000167,-0.0,0.026406,0.013728,0.0,-0.057333,0.251167,0.023667,18.795,12.42,0.022753,0.0,0.0,0.0,,,,0.0,,,,0.0,,
2025-09-28 18:30:00,0.0055,-0.001833,0.0,0.005833,0.008833,-1e-06,0.002833,0.000167,0.001,-0.002667,-1e-06,0.0,-0.000333,0.0,0.0,0.043542,0.023922,0.0,0.077833,0.051,0.009333,17.85,11.48,0.019572,0.0,0.0,0.0,,,,0.0,,,,0.0,,
2025-09-28 19:00:00,0.018333,-0.006167,-0.000667,0.029833,0.023333,-1e-06,0.012,0.0005,-0.014167,-0.010167,4e-06,0.001,-0.0015,-0.0005,-0.0,0.111445,0.050475,0.0,0.0315,0.056167,0.018167,17.581667,11.198333,0.015088,0.0,0.0,0.0,,,,0.0,,,,0.0,,
2025-09-28 19:30:00,0.013333,-0.001833,0.000833,0.0175,0.0115,-4e-06,0.0165,0.0,0.008167,0.005833,-1.7e-05,0.001333,-0.000333,0.001333,-6e-06,0.107803,0.06225,0.0,-0.039833,0.2465,0.011833,17.098333,10.768333,0.009122,0.0,0.0,0.0,,,,0.0,,,,0.0,,
2025-09-28 20:00:00,0.0195,-0.0005,-0.0005,0.021167,,-1.7e-05,0.015,0.000667,0.011167,,1e-05,0.002167,-0.001667,,-1e-06,0.133956,,0.0,0.093,0.305833,0.005667,17.078333,,-0.000119,0.0,0.0,0.0,,,,0.0,,,,0.0,,
2025-09-28 20:30:00,0.043,-0.004167,0.000167,-0.007,,-2e-06,0.0695,0.0045,-0.014667,,4e-06,0.008,-0.004333,,-0.0,0.243049,,0.0,0.119333,-0.250167,-0.003833,16.756667,,-0.002146,0.0,0.0,0.0,,,,0.0,,,,0.0,,
2025-09-28 21:00:00,0.042833,-0.0065,0.002833,-0.016833,-0.0094,-9e-06,0.085,0.010833,-0.031167,-0.028,-9e-06,0.02,-0.015,-0.009,-1e-06,0.251168,0.157768,0.0,-0.1175,-0.119167,-0.002833,18.123333,11.566,-0.001659,0.0,0.0,0.0,,,,0.0,,,,0.0,,
2025-09-28 21:30:00,0.0685,-0.0015,0.0115,-0.015167,-0.011667,-6e-06,0.103,0.0115,-0.019833,-0.004667,-1.3e-05,0.039833,-0.015833,-0.005333,1.2e-05,0.060927,0.0223,1e-06,-0.301667,-0.551833,-0.019167,18.678333,12.243333,0.010664,0.0,0.0,0.0,,,,0.0,,,,0.0,,
2025-09-28 22:00:00,0.0695,-0.009,0.0085,-0.0135,-0.0085,-2e-06,0.112167,0.012333,-0.009,-0.008667,1e-05,0.037333,-0.0095,-0.005,-1e-06,0.045015,0.021267,0.0,-0.293333,-0.440833,-0.006333,18.341667,11.965,0.021015,0.0,0.0,0.0,,,,0.0,,,,0.0,,
2025-09-28 22:30:00,0.032,-0.006667,0.003667,-0.000667,-0.000333,1.1e-05,0.045833,0.004167,-0.032667,-0.025667,2e-06,0.009833,-0.003,-0.001,-2e-06,0.094249,0.050176,0.0,0.093833,-0.07,-0.0025,17.441667,11.121667,0.020195,0.0,0.0,0.0,,,,0.0,,,,0.0,,
2025-09-28 23:00:00,0.0295,-0.006833,0.001167,0.004833,0.008167,-1.3e-05,0.067667,0.0005,0.022833,0.017833,8e-06,0.003667,-0.001833,-0.0005,-1e-06,0.06477,0.041752,0.0,-0.028667,0.347167,0.002,16.283333,10.003333,0.018127,0.0,0.0,0.0,,,,0.0,,,,0.0,,
2025-09-28 23:30:00,0.055167,0.006667,0.008833,-0.024,-0.02125,4e-05,0.076667,0.012167,-0.052,-0.05,6.5e-05,0.027333,-0.010667,-0.006,4e-06,0.195364,0.124962,0.0,-0.2925,-0.291667,-0.025833,17.645,11.07,0.012498,0.0,0.0,0.0,,,,0.0,,,,0.0,,
2025-09-29 00:00:00,0.0345,-0.003667,0.001833,-0.0115,-0.008167,2e-05,0.054667,0.008,-0.038333,-0.033833,4.1e-05,0.017,-0.008,-0.004667,-3e-06,0.124256,0.063756,0.0,-0.2025,-0.028833,0.0045,17.513333,11.208333,0.015973,0.0,0.0,0.0,,,,0.0,,,,0.0,,
2025-09-29 00:30:00,0.034167,0.014167,0.0,0.009167,0.022333,1.8e-05,0.061833,0.001833,-0.0445,-0.0175,2.9e-05,0.0075,-0.004,-0.001333,-9e-06,0.293764,0.211753,1e-06,-0.032,0.215667,0.007333,16.611667,10.426667,0.010908,0.0,0.0,0.0,,,,0.0,,,,0.0,,
2025-09-29 01:00:00,0.008833,-0.004,-0.000333,-0.001333,0.000833,5e-06,0.0105,0.000333,-0.000167,-0.000833,-2e-06,0.000833,-0.0005,0.000167,-0.0,0.026678,0.023511,0.0,-0.024,0.482,0.0095,15.665,9.4,0.004039,0.0,0.0,0.0,,,,0.0,,,,0.0,,
2025-09-29 01:30:00,0.006167,0.001167,-0.000333,0.0015,0.004833,-3e-06,0.008,0.000333,0.0085,0.008333,-3e-06,0.0005,-0.000667,-0.000167,0.0,0.050925,0.039402,0.0,0.043167,0.253833,0.0015,15.12,8.846667,-0.001602,0.0,0.0,0.0,,,,0.0,,,,0.0,,
2025-09-29 02:00:00,0.005333,0.000167,0.000167,0.007667,0.008,0.0,0.005667,0.000167,0.001333,0.001167,1e-06,0.000667,0.0,0.000333,0.0,0.028674,0.027667,0.0,0.044667,-0.0285,-0.005,14.61,8.415,-0.002283,0.0,0.0,0.0,,,,0.0,,,,0.0,,
2025-09-29 02:30:00,0.005833,-0.003167,-0.000167,-0.001,0.001167,-5e-06,0.0145,0.0005,-0.002167,-0.0055,1.7e-05,0.0005,-0.0005,-0.0005,0.0,0.050625,0.047888,0.0,-0.016167,0.120667,-0.004167,14.846667,8.345,-0.000734,0.0,0.0,0.0,,,,0.0,,,,0.0,,
2025-09-29 03:00:00,0.012833,-0.000667,0.000167,0.016333,0.016667,2e-06,0.010833,0.000333,-0.015333,-0.013167,-2e-06,0.0015,0.001333,0.002167,1e-05,0.13286,0.109561,1e-06,0.103833,-0.243833,-0.022667,14.761667,8.366167,0.005691,0.0,0.0,0.0,,,,0.0,,,,0.0,,
2025-09-29 03:30:00,0.021833,-0.002833,0.001167,0.014167,0.014167,1e-05,0.015,0.0,0.0005,-0.000667,-4.3e-05,0.003333,0.000667,0.001333,7e-06,0.106929,0.069257,1e-06,0.305167,-0.148,-0.0145,15.995,9.326667,0.018558,0.0,0.0,0.0,,,,0.0,,,,0.0,,
2025-09-29 04:00:00,0.014667,0.003,0.000833,0.024167,0.0205,-8e-06,0.090833,-0.000833,0.007333,-0.008,-5e-06,0.002167,-0.000333,0.0,1e-06,0.258911,0.169881,0.0,-0.086667,0.232333,-0.0225,16.085,9.003333,0.01086,0.0,0.0,0.0,,,,0.0,,,,0.0,,
2025-09-29 04:30:00,0.037833,-0.010667,0.000167,0.0765,0.073667,3e-05,0.016333,0.0,-0.0245,-0.030333,-5.6e-05,0.002667,0.0,0.002167,9e-06,0.276851,0.213444,1e-06,0.024167,0.205167,-0.044333,16.135,8.69,0.011213,0.0,0.0,0.0,,,,0.0,,,,0.0,,
2025-09-29 05:00:00,0.0335,-0.017333,-0.000833,-0.0135,0.000667,-2.7e-05,0.018833,0.001333,0.020667,0.011333,1.2e-05,0.001,0.000167,0.001,1e-06,0.1089,0.071645,0.0,-0.137167,0.411,-0.039333,15.786667,8.106333,0.010182,0.0,0.0,0.0,,,,0.0,,,,0.0,,
2025-09-29 05:30:00,0.0525,-0.033833,0.000333,-0.0525,-0.0305,-2.3e-05,0.0405,0.000167,0.0405,0.023167,-7e-06,0.002,-0.001333,0.001167,3e-06,0.121917,0.091003,0.0,-0.027167,0.166333,-0.057167,15.476667,7.627167,0.010335,0.0,0.0,0.0,,,,0.0,,,,0.0,,
2025-09-29 06:00:00,0.158333,-0.2405,0.0755,-0.106667,-0.008167,3e-06,0.4155,-0.128167,0.1525,0.008,-1.7e-05,0.041667,-0.046667,0.000333,9e-06,0.37802,0.175003,0.0,0.281667,-0.046167,-0.0365,15.501667,7.534167,0.011252,0.0,0.0,0.0,,,,0.0,,,,0.0,,
2025-09-29 06:30:00,1.101667,-1.926167,0.602333,-0.414167,0.041667,0.000118,3.426333,-1.068,0.788167,-0.044833,-0.000199,0.3365,-0.254333,0.012833,7.4e-05,1.490027,0.175421,0.0,0.415,-0.487,0.1075,13.93,8.1025,0.01107,0.0,0.0,0.0,,,,0.0,,,,0.0,,
2025-09-29 07:00:00,0.0756,-0.106,0.0344,-0.0152,0.0086,4e-06,0.214,-0.0644,0.0246,-0.0264,-3.4e-05,0.0224,-0.0116,0.0076,1.1e-05,0.131044,0.076176,0.0,0.5368,-0.1652,0.048,16.776,9.675,0.006044,0.0,0.0,0.0,,,,0.0,,,,0.0,,
2025-09-29 07:30:00,1.6325,-0.345167,-0.330833,0.0565,0.000667,2e-06,0.478,-0.127,-0.018833,-0.015167,3.4e-05,0.179,-0.013167,0.008167,-1.9e-05,0.350859,0.019553,0.0,-0.0875,-0.448333,0.3735,23.475,11.168333,0.000348,0.0,0.0,0.0,,,,0.0,,,,0.0,,
2025-09-29 08:00:00,9.425,-1.1555,-2.416,2.62,0.001,-2.1e-05,1.5555,-0.3575,0.059,0.0185,2.6e-05,0.9605,-0.851,-0.0015,-6e-06,2.052056,0.045796,1e-06,0.1495,-1.632,0.3895,24.65,12.185,0.003213,0.0,0.0,0.0,,,,0.0,,,,0.0,,
2025-09-29 08:30:00,0.241,-0.1036,-0.004,-0.0004,0.013,1.5e-05,0.3092,-0.0374,0.0736,0.0526,5e-05,0.0702,0.0328,0.0174,3.5e-05,0.26153,0.059049,0.0,-0.3618,-0.6708,0.0322,26.3,14.963333,0.023618,0.0,0.0,0.0,,,,0.0,,,,0.0,,
2025-09-29 09:00:00,0.181667,-0.030667,0.020667,0.009833,0.019667,2.1e-05,0.3685,0.0345,0.065167,0.078833,3.2e-05,0.086167,0.021167,0.028167,3.7e-05,0.072271,0.055539,0.0,-0.415167,-1.092833,-0.041333,22.183333,15.548333,0.02397,0.0,0.0,0.0,,,,0.0,,,,0.0,,
2025-09-29 09:30:00,0.322333,-0.125,0.014,-0.024833,-0.0205,-4.7e-05,0.502333,0.03,0.073,0.1245,0.000102,0.097167,0.031,0.035,4.2e-05,0.078774,0.111,0.0,-0.123833,-1.224833,0.002833,21.833333,16.406667,0.024098,0.0,0.0,0.0,,,,0.0,,,,0.0,,
2025-09-29 10:00:00,0.192667,-0.071333,0.0045,-0.014833,-0.005,-1e-05,0.433333,0.019,0.0765,0.151,8.9e-05,0.064,0.033667,0.036,5.5e-05,0.1089,0.150803,0.0,-0.208167,-0.9235,-0.003333,22.558333,17.32,0.023147,0.0,0.0,0.0,,,,0.0,,,,0.0,,
2025-09-29 10:30:00,0.289,-0.053333,0.014167,0.043833,0.060333,6.5e-05,0.336667,0.020333,0.026167,0.0655,2.6e-05,0.081333,0.0515,0.043333,6.2e-05,0.15563,0.150415,0.0,-0.389,-0.666,0.0105,23.21,17.8,0.02339,0.0,0.0,0.0,,,,0.0,,,,0.0,,
2025-09-29 11:00:00,0.546,-0.031833,-0.0115,-0.020833,-0.025333,3.3e-05,0.564667,0.031,0.0055,0.064833,-5e-06,0.0945,0.04,0.0345,5.9e-05,0.120525,0.12508,0.0,0.163,-1.432167,-0.018333,23.53,18.206667,0.023042,0.0,0.0,0.0,,,,0.0,,,,0.0,,
2025-09-29 11:30:00,0.6075,-0.042833,-0.019333,0.009333,-0.005167,-1e-06,0.696667,0.059,0.092833,0.141333,0.000157,0.106,0.044333,0.041,7.2e-05,0.137641,0.125434,0.0,0.227167,-1.882333,0.009333,23.836667,18.576667,0.022307,0.0,0.0,0.0,,,,0.0,,,,0.0,,
2025-09-29 12:00:00,0.737,-0.116167,0.010667,-0.0425,-0.073167,-1.7e-05,0.740833,0.055333,0.059,0.1325,4.3e-05,0.1335,0.066667,0.058667,7.2e-05,0.208849,0.185761,0.0,0.1415,-1.779667,-0.030333,24.086667,19.051667,0.022305,0.0,0.0,0.0,,,,0.0,,,,0.0,,
2025-09-29 12:30:00,0.366333,-0.157333,0.015833,-0.02,-0.005667,1.8e-05,0.699333,0.028667,0.049667,0.0995,6.1e-05,0.099333,0.023833,0.017667,4.4e-05,0.10595,0.157477,0.0,-0.254167,-1.373667,0.011333,23.876667,18.476667,0.022897,0.0,0.0,0.0,,,,0.0,,,,0.0,,
2025-09-29 13:00:00,0.399,-0.119333,0.038833,0.025167,0.0525,4.5e-05,0.828667,0.051167,0.104,0.202167,7.1e-05,0.154,0.061833,0.056167,6.3e-05,0.203551,0.365219,0.0,-0.6515,-1.091167,0.0005,24.035,19.038333,0.023448,0.0,0.0,0.0,,,,0.0,,,,0.0,,
2025-09-29 13:30:00,0.307833,-0.128167,0.039333,0.000667,-0.0025,2.4e-05,0.530667,0.028333,0.0055,0.0495,0.0,0.135333,0.004,0.006667,3.4e-05,0.024128,0.039072,0.0,-0.467833,-1.1075,-0.036667,23.58,17.938333,0.023698,0.0,0.0,0.0,,,,0.0,,,,0.0,,
2025-09-29 14:00:00,0.27,-0.0085,0.015833,0.0065,0.022833,5e-06,0.443,0.0425,0.007167,0.029833,3.1e-05,0.0985,0.011167,0.015667,3.3e-05,0.041006,0.071289,0.0,-0.144667,-1.313667,-0.003167,23.376667,17.856667,0.023822,0.0,0.0,0.0,,,,0.0,,,,0.0,,
2025-09-29 14:30:00,0.4765,-0.032667,0.009833,-0.012167,0.004667,-3.1e-05,0.560167,0.057167,0.0095,0.031333,7.5e-05,0.116167,0.006333,0.005833,4.1e-05,0.055696,0.077562,0.0,0.128,-1.836667,0.002167,23.626667,17.966667,0.023962,0.0,0.0,0.0,,,,0.0,,,,0.0,,
2025-09-29 15:00:00,0.301167,0.000167,0.009167,-0.005,-0.002167,-4e-06,0.360333,0.0185,-0.009167,-0.004667,3.4e-05,0.086833,-0.011667,-0.008167,1.9e-05,0.013572,0.010438,0.0,0.124333,-1.711167,-0.005333,23.1,17.21,0.024173,0.0,0.0,0.0,,,,0.0,,,,0.0,,
2025-09-29 15:30:00,0.421,-0.1105,0.0095,-0.003333,0.0015,-1.2e-05,0.583167,0.043,-0.0075,0.000333,2.8e-05,0.122,-0.011667,-0.0085,2e-05,0.008836,0.006162,0.0,-0.015167,-1.901,-0.0045,22.873333,16.988333,0.024012,0.0,0.0,0.0,,,,0.0,,,,0.0,,
2025-09-29 16:00:00,0.4225,-0.1965,0.013667,-0.025333,-0.0186,-1e-05,0.740667,0.059667,0.032,0.0462,6e-05,0.129833,-0.004,-0.004,2.4e-05,0.01037,0.011707,0.0,-0.329167,-1.278,0.024833,22.876667,17.132,0.023822,0.0,0.0,0.0,,,,0.0,,,,0.0,,
2025-09-29 16:30:00,0.452,-0.095667,0.008833,-0.023167,-0.013833,-2.3e-05,0.5435,0.056333,-0.002,0.012333,5.4e-05,0.121333,-0.018667,-0.014667,2.6e-05,0.023716,0.02346,0.0,0.142333,-1.999,0.014,22.306667,16.691667,0.022528,0.0,0.0,0.0,,,,0.0,,,,0.0,,
2025-09-29 17:00:00,0.246,0.007833,0.001667,-0.018833,-0.013333,3e-06,0.388667,0.032,-0.039,-0.030667,3e-05,0.081833,-0.0245,-0.0195,1.3e-05,0.051605,0.041412,0.0,0.0835,-1.95,-0.013167,21.776667,16.043333,0.02237,0.0,0.0,0.0,,,,0.0,,,,0.0,,
2025-09-29 17:30:00,0.176167,-0.010167,0.004333,0.0065,0.0085,-6e-06,0.225,0.019,-0.0475,-0.043333,1.5e-05,0.046333,-0.020167,-0.014667,6e-06,0.079618,0.055303,0.0,0.071,-1.549,-0.010333,21.263333,15.255,0.022727,0.0,0.0,0.0,,,,0.0,,,,0.0,,
2025-09-29 18:00:00,0.0895,-0.007667,0.002833,-0.003,0.003667,-3e-06,0.107333,0.009,-0.023,-0.0205,5e-06,0.0225,-0.013167,-0.008333,1e-06,0.1024,0.058322,0.0,0.1285,-1.1295,-0.000833,20.546667,14.466667,0.022783,0.0,0.0,0.0,,,,0.0,,,,0.0,,
2025-09-29 18:30:00,0.120333,0.0035,-0.001,0.0485,-0.044333,-1e-06,0.085,0.008,-0.0545,-0.003333,3e-06,0.018833,-0.016667,-0.026,0.0,0.212521,1.817104,0.0,0.318,-0.799667,0.010667,19.748333,14.453333,0.022808,0.0,0.0,0.0,,,,0.0,,,,0.0,,
2025-09-29 19:00:00,0.064167,-0.002333,-0.000667,0.038167,,-1e-06,0.078833,0.003667,-0.032833,,5e-06,0.009833,-0.006,,0.0,0.22976,,0.0,0.242,-0.254833,0.002,18.608333,,0.022615,0.0,0.0,0.0,,,,0.0,,,,0.0,,
2025-09-29 19:30:00,0.0235,0.000667,-0.000167,0.009667,0.0122,-5e-06,0.022,-0.000333,0.014333,0.0126,5e-06,0.001333,-0.0015,-0.0012,-1e-06,0.045867,0.035419,0.0,0.150833,0.053167,0.009833,16.953333,10.64,0.021203,0.0,0.0,0.0,,,,0.0,,,,0.0,,
2025-09-29 20:00:00,0.015333,0.002833,-0.000667,0.000833,0.0025,5e-06,0.009667,0.000167,0.0035,0.0025,-2e-06,0.001167,-0.000333,-0.000167,-1e-06,0.026028,0.017424,0.0,0.0705,-0.1245,0.0095,16.48,10.345,0.01914,0.0,0.0,0.0,,,,0.0,,,,0.0,,
2025-09-29 20:30:00,0.012667,0.003167,0.000333,0.0005,0.000167,-0.0,0.0135,0.0005,0.004167,0.002333,-2e-06,0.001,-0.001167,-0.000333,-2e-06,0.04431,0.0227,0.0,-0.103667,0.1665,0.0165,16.538333,10.243333,0.014742,0.0,0.0,0.0,,,,0.0,,,,0.0,,
2025-09-29 21:00:00,0.0095,-0.002333,0.0,0.0015,-0.000667,-3e-06,0.010667,0.000167,0.017333,0.014,0.0,0.000333,-0.001,-0.0005,-1e-06,0.06068,0.036163,0.0,0.0055,0.201667,0.024333,16.336667,10.12,0.009942,0.0,0.0,0.0,,,,0.0,,,,0.0,,
2025-09-29 21:30:00,0.010333,0.001333,-0.000833,-0.000167,0.002,4e-06,0.009667,-0.000333,0.0075,0.005667,3e-06,0.000667,-0.000167,0.000167,-2e-06,0.036928,0.028336,0.0,0.031833,0.007333,0.011,15.793333,9.548333,0.007124,0.0,0.0,0.0,,,,0.0,,,,0.0,,
2025-09-29 22:00:00,0.013,0.001833,-0.000333,0.006833,0.007333,1.1e-05,0.004333,-0.000167,0.002833,0.003,-1e-06,0.0005,0.001,0.001,-2e-06,0.0625,0.051378,0.0,0.2215,-0.079333,0.009333,15.881667,9.636667,0.003708,0.0,0.0,0.0,,,,0.0,,,,0.0,,
2025-09-29 22:30:00,0.007167,0.0035,0.0,0.0,,-2e-06,0.004167,0.0,0.001333,,-1e-06,0.000833,0.000333,,-0.0,0.03252,,0.0,0.099333,-0.062,0.014667,15.966667,,0.00184,0.0,0.0,0.0,,,,0.0,,,,0.0,,
2025-09-29 23:00:00,0.004667,0.0005,-0.000167,0.003667,0.004667,-5e-06,0.003,-0.000167,-0.001667,-0.001333,-0.0,0.0,0.0,0.0,-1e-06,0.015625,0.012619,0.0,0.147333,-0.199,0.013167,15.936667,9.643333,-0.000414,0.0,0.0,0.0,,,,0.0,,,,0.0,,
2025-09-29 23:30:00,0.005667,-0.001833,0.0,-0.000667,-0.00125,-1e-06,0.002333,0.0,0.002167,0.002,0.0,0.000167,-0.000333,0.00025,0.0,0.013187,0.0256,0.0,0.105167,-0.072833,0.0135,15.705,9.095,-0.00227,0.0,0.0,0.0,,,,0.0,,,,0.0,,
2025-09-30 00:00:00,0.014,0.000833,0.001,0.021667,0.020833,2.2e-05,0.011,0.000333,0.005,0.000833,-5e-06,0.000333,0.001333,0.0015,3e-06,0.054289,0.042573,0.0,0.168667,-0.101667,0.015333,15.143333,8.841667,-0.000679,0.0,0.0,0.0,,,,0.0,,,,0.0,,
2025-09-30 00:30:00,0.1125,-0.1555,0.050833,-0.0075,0.0098,9.7e-05,0.278,-0.084667,0.057667,-0.0084,4e-06,0.028833,-0.014333,0.0008,1.8e-05,0.30784,0.067081,1e-06,0.268,-0.201,0.013833,15.383333,8.614,0.00811,0.0,0.0,0.0,,,,0.0,,,,0.0,,
2025-09-30 01:00:00,3.1614,-5.6306,1.7724,-0.531,0.08725,-2e-05,10.0782,-3.1716,0.9756,-0.13775,5.6e-05,0.999,-0.3102,0.0445,-2e-05,1.623076,0.062375,0.0,0.6478,-1.0732,0.378,16.94,8.4325,0.009169,0.0,0.0,0.0,,,,0.0,,,,0.0,,
2025-09-30 01:30:00,9.63,-16.97,5.298,-1.173,-0.129,-0.000266,29.96,-9.35,2.122,0.212,0.000424,2.922,-0.668,-0.065,-0.000127,4.687225,0.008724,0.0,0.09,0.344,0.014,16.07,8.848,0.004894,0.0,0.0,0.0,,,,0.0,,,,0.0,,
2025-09-30 02:00:00,0.0095,-0.006,0.001833,0.000833,0.000333,2e-06,0.0225,-0.003,0.004167,0.001333,-2e-06,0.001833,0.0005,0.000167,0.0,0.03355,0.0057,0.0,-0.2005,0.238333,-0.034167,18.395,9.015,0.002459,0.0,0.0,0.0,,,,0.0,,,,0.0,,
2025-09-30 02:30:00,0.202,-0.3558,0.1144,-0.0022,-0.0002,-3e-06,0.6374,-0.2042,0.0024,-0.002,3e-06,0.066,-0.0002,0.0004,-1e-06,0.052349,0.00364,0.0,-0.1362,0.4096,-0.0092,18.254,9.073333,0.001177,0.0,0.0,0.0,,,,0.0,,,,0.0,,
2025-09-30 03:00:00,0.2214,-0.3734,0.1172,0.032,0.0142,8e-06,0.6668,-0.2072,-0.05,-0.0058,-1e-06,0.0658,0.018,0.0022,1e-06,0.09697,0.018632,0.0,0.1168,-0.1364,0.0584,18.73,9.08,0.00121,0.0,0.0,0.0,,,,0.0,,,,0.0,,
2025-09-30 03:30:00,0.573333,-0.979667,0.312833,0.134,0.0325,1.4e-05,1.793167,-0.560667,-0.179833,-0.023833,-7e-06,0.1825,0.059333,0.012833,6e-06,0.719952,0.177522,0.0,0.308833,0.128833,-0.003167,20.378333,9.445,0.001696,0.0,0.0,0.0,,,,0.0,,,,0.0,,
2025-09-30 04:00:00,0.236167,-0.378167,0.124333,0.085333,0.023667,-1.4e-05,0.72,-0.224167,-0.1805,-0.089667,1.1e-05,0.079833,0.055667,0.03,-4e-06,0.132132,0.114921,0.0,0.269833,-0.859833,0.238,21.226667,10.373333,0.00085,0.0,0.0,0.0,,,,0.0,,,,0.0,,
2025-09-30 04:30:00,0.3895,-0.646,0.212,-0.0365,-0.008833,6e-06,1.182167,-0.365167,0.036167,0.003833,-2e-06,0.1275,-0.022167,-0.005333,2e-06,0.216225,0.00555,0.0,0.267667,-1.147,0.222167,22.01,10.583333,-0.000951,0.0,0.0,0.0,,,,0.0,,,,0.0,,
2025-09-30 05:00:00,1.6226,-2.8338,0.8896,-0.664,0.0008,-7e-06,5.0668,-1.5722,1.1498,-0.018,9e-06,0.5016,-0.3552,0.0044,-2e-06,1.069983,0.020354,0.0,0.2794,-0.7328,0.1442,21.628,10.536667,-0.002012,0.0,0.0,0.0,,,,0.0,,,,0.0,,
2025-09-30 05:30:00,1.638,-2.817,0.905,-0.57,0.018,-4e-06,4.919,-1.561,0.964,-0.038,7e-06,0.505,-0.313,0.008,-2e-06,0.564001,0.015129,0.0,0.847,-0.785,0.211,20.9,10.525,-0.002218,0.0,0.0,0.0,,,,0.0,,,,0.0,,
2025-09-30 06:00:00,,,,,,,,,,,,,,,,,0.022751,0.0,,,,,10.953333,-0.002216,0.0,0.0,0.0,,,,0.0,,,,0.0,,
2025-09-30 06:30:00,0.037833,-0.0115,0.002167,-0.002667,-0.003167,-0.0,0.0495,0.0015,-0.0045,-0.001,0.0,0.016167,-0.002333,-0.001333,-0.0,0.035973,0.00528,0.0,-0.310167,-0.126333,-0.052833,21.146667,11.315,-0.002267,0.0,0.0,0.0,,,,0.0,,,,0.0,,
2025-09-30 07:00:00,0.036,-0.0225,0.0045,-0.003833,-0.003833,-0.0,0.062833,-0.001833,-0.0115,-0.002,-0.0,0.012167,-0.0025,-0.001333,0.0,0.048694,0.0064,0.0,-0.275167,-0.127167,-0.055,21.346667,11.44,-0.001926,0.0,0.0,0.0,,,,0.0,,,,0.0,,
2025-09-30 07:30:00,0.1665,-0.193667,0.069333,-0.058,-0.008667,-3e-06,0.403,-0.104833,0.095,0.021,-1.1e-05,0.049,-0.031333,-0.002833,1e-06,0.119831,0.023155,0.0,0.104833,-0.479833,0.116,21.461667,12.096667,0.000578,0.0,0.0,0.0,,,,0.0,,,,0.0,,
2025-09-30 08:00:00,0.0855,-0.044667,0.013333,-0.006833,-0.006333,-2e-06,0.147333,-0.001833,0.013333,0.030833,2.4e-05,0.0355,0.006833,0.011333,-7e-06,0.060844,0.03783,1e-06,-0.492833,-0.314333,-0.073667,22.856667,13.611667,0.018525,0.0,0.0,0.0,,,,0.0,,,,0.0,,
2025-09-30 08:30:00,0.211167,-0.084833,0.025167,0.025167,0.028667,1.8e-05,0.249667,-0.011167,0.001167,0.0455,1.7e-05,0.047167,0.023333,0.02,1.5e-05,0.076452,0.088605,0.0,-0.663167,-0.167333,-0.038833,23.066667,14.871667,0.0252,0.0,0.0,0.0,,,,0.0,,,,0.0,,
2025-09-30 09:00:00,0.197833,-0.118,0.016667,0.014833,0.013167,3e-05,0.369,0.004333,0.030833,0.075,-2.4e-05,0.060667,0.043167,0.032167,3.1e-05,0.138012,0.120525,0.0,-0.441333,-0.418667,0.001167,22.276667,15.73,0.025718,0.0,0.0,0.0,,,,0.0,,,,0.0,,
2025-09-30 09:30:00,0.3105,-0.059167,0.045833,0.034667,0.058,2.6e-05,0.407667,-0.0085,0.0115,0.0235,-1.9e-05,0.100667,0.046,0.041167,2.7e-05,0.120409,0.124962,0.0,-0.913333,-0.513,-0.017833,21.318333,15.811667,0.02531,0.0,0.0,0.0,,,,0.0,,,,0.0,,
2025-09-30 10:00:00,0.442167,-0.122333,0.031333,0.088333,0.1465,8.8e-05,0.600667,0.018667,0.042167,0.10275,4.4e-05,0.093833,0.052833,0.0325,3.9e-05,0.174863,0.263682,0.0,-0.713667,-0.513333,0.005,21.818333,16.565,0.02509,0.0,0.0,0.0,,,,0.0,,,,0.0,,
2025-09-30 10:30:00,0.395667,-0.220833,0.011,0.098,0.084,5.2e-05,0.691667,0.011833,-0.068667,0.008167,-4e-05,0.1065,0.070167,0.063833,4.4e-05,0.295573,0.254352,0.0,-1.100333,-0.221167,-0.003167,22.32,17.08,0.024417,0.0,0.0,0.0,,,,0.0,,,,0.0,,
2025-09-30 11:00:00,0.332833,-0.044,0.032667,0.062,0.061,4.4e-05,0.558667,0.024333,-0.029,0.006667,1.1e-05,0.088167,0.0725,0.0575,4.5e-05,0.263853,0.312295,0.0,-1.052667,0.3185,-0.0045,22.491667,17.298333,0.024097,0.0,0.0,0.0,,,,0.0,,,,0.0,,
2025-09-30 11:30:00,0.229333,-0.0865,0.018167,0.007333,-0.005333,3.3e-05,0.364667,0.014667,0.018333,0.041833,0.0,0.051,0.011667,0.009833,1.5e-05,0.027556,0.03822,0.0,-0.527667,-0.450833,-0.009833,22.335,16.501667,0.024475,0.0,0.0,0.0,,,,0.0,,,,0.0,,
2025-09-30 12:00:00,0.434833,-0.037333,0.033833,0.048833,0.093667,4.5e-05,0.5685,0.024,0.005333,0.0125,3.2e-05,0.071667,0.065167,0.053333,3.7e-05,0.286225,0.2916,0.0,-0.976,0.2755,0.007,22.72,17.853333,0.02438,0.0,0.0,0.0,,,,0.0,,,,0.0,,
2025-09-30 12:30:00,0.410833,-0.217167,0.022,0.012667,-0.003167,2.9e-05,0.556333,0.009333,-0.023667,0.014667,-3.3e-05,0.08,0.044667,0.036833,3e-05,0.159334,0.136038,0.0,-0.7945,-0.2055,0.019333,23.066667,17.5,0.023948,0.0,0.0,0.0,,,,0.0,,,,0.0,,
2025-09-30 13:00:00,0.122333,-0.015167,0.0055,-0.008667,0.011833,-2e-06,0.2125,0.0225,0.015667,0.036,1.5e-05,0.049833,0.0365,0.0265,3.2e-05,0.125788,0.19316,0.0,-0.493833,-0.1625,0.015833,22.863333,17.756667,0.023887,0.0,0.0,0.0,,,,0.0,,,,0.0,,
2025-09-30 13:30:00,0.388333,-0.049667,0.011667,0.0425,0.1225,3.6e-05,0.501,0.010333,-0.001167,0.104167,6e-06,0.0775,0.056667,0.038833,5.1e-05,0.180342,0.340861,0.0,-0.489667,-0.691,0.029333,23.52,18.561667,0.022978,0.0,0.0,0.0,,,,0.0,,,,0.0,,
2025-09-30 14:00:00,0.289667,-0.073833,0.017167,-0.011833,-0.01,4e-06,0.388333,0.009,0.0415,0.0675,1.6e-05,0.068333,0.019833,0.018833,3.5e-05,0.095893,0.155105,0.0,0.025333,-1.334333,-0.035333,23.385,18.115,0.022193,0.0,0.0,0.0,,,,0.0,,,,0.0,,
2025-09-30 14:30:00,0.288167,-0.091667,0.017667,-0.016667,0.007,-7e-06,0.456333,0.018167,0.026333,0.069,1.1e-05,0.082167,0.020667,0.013,3.2e-05,0.070402,0.145669,0.0,-0.239,-1.180333,0.006167,23.618333,18.533333,0.02179,0.0,0.0,0.0,,,,0.0,,,,0.0,,
2025-09-30 15:00:00,0.354333,-0.020167,0.017667,-0.005333,0.005167,2.7e-05,0.640667,0.0425,0.063167,0.154667,7.7e-05,0.1045,0.0325,0.032833,5e-05,0.081796,0.12972,0.0,-0.041833,-1.673,0.0095,23.671667,18.701667,0.021508,0.0,0.0,0.0,,,,0.0,,,,0.0,,
2025-09-30 15:30:00,0.4565,-0.1585,0.025167,0.059167,0.0565,3.3e-05,0.789,0.038667,0.003167,0.07,5e-06,0.105667,0.027333,0.026167,2.9e-05,0.077284,0.112896,0.0,-1.273,0.077,0.0055,23.515,18.458333,0.023118,0.0,0.0,0.0,,,,0.0,,,,0.0,,
2025-09-30 16:00:00,0.264333,-0.001167,0.0305,-0.017333,-0.014333,3.9e-05,0.332,0.020833,0.0125,0.030667,-4e-06,0.059,-0.002167,-0.0005,1.1e-05,0.020211,0.026623,0.0,-0.838333,-0.027667,0.001333,23.066667,17.346667,0.02322,0.0,0.0,0.0,,,,0.0,,,,0.0,,
2025-09-30 16:30:00,0.106,-0.022833,0.003167,-0.018167,-0.017333,9e-06,0.188,0.009,0.0095,0.011333,-1.1e-05,0.038667,-0.0065,-0.004167,2e-06,0.068731,0.040401,0.0,-0.525667,-0.089333,0.006333,22.381667,16.431667,0.023808,0.0,0.0,0.0,,,,0.0,,,,0.0,,
2025-09-30 17:00:00,0.036,0.012833,0.001667,0.018667,0.0165,6e-06,0.109167,0.003667,0.002833,0.001333,9e-06,0.008667,-0.006167,-0.003,2e-06,0.277027,0.195659,0.0,-0.055,-0.000167,-0.0025,20.938333,14.851667,0.023985,0.0,0.0,0.0,,,,0.0,,,,0.0,,
2025-09-30 17:30:00,0.026833,-0.013167,0.002,0.016167,0.018833,-0.0,0.056667,-0.002833,-0.028667,-0.031833,-0.0,0.0055,0.001833,0.0075,-1e-06,0.401956,0.227052,0.0,0.0255,-0.024333,0.009833,20.181667,13.986667,0.023717,0.0,0.0,0.0,,,,0.0,,,,0.0,,
2025-09-30 18:00:00,0.029,-0.0035,0.0025,0.018167,0.003833,0.0,0.050667,-0.001667,-0.0785,-0.059167,1e-06,0.007333,0.002333,0.007833,0.0,0.832656,0.38896,0.0,-0.0905,0.117167,0.014167,18.945,12.683333,0.02312,0.0,0.0,0.0,,,,0.0,,,,0.0,,
2025-09-30 18:30:00,0.032167,0.0205,0.002833,0.059333,0.035333,2e-06,0.129333,0.008333,0.170333,0.113167,-4e-06,0.008333,0.001167,0.004667,-3e-06,0.691115,0.2601,0.0,-0.110333,0.747333,0.022333,18.381667,12.03,0.022382,0.0,0.0,0.0,,,,0.0,,,,0.0,,
2025-09-30 19:00:00,0.034167,0.000333,0.000167,0.010833,0.0115,1.6e-05,0.063333,0.001833,0.027167,0.025,-1.1e-05,0.002667,-0.000333,0.000833,-2e-06,0.410881,0.200256,0.0,-0.417667,0.663,0.036167,17.755,11.558333,0.021465,0.0,0.0,0.0,,,,0.0,,,,0.0,,
2025-09-30 19:30:00,0.011167,-0.004667,-0.000333,-0.014,-0.009333,-9e-06,0.0135,0.0005,0.0225,0.02,2e-06,0.000333,0.0,0.000667,-1e-06,0.062667,0.038416,0.0,0.165167,0.323,0.018333,16.65,10.575,0.014228,0.0,0.0,0.0,,,,0.0,,,,0.0,,
2025-09-30 20:00:00,0.010833,0.008667,0.0,0.006,0.008833,1.7e-05,0.014833,0.000167,0.003333,0.003167,-2e-06,0.0,-0.000167,0.0,-1e-06,0.015293,0.021707,0.0,0.120833,-0.018333,0.012,16.258333,10.051667,0.002209,0.0,0.0,0.0,,,,0.0,,,,0.0,,
2025-09-30 20:30:00,0.012167,0.007333,0.0,0.002333,0.002667,1e-06,0.015667,0.000333,0.010833,0.009333,-4e-06,0.000833,0.001333,0.001667,-1e-06,0.078493,0.061504,0.0,-0.057,0.4015,0.016667,15.513333,9.236667,-0.00168,0.0,0.0,0.0,,,,0.0,,,,0.0,,
2025-09-30 21:00:00,0.026167,0.015833,0.0,0.006167,0.012167,-6e-06,0.021667,0.000167,0.007833,0.010833,-5e-06,0.000667,-0.000167,0.000667,1e-06,0.08256,0.081891,0.0,0.173167,-0.014833,0.0105,15.295,9.003333,0.001006,0.0,0.0,0.0,,,,0.0,,,,0.0,,
2025-09-30 21:30:00,0.008333,0.002167,0.0,-0.003333,-0.001,-7e-06,0.012167,-0.000333,0.009167,0.008667,-2.8e-05,0.000333,0.000167,0.000667,3e-06,0.045369,0.042987,1e-06,0.028,0.21,0.015,14.856667,8.5005,0.006329,0.0,0.0,0.0,,,,0.0,,,,0.0,,
2025-09-30 22:00:00,0.005833,-0.002667,-0.000167,-0.0055,-0.005,-6e-06,0.0085,0.0005,0.002333,0.000833,7e-06,0.000333,0.000333,0.001,1e-06,0.032882,0.036481,0.0,-0.048833,0.232333,0.016,14.515,8.122833,0.007122,0.0,0.0,0.0,,,,0.0,,,,0.0,,
2025-09-30 22:30:00,0.448333,-0.7675,0.245833,-0.2215,0.007,-7e-06,1.370833,-0.427167,0.452167,0.0445,9.3e-05,0.136667,-0.127167,0.003167,-1.4e-05,0.337174,0.100806,0.0,0.208833,-0.189333,0.077667,14.646667,7.7495,0.009217,0.0,0.0,0.0,,,,0.0,,,,0.0,,
2025-09-30 23:00:00,0.2035,-0.354667,0.111,-0.088667,-0.008333,-4e-06,0.644167,-0.199833,0.1455,0.016833,0.0,0.062833,-0.045833,-0.004667,-3e-06,0.232324,0.025653,0.0,0.188167,-0.116667,0.0255,17.803333,7.395667,0.009805,0.0,0.0,0.0,,,,0.0,,,,0.0,,
2025-09-30 23:30:00,2.8835,-5.2305,1.656,-0.6505,0.0325,1.3e-05,9.507,-3.0105,1.4035,-0.062,-6.4e-05,0.954,-0.469,0.019,2.6e-05,7.357656,0.027722,0.0,0.816,-1.4095,0.3805,14.64,7.478167,0.012978,0.0,0.0,0.0,,,,0.0,,,,0.0,,
2025-10-01 00:00:00,0.0224,-0.0396,0.011,-0.0046,0.0092,-3e-06,0.0814,-0.0214,0.0176,-0.0192,-7e-06,0.0074,-0.008,0.0034,3e-06,0.124609,0.059049,0.0,-0.124,0.1296,-0.0074,16.528,7.392,0.011063,0.0,0.0,0.0,,,,0.0,,,,0.0,,
2025-10-01 00:30:00,0.129333,-0.223,0.07,-0.005333,0.006333,-3.7e-05,0.403667,-0.124667,0.001667,-0.014,6.6e-05,0.039,-0.001333,0.005667,-1.9e-05,0.092011,0.019367,0.0,-0.153,-0.001,0.070667,17.78,7.259333,0.008983,0.0,0.0,0.0,,,,0.0,,,,0.0,,
2025-10-01 01:00:00,0.05,-0.0685,0.019,-0.041,-0.0295,3e-06,0.1935,-0.0475,0.035,-0.0175,0.0,0.0145,-0.0035,0.0105,7e-06,0.09641,0.091809,0.0,-0.226,0.44,-0.0025,16.435,6.922333,0.008835,0.0,0.0,0.0,,,,0.0,,,,0.0,,
2025-10-01 01:30:00,0.119,-0.1922,0.0632,-0.08,-0.0224,1.5e-05,0.3342,-0.1082,0.1272,0.0344,-2.1e-05,0.0366,-0.043,-0.0126,1.3e-05,0.213999,0.031565,0.0,0.261,-0.4042,0.0934,16.632,6.457333,0.011705,0.0,0.0,0.0,,,,0.0,,,,0.0,,
2025-10-01 02:00:00,0.494,-0.885,0.292,-0.296,-0.004,3.1e-05,1.603,-0.53,0.558,0.014,-3.9e-05,0.18,-0.181,0.0,2.8e-05,0.442225,0.0368,0.0,0.065,-0.401,0.183,17.63,6.627667,0.01274,0.0,0.0,0.0,,,,0.0,,,,0.0,,
2025-10-01 02:30:00,0.0255,-0.0165,0.0005,0.0035,0.005,3e-05,0.093,-0.0005,-0.0255,-0.031,3e-06,0.0035,-0.0045,0.0,0.0,0.183184,0.064093,0.0,-0.3415,0.562,-0.0385,15.58,5.877,0.015425,0.0,0.0,0.0,,,,0.0,,,,0.0,,
2025-10-01 03:00:00,0.1265,-0.17675,0.059,-0.016,0.00775,-3e-05,0.32875,-0.09975,0.058,0.01825,2.4e-05,0.03475,-0.01575,-0.00425,-8e-06,0.188139,0.048473,0.0,-0.01925,-0.1165,0.087,15.2725,5.831667,0.016442,0.0,0.0,0.0,,,,0.0,,,,0.0,,
2025-10-01 03:30:00,0.111,-0.1925,0.0625,-0.0215,-0.0005,-6.8e-05,0.35,-0.1135,0.0485,-0.0015,0.000111,0.039,-0.02,-0.0035,-4.4e-05,0.164025,0.07636,1e-06,-0.107,-0.2065,0.027,16.82,6.100167,0.02213,0.0,0.0,0.0,,,,0.0,,,,0.0,,
2025-10-01 04:00:00,0.13525,-0.17175,0.0625,-0.007,-0.00625,0.000415,0.37525,-0.10325,0.01225,0.00225,-0.000436,0.042,0.004,0.0055,0.000234,0.259081,0.147584,1.5e-05,-0.31675,0.78825,0.10775,16.1525,6.418,0.046157,0.0,0.0,0.0,,,,0.0,,,,0.0,,
2025-10-01 04:30:00,3.781,-6.759,2.105,-2.818,-0.038,-0.000587,12.27,-3.803,5.084,0.053,0.000966,1.195,-1.585,-0.021,-0.000285,2.461761,0.026406,3e-06,-0.88,1.925,-0.178,18.3,7.004333,0.056168,0.0,0.0,0.0,,,,0.0,,,,0.0,,
2025-10-01 05:00:00,0.032667,-0.018667,0.000667,-0.043333,-0.022667,-5.4e-05,0.029,-0.000333,0.033333,0.021,5.2e-05,0.005333,-0.000667,0.001667,5e-06,0.109561,0.01974,0.0,0.036667,0.836333,-0.025667,15.91,6.647667,0.044143,0.0,0.0,0.0,,,,0.0,,,,0.0,,
2025-10-01 05:30:00,0.123,-0.192333,0.061667,-0.064333,0.02,-9e-06,0.360333,-0.110333,0.133333,0.001333,1.5e-05,0.035667,-0.041333,0.003,-0.0,0.135424,0.056882,0.0,0.345667,-0.261333,0.050667,14.053333,5.5025,0.040613,0.0,0.0,0.0,,,,0.0,,,,0.0,,
2025-10-01 06:00:00,0.306667,-0.548333,0.165,-0.118667,-0.062,1.2e-05,1.012333,-0.3,0.272333,0.119,-3.4e-05,0.091,-0.068333,-0.032,6e-06,0.362003,0.08132,1e-06,-0.014333,0.125333,0.082667,15.483333,5.302,0.043382,0.0,0.0,0.0,,,,0.0,,,,0.0,,
2025-10-01 06:30:00,0.53125,-0.9455,0.2995,0.39375,0.01575,-6.4e-05,1.74725,-0.5465,-0.667,0.0085,0.000138,0.17475,0.225,0.0065,-4e-05,0.407682,0.0507,1e-06,3.2805,-5.61275,1.92575,11.80325,5.037333,0.033445,0.0,0.0,0.0,,,,0.0,,,,0.0,,
2025-10-01 07:00:00,0.162333,-0.251167,0.080833,-0.027667,0.005667,5.5e-05,0.451167,-0.139833,0.0035,-0.009833,-8.7e-05,0.049333,-0.003667,0.002667,2.4e-05,0.137517,0.006373,2e-06,-0.243167,0.713333,0.113,15.326667,6.599667,0.025413,0.0,0.0,0.0,,,,0.0,,,,0.0,,
2025-10-01 07:30:00,0.092333,-0.050667,0.0195,0.0055,0.003833,-0.0,0.140667,-0.035667,-0.015833,-0.007333,3.8e-05,0.030167,0.014167,0.0045,-7e-06,0.065365,0.011485,0.0,-0.824,0.957167,-0.027667,16.768333,7.355,0.002966,0.0,0.0,0.0,,,,0.0,,,,0.0,,
2025-10-01 08:00:00,0.155167,-0.013833,0.013167,0.016167,0.014667,-5e-06,0.234833,-0.019667,-0.036167,-0.012,6e-05,0.041,0.017333,0.011667,-2e-06,0.075442,0.029527,1e-06,-1.0375,1.222667,-0.010667,18.096667,8.2145,0.001773,0.0,0.0,0.0,,,,0.0,,,,0.0,,
2025-10-01 08:30:00,0.21,-0.006,-0.000667,0.015,0.032167,3e-05,0.1695,-0.007333,-0.016,-0.056,-3.6e-05,0.044167,0.026,0.022333,3.1e-05,0.079336,0.14402,0.0,-0.730833,1.357833,0.008833,18.391667,10.585,0.020295,0.0,0.0,0.0,,,,0.0,,,,0.0,,
2025-10-01 09:00:00,0.280333,-0.048,0.004333,-0.004833,0.024667,1.4e-05,0.421667,-0.025167,-0.041833,-0.072833,-6.2e-05,0.066833,0.031667,0.020333,3.8e-05,0.09191,0.114808,0.0,-0.280667,2.3085,0.043333,17.365,12.025,0.021422,0.0,0.0,0.0,,,,0.0,,,,0.0,,
2025-10-01 09:30:00,0.389833,-0.010833,0.002167,0.026167,0.0595,1.3e-05,0.399167,-0.014167,-0.039,-0.048,-3.8e-05,0.069,0.0425,0.024167,3.9e-05,0.151191,0.204003,0.0,-0.420667,1.959333,0.0255,18.308333,13.165,0.021552,0.0,0.0,0.0,,,,0.0,,,,0.0,,
2025-10-01 10:00:00,0.561167,-0.092833,0.003333,0.127,0.1885,0.000102,0.377333,-0.016833,-0.083333,-0.112,-7.3e-05,0.063833,0.051167,0.034,4.2e-05,0.232806,0.264882,0.0,-0.726167,1.716333,0.058833,19.326667,14.115,0.021693,0.0,0.0,0.0,,,,0.0,,,,0.0,,
2025-10-01 10:30:00,0.8085,0.085167,0.005333,0.044167,0.065167,4.2e-05,0.566667,-0.025833,-0.103333,-0.090333,-7.6e-05,0.114333,0.072167,0.0295,5.2e-05,0.265568,0.288011,0.0,-0.548,2.475167,0.051833,20.091667,14.956667,0.020893,0.0,0.0,0.0,,,,0.0,,,,0.0,,
2025-10-01 11:00:00,1.192833,-0.091833,0.006,0.059,0.099167,2.2e-05,1.02,-0.0615,-0.164333,-0.141333,-0.000114,0.166667,0.088833,0.051333,5.4e-05,0.269015,0.262827,0.0,-0.938667,2.887333,0.090333,20.556667,15.498333,0.020112,0.0,0.0,0.0,,,,0.0,,,,0.0,,
2025-10-01 11:30:00,0.984833,-0.0495,-0.0185,0.026167,0.048833,2.1e-05,0.978333,-0.058667,-0.179667,-0.141833,-0.000111,0.166333,0.089167,0.026833,5.4e-05,0.27092,0.287475,0.0,-0.355,3.349667,0.054667,20.893333,16.026667,0.019583,0.0,0.0,0.0,,,,0.0,,,,0.0,,
2025-10-01 12:00:00,0.897833,-0.053,-0.010833,0.054167,0.102333,3.5e-05,0.797333,-0.036333,-0.125833,-0.132833,-7.5e-05,0.133833,0.084167,0.024167,5.3e-05,0.304336,0.340861,0.0,-0.485333,2.884167,0.0615,21.368333,16.676667,0.019603,0.0,0.0,0.0,,,,0.0,,,,0.0,,
2025-10-01 12:30:00,0.839667,-0.084,-0.012333,0.014667,0.0375,-2.1e-05,0.7415,-0.032333,-0.119,-0.104833,-9.8e-05,0.1135,0.082667,0.047667,5.6e-05,0.331008,0.363609,0.0,-0.182333,2.094667,0.0455,21.785,16.885,0.019117,0.0,0.0,0.0,,,,0.0,,,,0.0,,
2025-10-01 13:00:00,0.696833,0.0925,-0.009667,0.038,0.0595,3.1e-05,0.723333,-0.011167,-0.036833,-0.0175,-8e-06,0.114,0.084667,0.0305,4.9e-05,0.308025,0.402167,0.0,-0.330333,2.459833,0.022167,21.85,17.435,0.019007,0.0,0.0,0.0,,,,0.0,,,,0.0,,
2025-10-01 13:30:00,0.636667,-0.029667,0.012667,0.067167,0.207667,2e-05,0.735,-0.0475,-0.112833,-0.101833,-7e-05,0.105333,0.085,0.037833,4.8e-05,0.327756,0.428152,0.0,-0.781167,2.270333,0.041167,22.021667,17.543333,0.018923,0.0,0.0,0.0,,,,0.0,,,,0.0,,
2025-10-01 14:00:00,0.9335,0.019,0.033167,0.070167,0.147333,5.1e-05,0.544667,-0.016333,-0.043167,-0.029833,-2.1e-05,0.113333,0.0685,0.035167,4.8e-05,0.211447,0.283556,0.0,-1.04,2.0415,0.045,21.983333,17.263333,0.019113,0.0,0.0,0.0,,,,0.0,,,,0.0,,
2025-10-01 14:30:00,0.712333,0.061667,0.006667,0.054,0.148833,3.4e-05,0.5045,-0.023333,-0.085833,-0.0755,-6.5e-05,0.096667,0.052333,0.015333,3.4e-05,0.175003,0.277553,0.0,-0.95,2.029167,0.046833,22.096667,17.586667,0.018972,0.0,0.0,0.0,,,,0.0,,,,0.0,,
2025-10-01 15:00:00,0.477167,0.077833,-0.003333,0.002833,0.111667,-3e-06,0.405833,-0.023333,-0.0555,-0.0055,-4.4e-05,0.087333,0.0415,-0.008833,3e-05,0.114019,0.308951,0.0,-0.568167,2.094167,0.0385,21.925,17.573333,0.018713,0.0,0.0,0.0,,,,0.0,,,,0.0,,
2025-10-01 15:30:00,0.374167,0.061167,0.005833,0.0125,0.129167,1.4e-05,0.347667,-0.0095,-0.026333,-0.030333,-2.2e-05,0.065,0.027167,-0.006833,2.8e-05,0.061752,0.228484,0.0,-0.798,1.594167,0.0565,21.833333,17.355,0.018577,0.0,0.0,0.0,,,,0.0,,,,0.0,,
2025-10-01 16:00:00,0.342333,0.050833,-0.002667,0.006833,0.115,3.3e-05,0.302,-0.017667,-0.015667,0.030333,-1.2e-05,0.065,0.0125,-0.019333,2e-05,0.0224,0.182187,0.0,-0.652667,1.619333,0.031833,21.681667,17.175,0.018255,0.0,0.0,0.0,,,,0.0,,,,0.0,,
2025-10-01 16:30:00,0.200167,0.034667,0.001167,-0.01,0.039167,1.8e-05,0.231167,-0.012,0.011,0.034333,-4.7e-05,0.046667,-0.005,-0.0225,1.8e-05,0.012769,0.117878,0.0,-0.462167,1.630167,0.016333,21.246667,16.403333,0.018333,0.0,0.0,0.0,,,,0.0,,,,0.0,,
2025-10-01 17:00:00,0.063,0.008333,0.001667,-0.0095,0.004833,1.2e-05,0.0785,-0.002167,0.006333,0.008333,-1.3e-05,0.018833,-0.0065,-0.009667,8e-06,0.030625,0.056803,0.0,-0.365,0.940333,0.021833,20.693333,15.43,0.018707,0.0,0.0,0.0,,,,0.0,,,,0.0,,
2025-10-01 17:30:00,0.046,-0.003333,-0.000167,-0.010333,-0.013333,7e-06,0.0655,-0.000167,0.013333,0.0135,-7e-06,0.014167,-0.005,-0.003,2e-06,0.063756,0.061091,0.0,-0.579667,0.8525,0.022,20.225,14.55,0.018965,0.0,0.0,0.0,,,,0.0,,,,0.0,,
2025-10-01 18:00:00,0.034833,0.004667,0.002,-0.017,-0.025167,7e-06,0.032333,-0.0005,-0.005167,-0.006333,2e-06,0.008,-0.004667,-0.000667,1e-06,0.120525,0.11256,0.0,-0.304667,0.672667,0.026833,19.21,13.231667,0.019323,0.0,0.0,0.0,,,,0.0,,,,0.0,,
2025-10-01 18:30:00,0.011,0.000333,0.0005,0.008833,0.004833,-7e-06,0.026667,0.0005,0.035333,0.026667,1.1e-05,0.003333,0.0035,0.009167,-2e-06,0.3844,0.254352,0.0,-0.1185,0.654,0.037167,17.526667,11.466667,0.019892,0.0,0.0,0.0,,,,0.0,,,,0.0,,
2025-10-01 19:00:00,0.021,-0.004833,-0.000333,-0.053167,-0.048333,2.1e-05,0.022833,0.000667,0.044333,0.039167,-3e-06,0.002333,0.002167,0.008,-1e-06,0.447784,0.288548,0.0,-0.0645,0.407833,0.026833,16.716667,10.661667,0.020077,0.0,0.0,0.0,,,,0.0,,,,0.0,,
2025-10-01 19:30:00,0.024,0.003167,0.001333,-0.0215,-0.018333,1.5e-05,0.021667,-0.000333,-0.000167,0.0015,1e-06,0.006333,-0.002833,0.003667,2e-06,0.167281,0.111,0.0,-0.278333,0.631167,0.026,17.416667,11.556667,0.019208,0.0,0.0,0.0,,,,0.0,,,,0.0,,
2025-10-01 20:00:00,0.039167,-0.0015,0.004167,-0.0265,-0.026667,1.4e-05,0.028667,-0.001333,0.002833,0.004333,-2e-06,0.009667,-0.007,-0.0025,3e-06,0.078961,0.056169,0.0,-0.475333,0.662333,0.025833,17.243333,11.423333,0.019175,0.0,0.0,0.0,,,,0.0,,,,0.0,,
2025-10-01 20:30:00,0.038,0.003667,0.001833,-0.026833,-0.028,1.3e-05,0.029333,0.000167,-0.01,-0.007333,3e-06,0.0075,-0.0025,0.001,0.0,0.100912,0.076821,0.0,-0.435,0.764167,0.031,16.806667,10.918333,0.019187,0.0,0.0,0.0,,,,0.0,,,,0.0,,
2025-10-01 21:00:00,0.046167,-0.002333,0.003333,-0.025667,-0.024833,1e-05,0.04,-0.001333,0.0125,0.011667,-5e-06,0.009833,-0.006,-0.001167,2e-06,0.072361,0.049506,0.0,-0.255,0.863167,0.026833,16.583333,10.68,0.019148,0.0,0.0,0.0,,,,0.0,,,,0.0,,
2025-10-01 21:30:00,0.040167,-0.001167,0.002,-0.022,-0.019167,8e-06,0.0215,0.000333,0.007167,0.006333,-3e-06,0.0055,-0.002,0.0,1e-06,0.06952,0.049358,0.0,-0.206167,0.460833,0.028167,16.44,10.583333,0.019178,0.0,0.0,0.0,,,,0.0,,,,0.0,,
2025-10-01 22:00:00,0.042667,-0.001833,0.0015,-0.024,-0.022333,1.4e-05,0.0295,-0.000333,-0.001,-0.000333,2e-06,0.008333,-0.003667,-0.000167,2e-06,0.055225,0.039336,0.0,-0.502833,0.755,0.034,16.526667,10.696667,0.019232,0.0,0.0,0.0,,,,0.0,,,,0.0,,
2025-10-01 22:30:00,0.0425,-0.003,-0.000333,-0.009,-0.011667,3e-06,0.044,-0.000167,0.0055,0.004667,-2e-06,0.0095,-0.003667,-0.000333,1e-06,0.040535,0.027778,0.0,-0.462333,0.703333,0.029167,16.606667,10.755,0.019203,0.0,0.0,0.0,,,,0.0,,,,0.0,,
2025-10-01 23:00:00,0.047833,-0.008833,0.003833,-0.021167,-0.016333,2e-06,0.060667,-0.003167,0.011167,0.008667,-8e-06,0.012667,-0.0065,-0.003,0.0,0.099015,0.063925,0.0,-0.764167,0.729333,0.037167,16.356667,10.493333,0.019445,0.0,0.0,0.0,,,,0.0,,,,0.0,,
2025-10-01 23:30:00,0.027333,0.000333,0.000333,-0.0135,-0.015167,3e-06,0.016833,-0.000833,0.001833,0.002167,0.0,0.004,-0.0025,-0.000333,0.0,0.042918,0.029584,0.0,-0.468667,0.793333,0.036833,15.83,9.893333,0.01952,0.0,0.0,0.0,,,,0.0,,,,0.0,,
2025-10-02 00:00:00,0.008667,-0.001,0.0005,-0.009,-0.008,2e-06,0.011,-0.000333,-0.007667,-0.004,2e-06,0.002333,-0.001333,0.000833,0.0,0.045653,0.023053,0.0,-0.3705,0.866667,0.0465,14.99,9.031667,0.019422,0.0,0.0,0.0,,,,0.0,,,,0.0,,
2025-10-02 00:30:00,0.026,-0.0045,0.0015,-0.015167,-0.010833,4e-06,0.013833,0.000167,-0.003833,-0.001167,2e-06,0.004667,-0.003,0.000667,1e-06,0.051302,0.01946,0.0,-0.319167,0.855,0.039333,14.485,8.563333,0.019398,0.0,0.0,0.0,,,,0.0,,,,0.0,,
2025-10-02 01:00:00,0.026167,0.002667,0.0,-0.007167,-0.006667,0.0,0.011833,-0.001,-0.0005,-0.002167,0.0,0.004167,-0.002,0.000167,0.0,0.025707,0.013963,0.0,-0.401167,0.618167,0.037333,14.328333,8.38,0.019422,0.0,0.0,0.0,,,,0.0,,,,0.0,,
2025-10-02 01:30:00,0.0185,-0.0085,0.001333,-0.010333,-0.006333,3e-06,0.016833,-0.000667,0.0025,0.000667,-2e-06,0.002667,-0.001333,-0.000167,0.0,0.022151,0.00928,0.0,-0.422333,0.494,0.03,14.278333,8.385,0.01943,0.0,0.0,0.0,,,,0.0,,,,0.0,,
2025-10-02 02:00:00,0.013667,0.0015,-0.000167,-0.005333,-0.002333,2e-06,0.011167,0.0,0.001667,0.005667,-0.0,0.001,-0.000333,0.000333,-0.0,0.043681,0.02907,0.0,0.014333,0.276667,0.034667,13.38,7.360667,0.019118,0.0,0.0,0.0,,,,0.0,,,,0.0,,
2025-10-02 02:30:00,0.010667,-0.000833,0.000833,-0.0095,-0.005167,1e-06,0.012333,-0.000167,-0.010167,-0.0065,0.0,0.002333,-0.0005,0.0005,0.0,0.062583,0.026028,0.0,-0.374667,0.654,0.044667,13.455,7.557333,0.018923,0.0,0.0,0.0,,,,0.0,,,,0.0,,
2025-10-02 03:00:00,0.024667,-0.005167,0.001,-0.009833,-0.006,2e-06,0.032167,-0.000167,0.006333,0.005333,-2e-06,0.006333,-0.0025,-0.0005,0.0,0.027115,0.010268,0.0,-0.528333,0.5285,0.029167,13.555,7.676167,0.019175,0.0,0.0,0.0,,,,0.0,,,,0.0,,
2025-10-02 03:30:00,0.0555,-0.0165,0.000833,-0.005667,-0.002,1e-06,0.054833,-0.002833,0.008167,0.003167,-3e-06,0.011167,-0.0025,-0.000833,0.0,0.013187,0.00429,0.0,-0.779833,0.544167,0.034167,13.586667,7.699167,0.01915,0.0,0.0,0.0,,,,0.0,,,,0.0,,
2025-10-02 04:00:00,0.069667,0.004,-0.0015,-0.000667,-0.002833,-1e-06,0.065167,-0.0045,0.0035,0.0015,-1e-06,0.019167,-0.005,-0.0015,1e-06,0.016727,0.00632,0.0,-0.379167,0.523,0.02,13.666667,7.764167,0.019278,0.0,0.0,0.0,,,,0.0,,,,0.0,,
2025-10-02 04:30:00,0.109,0.019667,0.000167,-0.000333,-0.002667,-0.0,0.186,-0.0005,0.016,0.0075,-4e-06,0.025333,-0.006,-0.001667,0.0,0.027722,0.010472,0.0,-0.579667,0.933667,0.052667,13.823333,7.9205,0.019313,0.0,0.0,0.0,,,,0.0,,,,0.0,,
2025-10-02 05:00:00,0.096167,0.0025,0.000167,-0.007,-0.011333,-1e-06,0.114667,-0.0075,0.0195,0.012667,-3e-06,0.027167,-0.008667,-0.003833,-0.0,0.045369,0.023205,0.0,-0.572,0.879167,0.027167,13.666667,7.744,0.019145,0.0,0.0,0.0,,,,0.0,,,,0.0,,
2025-10-02 05:30:00,0.053,-0.006667,-0.002167,-0.0025,-0.002667,-0.0,0.062167,0.000667,0.010167,0.005333,-2e-06,0.012667,-0.004167,-0.001833,0.0,0.024964,0.010201,0.0,-0.586833,0.523,0.0255,13.608333,7.701667,0.019135,0.0,0.0,0.0,,,,0.0,,,,0.0,,
2025-10-02 06:00:00,0.089333,-0.0225,-0.004167,-0.002,-0.001833,-1e-06,0.129833,-0.002667,0.011667,0.005,-4e-06,0.026167,-0.004333,-0.0015,1e-06,0.012581,0.003969,0.0,-0.6765,0.841,0.036667,13.64,7.782833,0.019193,0.0,0.0,0.0,,,,0.0,,,,0.0,,
2025-10-02 06:30:00,0.153333,-0.0025,-0.006667,-0.005167,-0.0045,2e-06,0.167333,-0.009167,0.0075,0.003667,-5e-06,0.031667,-0.004833,-0.001333,2e-06,0.009088,0.002601,0.0,-0.055667,1.391167,0.036833,13.745,7.9335,0.01926,0.0,0.0,0.0,,,,0.0,,,,0.0,,
2025-10-02 07:00:00,0.217667,-0.042667,-0.0035,-0.000667,0.002333,7e-06,0.267833,-0.0185,-0.0015,-0.006667,-2e-05,0.043667,0.001167,0.003,7e-06,0.003043,0.006917,0.0,-0.247167,1.494167,0.058,13.925,8.161667,0.019427,0.0,0.0,0.0,,,,0.0,,,,0.0,,
2025-10-02 07:30:00,0.302333,-0.016833,-0.009,0.000667,0.001,7e-06,0.271667,-0.010333,-0.01,-0.016333,-1.8e-05,0.058167,0.005333,0.005333,1.1e-05,0.00399,0.01199,0.0,-0.2365,1.844167,0.048333,14.341667,8.623333,0.019625,0.0,0.0,0.0,,,,0.0,,,,0.0,,
2025-10-02 08:00:00,0.4185,0.017167,-0.012167,-0.001,-0.020333,5e-06,0.3995,-0.018833,-0.029833,-0.041333,-3.4e-05,0.083,0.0165,0.0165,1.9e-05,0.024336,0.040535,0.0,0.232,2.012333,0.0325,14.93,9.295,0.019928,0.0,0.0,0.0,,,,0.0,,,,0.0,,
2025-10-02 08:30:00,0.542667,-0.016333,-0.017667,-0.001833,-0.058,-4e-06,0.487333,-0.026167,-0.066333,-0.0765,-4.8e-05,0.1015,0.043833,0.031667,3e-05,0.117192,0.136407,0.0,0.4405,2.435,0.051333,16.161667,10.858333,0.020337,0.0,0.0,0.0,,,,0.0,,,,0.0,,
2025-10-02 09:00:00,0.509333,-0.079667,-0.025333,-0.0355,-0.0695,-1.6e-05,0.646667,-0.033833,-0.050333,-0.0565,1.2e-05,0.104667,0.044667,0.042833,3e-05,0.112448,0.114808,0.0,0.912833,2.272667,0.018667,17.155,11.648333,0.020158,0.0,0.0,0.0,,,,0.0,,,,0.0,,
2025-10-02 09:30:00,0.376167,-0.085,-0.020667,-0.013,-0.044,4e-05,0.462167,-0.0275,-0.029167,-0.025,-3.1e-05,0.083,0.022167,0.024333,3.2e-05,0.03222,0.047815,1e-06,0.778167,1.963333,0.008,17.571667,11.98,0.018345,0.0,0.0,0.0,,,,0.0,,,,0.0,,
2025-10-02 10:00:00,0.427833,-0.0265,-0.037167,-0.0375,-0.057,-6.1e-05,0.501333,-0.0255,-0.0455,-0.0455,-4.9e-05,0.095833,0.0275,0.0275,3.2e-05,0.04396,0.051227,0.0,1.008667,2.043833,0.0015,18.046667,12.465,0.020442,0.0,0.0,0.0,,,,0.0,,,,0.0,,
2025-10-02 10:30:00,0.564,-0.085167,-0.024333,-0.037,-0.0625,-4.8e-05,0.645333,-0.065833,-0.063333,-0.054333,-6.5e-05,0.111333,0.030167,0.028833,3.3e-05,0.052288,0.055147,0.0,1.121167,2.3225,0.022,18.45,12.895,0.020365,0.0,0.0,0.0,,,,0.0,,,,0.0,,
2025-10-02 11:00:00,0.6435,-0.119667,-0.045333,-0.036,-0.062333,-4e-05,0.6615,-0.040833,-0.069333,-0.064833,-5.3e-05,0.120167,0.045,0.042167,3.8e-05,0.099645,0.09579,0.0,1.1795,2.190667,0.0185,18.985,13.498333,0.020525,0.0,0.0,0.0,,,,0.0,,,,0.0,,
2025-10-02 11:30:00,0.755667,-0.068833,-0.036833,-0.033833,-0.083167,-3.4e-05,0.82,-0.0575,-0.107833,-0.101167,-9.3e-05,0.134667,0.054167,0.045,4e-05,0.113681,0.10934,0.0,1.2215,2.707833,0.013833,19.42,13.976667,0.02052,0.0,0.0,0.0,,,,0.0,,,,0.0,,
2025-10-02 12:00:00,0.7195,-0.0715,-0.030667,-0.055667,-0.0975,-9.2e-05,0.670833,-0.058667,-0.076167,-0.075333,-6.6e-05,0.122833,0.0445,0.041,3.6e-05,0.087025,0.085654,0.0,1.1685,2.188333,0.035,19.963333,14.49,0.020655,0.0,0.0,0.0,,,,0.0,,,,0.0,,
2025-10-02 12:30:00,0.914667,-0.184,-0.037,-0.046,-0.126167,-4.7e-05,0.771167,-0.047667,-0.0945,-0.070333,-7.6e-05,0.122833,0.058333,0.047,4e-05,0.159733,0.182899,0.0,0.888167,2.4965,0.029667,20.725,15.453333,0.020875,0.0,0.0,0.0,,,,0.0,,,,0.0,,
2025-10-02 13:00:00,0.683833,-0.1455,-0.049667,-0.021833,-0.130833,-2e-05,0.807167,-0.042167,-0.1265,-0.094833,-9.4e-05,0.129833,0.0735,0.0535,5e-05,0.204003,0.226259,0.0,0.575167,2.924,0.050333,21.348333,16.368333,0.020843,0.0,0.0,0.0,,,,0.0,,,,0.0,,
2025-10-02 13:30:00,0.925,-0.139833,-0.041833,-0.064167,-0.1375,-5.5e-05,0.993833,-0.088667,-0.109,-0.093667,-7.7e-05,0.180833,0.0715,0.059333,4.6e-05,0.170982,0.158006,0.0,1.3695,2.774167,0.015167,21.963333,16.75,0.020713,0.0,0.0,0.0,,,,0.0,,,,0.0,,
2025-10-02 14:00:00,0.650167,-0.042,-0.028333,-0.061333,-0.096667,-8.7e-05,0.746167,-0.046167,-0.0735,-0.0665,-6.8e-05,0.1285,0.045167,0.0385,4.1e-05,0.082944,0.080656,0.0,1.209833,2.565833,0.016,22.03,16.746667,0.02062,0.0,0.0,0.0,,,,0.0,,,,0.0,,
2025-10-02 14:30:00,0.644333,0.006833,-0.037833,-0.0155,-0.079333,-3.8e-05,0.578,-0.047333,-0.043667,-0.0375,-6.7e-05,0.1125,0.02,0.010667,3.9e-05,0.018723,0.04389,0.0,0.5325,2.515,0.047167,22.043333,16.778333,0.02049,0.0,0.0,0.0,,,,0.0,,,,0.0,,
2025-10-02 15:00:00,0.476,0.0055,-0.0215,-0.003,-0.0465,-2.7e-05,0.4725,-0.027,-0.006,-0.008833,-7.1e-05,0.082833,0.004,-0.002167,3.3e-05,0.007028,0.03629,0.0,0.280833,2.221,0.027833,21.91,16.656667,0.020197,0.0,0.0,0.0,,,,0.0,,,,0.0,,
2025-10-02 15:30:00,0.658833,-0.033167,-0.0235,0.007333,-0.064,-1.4e-05,0.6135,-0.037667,-0.016833,-0.017,-7.3e-05,0.114667,0.0075,-0.0065,3.4e-05,0.014843,0.062001,0.0,0.314667,2.628333,0.049167,22.018333,16.955,0.020138,0.0,0.0,0.0,,,,0.0,,,,0.0,,
2025-10-02 16:00:00,0.2925,-0.022667,-0.011,-0.0025,-0.018,9e-06,0.4315,-0.0325,0.051833,0.049,-9.2e-05,0.057667,-0.010833,-0.011167,1.8e-05,0.0324,0.039138,0.0,-0.020167,2.158167,0.061333,21.608333,16.16,0.020378,0.0,0.0,0.0,,,,0.0,,,,0.0,,
2025-10-02 16:30:00,0.169333,-0.023667,-0.002667,-0.001833,-0.004667,5e-06,0.198833,-0.014833,0.0425,0.039333,-4.3e-05,0.038,-0.014,-0.011167,1.4e-05,0.051302,0.040401,0.0,-0.031833,1.775667,0.031,21.045,15.401667,0.020275,0.0,0.0,0.0,,,,0.0,,,,0.0,,
2025-10-02 17:00:00,0.104,-0.005167,-0.006667,-0.005333,-0.0045,5e-06,0.143,-0.010333,0.039667,0.035,-3.2e-05,0.0245,-0.0125,-0.008167,8e-06,0.068382,0.050325,0.0,-0.072167,1.546,0.031833,20.633333,14.873333,0.020253,0.0,0.0,0.0,,,,0.0,,,,0.0,,
2025-10-02 17:30:00,0.134667,0.007333,-0.011667,0.000167,0.010833,3e-06,0.159667,-0.0115,0.048667,0.042667,-2.4e-05,0.028,-0.014,-0.008333,5e-06,0.096617,0.073441,0.0,0.0795,1.6265,0.034167,20.178333,14.308333,0.020122,0.0,0.0,0.0,,,,0.0,,,,0.0,,
2025-10-02 18:00:00,0.060833,-0.000833,-0.002,-0.011,-0.0055,3e-06,0.1,-0.002,0.030167,0.0295,-1.2e-05,0.015833,-0.0095,-0.003667,3e-06,0.086927,0.062417,0.0,-0.060333,1.267,0.026167,19.521667,13.563333,0.020113,0.0,0.0,0.0,,,,0.0,,,,0.0,,
2025-10-02 18:30:00,0.068833,0.000167,-0.0015,-0.000833,0.006167,0.0,0.084333,-0.003333,0.026833,0.021667,-1.6e-05,0.016667,-0.008,-0.0035,4e-06,0.064855,0.045725,0.0,0.089167,1.370667,0.03,19.295,13.401667,0.020203,0.0,0.0,0.0,,,,0.0,,,,0.0,,
2025-10-02 19:00:00,0.069833,-0.0035,-0.0025,0.003,0.0085,0.0,0.1155,-0.008667,0.04,0.038333,-2.3e-05,0.019667,-0.0095,-0.006833,5e-06,0.088506,0.072182,0.0,0.217333,1.404,0.027,19.026667,13.16,0.019988,0.0,0.0,0.0,,,,0.0,,,,0.0,,
2025-10-02 19:30:00,0.065167,-0.002333,-0.002167,-0.006,-0.007167,5e-06,0.087833,-0.006167,0.020833,0.020333,-1.6e-05,0.016,-0.0065,-0.001667,4e-06,0.074075,0.053824,0.0,-0.113167,1.229833,0.0265,18.725,12.828333,0.019843,0.0,0.0,0.0,,,,0.0,,,,0.0,,
2025-10-02 20:00:00,0.080667,-0.016167,-0.002667,-0.0065,-0.006833,6e-06,0.112167,-0.006833,0.038,0.0305,-2.8e-05,0.016167,-0.0085,-0.003667,5e-06,0.070402,0.048253,0.0,-0.087833,1.340167,0.034,18.441667,12.578333,0.019693,0.0,0.0,0.0,,,,0.0,,,,0.0,,
2025-10-02 20:30:00,0.129,-0.0275,-0.0105,-0.014833,-0.024667,7e-06,0.178333,-0.009833,0.068167,0.062333,-2.6e-05,0.029667,-0.014833,-0.006333,4e-06,0.10846,0.07943,0.0,-0.292833,1.681667,0.051167,18.036667,12.116667,0.019627,0.0,0.0,0.0,,,,0.0,,,,0.0,,
2025-10-02 21:00:00,0.176833,-0.029333,-0.007667,-0.014167,-0.011167,3e-06,0.218667,-0.0085,0.048833,0.043167,-1.2e-05,0.039833,-0.015167,-0.006667,3e-06,0.115827,0.078027,0.0,-0.151667,1.6715,0.032167,17.653333,11.74,0.019685,0.0,0.0,0.0,,,,0.0,,,,0.0,,
2025-10-02 21:30:00,0.117667,-0.008833,-0.005,-0.003833,-0.0035,1e-06,0.142667,-0.006833,0.047333,0.044,-1.1e-05,0.022333,-0.010667,-0.003833,2e-06,0.084003,0.056169,0.0,-0.123667,1.557167,0.034,17.34,11.405,0.019788,0.0,0.0,0.0,,,,0.0,,,,0.0,,
2025-10-02 22:00:00,0.156833,-0.012667,-0.003,-0.008667,-0.0115,2e-06,0.2235,-0.013167,0.0525,0.045833,-1.2e-05,0.0385,-0.017,-0.006833,3e-06,0.095584,0.054678,0.0,-0.354667,1.7545,0.0615,17.02,11.116667,0.019822,0.0,0.0,0.0,,,,0.0,,,,0.0,,
2025-10-02 22:30:00,0.105,0.0035,-0.004333,-0.009667,-0.0055,2e-06,0.139667,-0.005,0.013167,0.004333,-4e-06,0.027833,-0.0125,-0.005333,2e-06,0.094761,0.0576,0.0,-0.1165,1.317667,0.025,16.665,10.703333,0.019698,0.0,0.0,0.0,,,,0.0,,,,0.0,,
2025-10-02 23:00:00,0.284833,-0.019333,-0.0085,-0.0185,-0.0305,4e-06,0.323333,-0.017833,0.063167,0.051833,-1.9e-05,0.056,-0.019,-0.006,5e-06,0.080845,0.052977,0.0,-0.6175,2.021,0.068333,16.621667,10.726667,0.019633,0.0,0.0,0.0,,,,0.0,,,,0.0,,
2025-10-02 23:30:00,0.204,0.006167,-0.0165,-0.002333,0.0045,0.0,0.303333,-0.0175,0.066167,0.055,-1.4e-05,0.053,-0.0225,-0.009833,4e-06,0.089301,0.054912,0.0,-0.157,1.988833,0.053333,16.436667,10.528333,0.019523,0.0,0.0,0.0,,,,0.0,,,,0.0,,
2025-10-03 00:00:00,0.186667,-0.013833,-0.008333,0.0095,0.018,-4e-06,0.245333,-0.004833,0.024,0.021,-8e-06,0.043,-0.012667,-0.005667,4e-06,0.051076,0.0289,0.0,0.228833,1.533833,0.034833,16.223333,10.338333,0.019652,0.0,0.0,0.0,,,,0.0,,,,0.0,,
2025-10-03 00:30:00,0.1615,0.018667,-0.013833,0.013833,0.019667,-5e-06,0.195167,-0.016833,0.039667,0.0335,-1.2e-05,0.0405,-0.015667,-0.0085,5e-06,0.044873,0.026623,0.0,0.0795,1.404,0.038333,16.141667,10.251667,0.019742,0.0,0.0,0.0,,,,0.0,,,,0.0,,
2025-10-03 01:00:00,0.144833,0.013,-0.0085,0.005833,0.003667,-5e-06,0.147167,-0.005,0.017167,0.011833,-1e-05,0.031167,-0.008333,-0.001667,4e-06,0.025707,0.01292,0.0,-0.2295,1.4385,0.038667,16.201667,10.303333,0.019832,0.0,0.0,0.0,,,,0.0,,,,0.0,,
2025-10-03 01:30:00,0.169833,0.0295,-0.007,0.013167,0.017667,-7e-06,0.173833,-0.010667,0.021,0.018333,-1.2e-05,0.037833,-0.01,-0.004167,5e-06,0.032882,0.019553,0.0,0.098667,1.404667,0.033,16.213333,10.323333,0.019843,0.0,0.0,0.0,,,,0.0,,,,0.0,,
2025-10-03 02:00:00,0.141833,0.002833,-0.007,0.005667,0.010333,-3e-06,0.120167,-0.007667,0.012667,0.009167,-6e-06,0.036,-0.010333,-0.003833,4e-06,0.030625,0.015335,0.0,0.1635,1.298,0.042667,16.246667,10.363333,0.019815,0.0,0.0,0.0,,,,0.0,,,,0.0,,
2025-10-03 02:30:00,0.1305,0.003667,-0.008833,0.005667,0.009667,-3e-06,0.117833,-0.0065,0.017667,0.010333,-8e-06,0.027,-0.008,-0.003333,3e-06,0.035532,0.018315,0.0,0.049667,1.1185,0.031333,16.223333,10.331667,0.019813,0.0,0.0,0.0,,,,0.0,,,,0.0,,
2025-10-03 03:00:00,0.125333,0.005833,-0.0105,0.000333,-0.002833,-0.0,0.1245,-0.007667,0.0225,0.017,-1.3e-05,0.027667,-0.008167,-0.002,4e-06,0.024649,0.013263,0.0,-0.263,1.2425,0.042667,16.14,10.23,0.019875,0.0,0.0,0.0,,,,0.0,,,,0.0,,
2025-10-03 03:30:00,0.160833,-0.000833,-0.007,-0.0045,-0.002833,3e-06,0.227167,-0.006167,0.029667,0.026333,-2e-05,0.041333,-0.010833,-0.0035,7e-06,0.027778,0.014803,0.0,-0.1665,1.629833,0.045667,16.06,10.151667,0.019865,0.0,0.0,0.0,,,,0.0,,,,0.0,,
2025-10-03 04:00:00,0.1955,0.0375,-0.013,0.0075,0.014833,-6e-06,0.35,-0.027333,0.041,0.035833,-3.1e-05,0.054667,-0.013333,-0.0055,9e-06,0.022952,0.013417,0.0,0.2075,1.720333,0.044333,16.133333,10.268333,0.019783,0.0,0.0,0.0,,,,0.0,,,,0.0,,
2025-10-03 04:30:00,0.213167,0.051167,-0.013667,0.0095,0.0145,-2.9e-05,0.3395,-0.021333,0.030833,0.025,0.000113,0.058167,-0.011167,-0.003333,1.4e-05,0.016555,0.0101,1e-06,0.280167,1.872167,0.029333,16.038333,10.17,0.01842,0.0,0.0,0.0,,,,0.0,,,,0.0,,
2025-10-03 05:00:00,0.357167,-0.0155,-0.009667,-0.006667,-0.006833,-0.000667,0.327167,-0.018333,0.030833,0.020667,0.000469,0.0585,-0.009167,0.0005,-4e-06,0.017733,0.011772,5e-06,-0.158833,2.132,0.052167,15.801667,9.833333,0.007388,0.0,0.0,0.0,,,,0.0,,,,0.0,,
2025-10-03 05:30:00,0.238333,0.002333,-0.016667,0.0025,0.005333,-1e-06,0.251333,-0.010167,0.025167,0.0095,-7e-06,0.049667,-0.009,0.000833,-3.1e-05,0.019553,0.009539,4e-06,-0.142667,1.873833,0.0415,15.58,9.521667,0.009408,0.0,0.0,0.0,,,,0.0,,,,0.0,,
2025-10-03 06:00:00,0.2375,-0.025167,-0.006,-0.000167,0.022667,-0.000262,0.290833,-0.0305,0.022333,0.005833,-7.7e-05,0.054667,-0.010833,-0.0025,3.8e-05,0.014803,0.029127,8e-06,-0.119667,1.804667,0.026833,15.311667,9.248333,0.014988,0.0,0.0,0.0,,,,0.0,,,,0.0,,
2025-10-03 06:30:00,0.315167,-0.073667,-0.015833,0.000167,0.001167,-8.7e-05,0.410333,-0.0165,0.0295,0.015833,2.6e-05,0.068167,-0.009167,-0.000667,6e-06,0.014925,0.005776,0.0,0.065,1.900667,0.040167,15.28,9.295,0.019822,0.0,0.0,0.0,,,,0.0,,,,0.0,,
2025-10-03 07:00:00,0.257,-0.010167,-0.02,-0.002,-0.008833,-6e-06,0.356333,-0.019333,0.006333,-0.000833,-2.8e-05,0.0615,-0.002667,0.003,1e-05,0.00429,0.005065,0.0,0.129833,2.030667,0.042667,15.356667,9.501667,0.020568,0.0,0.0,0.0,,,,0.0,,,,0.0,,
2025-10-03 07:30:00,0.390667,0.083333,-0.031,0.0015,-0.0035,-1.8e-05,0.433,-0.032167,0.007167,-0.003833,-4.4e-05,0.077833,-0.001833,0.003667,1.5e-05,0.001849,0.00565,0.0,0.2035,2.247833,0.048833,15.715,9.871667,0.0207,0.0,0.0,0.0,,,,0.0,,,,0.0,,
2025-10-03 08:00:00,0.4735,0.001667,-0.020833,-0.001833,-0.007,-8e-06,0.5075,-0.037667,0.004333,-0.008,-4e-05,0.097333,-0.003167,0.005,1.6e-05,0.002352,0.005088,0.0,0.474333,2.516833,0.055333,15.961667,10.138333,0.0207,0.0,0.0,0.0,,,,0.0,,,,0.0,,
2025-10-03 08:30:00,0.592833,-0.0125,-0.027833,-0.001167,-0.0105,-2.7e-05,0.518167,-0.0325,-0.003167,-0.012,-3.3e-05,0.116333,-0.0025,0.006333,2.2e-05,0.00198,0.006861,0.0,0.395833,2.551833,0.046,16.28,10.49,0.020763,0.0,0.0,0.0,,,,0.0,,,,0.0,,
2025-10-03 09:00:00,0.495,0.015167,-0.0215,0.000167,-0.0165,-2.8e-05,0.599,-0.046,-0.002,-0.007667,-4.6e-05,0.103167,-0.001333,0.007833,2.2e-05,0.00156,0.007627,0.0,0.820333,2.564333,0.033667,16.543333,10.768333,0.020837,0.0,0.0,0.0,,,,0.0,,,,0.0,,
2025-10-03 09:30:00,0.492,-0.008,-0.022,0.001,-0.012833,-2e-06,0.477667,-0.037833,-0.003833,-0.012833,-4.7e-05,0.0905,0.001167,0.008,1.8e-05,0.001344,0.008618,0.0,0.563333,2.419167,0.0645,16.82,11.061667,0.020997,0.0,0.0,0.0,,,,0.0,,,,0.0,,
2025-10-03 10:00:00,0.7965,-0.149833,-0.037833,0.004667,0.0175,4.4e-05,0.852,-0.039333,-0.015333,-0.025667,-6.7e-05,0.152333,0.004,0.0055,2.9e-05,0.002916,0.011881,0.0,-0.38,3.135,0.076667,17.023333,11.335,0.020163,0.0,0.0,0.0,,,,0.0,,,,0.0,,
2025-10-03 10:30:00,0.9655,-0.013167,-0.044,-0.004833,-0.023167,-7e-06,0.898167,-0.067167,-0.016,-0.026,-7.8e-05,0.171833,0.004667,0.011667,2.3e-05,0.002898,0.010506,0.0,0.651,3.2645,0.0445,17.341667,11.628333,0.021278,0.0,0.0,0.0,,,,0.0,,,,0.0,,
2025-10-03 11:00:00,0.654833,0.009833,-0.045,-0.007,-0.0325,2.8e-05,0.894333,-0.058833,-0.042833,-0.051333,-0.000186,0.14,0.0155,0.018667,3.5e-05,0.013225,0.026951,0.0,0.413167,2.9235,0.078667,17.825,12.156667,0.020697,0.0,0.0,0.0,,,,0.0,,,,0.0,,
2025-10-03 11:30:00,0.971667,0.019833,-0.0385,-0.010667,-0.035167,-2.4e-05,1.089167,-0.068833,-0.040167,-0.039,-8.7e-05,0.166833,0.013167,0.014333,3.8e-05,0.009539,0.017867,0.0,0.358333,3.344167,0.0775,18.215,12.545,0.021415,0.0,0.0,0.0,,,,0.0,,,,0.0,,
2025-10-03 12:00:00,1.0495,-0.0,-0.052,-0.007167,-0.027333,-5.4e-05,0.747,-0.054667,-0.018667,-0.017833,-6.4e-05,0.1455,0.006333,0.009,2.9e-05,0.003403,0.009312,0.0,0.547667,2.843167,0.070833,18.466667,12.756667,0.021312,0.0,0.0,0.0,,,,0.0,,,,0.0,,
2025-10-03 12:30:00,0.742833,0.009667,-0.034167,-0.001,-0.0165,-3e-05,0.6875,-0.057667,-0.008167,-0.006333,-6.9e-05,0.118333,0.002333,0.007,2.9e-05,0.001907,0.007028,0.0,0.6255,2.709,0.052333,18.691667,12.943333,0.021353,0.0,0.0,0.0,,,,0.0,,,,0.0,,
2025-10-03 13:00:00,0.674167,0.054833,-0.0255,-0.005833,-0.0185,-2.6e-05,0.589,-0.065,-0.0155,-0.019,-8.3e-05,0.119833,0.006,0.008333,3.2e-05,0.003287,0.010235,0.0,0.267,2.7325,0.068,18.935,13.201667,0.02144,0.0,0.0,0.0,,,,0.0,,,,0.0,,
2025-10-03 13:30:00,0.950667,-0.0055,-0.024,-0.0025,-0.008333,-0.000152,0.924833,-0.056167,-0.002,-0.000167,-0.000298,0.160167,-0.0025,0.004,6.6e-05,0.0036,0.008773,2e-06,0.201167,3.193,0.066167,19.005,13.231667,0.021678,0.0,0.0,0.0,,,,0.0,,,,0.0,,
2025-10-03 14:00:00,1.017333,0.0415,-0.051833,0.000833,-0.021667,6e-06,1.070833,-0.069833,-0.0015,0.011333,-0.000307,0.180833,-0.003,0.005,3e-05,0.00352,0.03246,1e-06,0.491167,3.457833,0.036,19.008333,13.305,0.018145,0.0,0.0,0.0,,,,0.0,,,,0.0,,
2025-10-03 14:30:00,0.921667,-0.0415,-0.063667,-0.000333,-0.011833,0.000101,1.054667,-0.056167,0.011167,0.015833,-0.0002,0.1685,-0.0055,0.001,1.4e-05,0.005184,0.006534,0.0,0.521333,3.476167,0.054,19.281667,13.571667,0.02034,0.0,0.0,0.0,,,,0.0,,,,0.0,,
2025-10-03 15:00:00,0.711667,0.005167,-0.052333,0.011833,0.001,-9e-06,1.022333,-0.042333,0.021167,0.021333,-0.000264,0.1635,-0.009833,-0.0015,4e-05,0.007685,0.008993,0.0,0.7855,2.951667,0.024167,19.468333,13.721667,0.020585,0.0,0.0,0.0,,,,0.0,,,,0.0,,
2025-10-03 15:30:00,0.827667,-0.021,-0.068667,0.019833,0.022,4.8e-05,1.114,-0.073333,0.0445,0.028833,-0.000214,0.1715,-0.018333,-0.005333,1.4e-05,0.019834,0.017468,1e-06,0.636,3.198167,0.043,19.153333,13.353333,0.019178,0.0,0.0,0.0,,,,0.0,,,,0.0,,
2025-10-03 16:00:00,0.912667,0.011,-0.048667,0.0095,0.005667,-2.3e-05,0.6425,-0.058,0.029167,0.025,-5.9e-05,0.171,-0.014,-0.004167,2.4e-05,0.016256,0.011342,0.0,0.443,3.076,0.0585,19.098333,13.308333,0.0212,0.0,0.0,0.0,,,,0.0,,,,0.0,,
2025-10-03 16:30:00,1.277333,-0.153333,-0.0645,0.043167,0.050167,-0.0,1.279,-0.072167,0.038833,0.034333,-9.7e-05,0.201333,-0.024167,-0.011,3.3e-05,0.026406,0.019553,0.0,0.745,3.179,0.0675,19.253333,13.416667,0.020883,0.0,0.0,0.0,,,,0.0,,,,0.0,,
2025-10-03 17:00:00,1.131833,0.013,-0.059,0.046333,0.055667,-0.000133,1.054167,-0.08,0.049667,0.048,-6.6e-05,0.219167,-0.032667,-0.015833,5.2e-05,0.041006,0.033306,3e-06,1.169,3.076167,0.0225,19.095,13.206667,0.017078,0.0,0.0,0.0,,,,0.0,,,,0.0,,
2025-10-03 17:30:00,1.145,0.001,-0.050167,0.041667,0.0495,-2.9e-05,1.213333,-0.058333,0.023333,0.003333,7.2e-05,0.217,-0.03,-0.0155,7.5e-05,0.034348,0.052977,4e-06,1.7155,2.100167,0.013,18.275,12.318333,0.014847,0.0,0.0,0.0,,,,0.0,,,,0.0,,
2025-10-03 18:00:00,0.989,0.009667,-0.052667,0.025,0.014,-0.0004,1.037333,-0.0795,0.0245,0.010167,-0.000254,0.216667,-0.0145,-0.0055,1.4e-05,0.017689,0.032701,5e-06,1.829333,2.213333,0.040167,17.216667,10.985,0.019165,0.0,0.0,0.0,,,,0.0,,,,0.0,,
2025-10-03 18:30:00,1.1225,0.0285,-0.059333,0.017,0.0375,0.000344,1.446333,-0.092667,0.044167,0.0125,-2e-06,0.236833,-0.014167,0.000667,0.0,0.0289,0.021413,8e-06,1.280333,3.439167,0.027833,16.761667,10.555,0.021298,0.0,0.0,0.0,,,,0.0,,,,0.0,,
2025-10-03 19:00:00,0.904,0.284,-0.097,0.041,0.063,-0.001156,1.336,-0.172,0.077,0.061,-0.000345,0.237,-0.024,-0.001,-6e-05,0.034596,0.028448,2.4e-05,1.467,3.907,0.035,16.69,10.241667,0.021705,0.0,0.0,0.0,,,,0.0,,,,0.0,,
2025-10-03 19:30:00,,,,,,,,,,,,,,,,,0.026352,1.8e-05,,,,,10.036667,0.019423,0.0,0.0,0.0,,,,0.0,,,,0.0,,
2025-10-03 20:00:00,,,,,,,,,,,,,,,,,0.018541,0.00064,,,,,10.038333,0.021668,0.0,0.0,0.0,,,,0.0,,,,0.0,,0.0608
2025-10-03 20:30:00,,,,,,,,,,,,,,,,,0.01596,1.788515,,,,,10.191667,1.348633,0.0,0.0,0.0,,,,0.0,,,,0.0,,0.057833
2025-10-03 21:00:00,,,,,,,,,,,,,,,,,0.013034,8e-06,,,,,10.615,0.022523,0.0,0.0,0.0,,,,0.0,,,,0.0,,0.060333
2025-10-03 21:30:00,,,,,,,,,,,,,,,,,0.006669,7e-06,,,,,10.821667,0.024052,0.0,0.0,0.0,,,,0.0,,,,0.0,,0.059167
2025-10-03 22:00:00,,,,,,,,,,,,,,,,,0.00632,1e-05,,,,,11.096667,0.01933,0.0,0.0,0.0,,,,0.0,,,,0.0,,0.060167
2025-10-03 22:30:00,12.976667,-18.283333,5.454333,-1.037,0.055,0.000251,33.716667,-9.95,2.52,-0.033333,-0.000222,3.531,-0.811667,0.017,0.000161,2.127708,0.003383,1e-05,1.034333,5.643333,-0.379667,22.636667,11.656667,0.024268,0.0,0.0,0.0,,,,0.0,,,,0.0,,0.06075
2025-10-03 23:00:00,3.508167,-0.844333,-0.316167,0.289667,0.0165,-0.000125,3.758,-0.626333,0.252,0.027,-0.00011,0.7,-0.270667,-0.003667,2.4e-05,0.77528,0.002756,1e-06,0.721167,3.393167,0.3255,22.758333,12.05,0.023907,0.0,0.0,0.0,,,,0.0,,,,0.0,,0.0615
2025-10-03 23:30:00,2.045,-0.327667,-0.325333,0.002667,0.023667,-7.3e-05,2.290667,-0.124333,0.083333,0.020167,-0.000213,0.451667,-0.0965,-0.003833,2.8e-05,0.214523,0.005575,0.0,1.651333,3.03,0.072667,24.365,12.543333,0.026372,0.0,0.0,0.0,,,,0.0,,,,0.0,,
2025-10-04 00:00:00,1.972,0.020333,-0.283833,-0.023167,0.031667,-0.000143,2.0285,-0.143167,0.030167,0.023167,-0.000157,0.498833,-0.1495,-0.003833,2.1e-05,0.24519,0.009702,0.0,1.809833,3.0075,0.048333,24.571667,12.9,0.023497,0.0,0.0,0.0,,,,0.0,,,,0.0,,
2025-10-04 00:30:00,4.0704,-1.138,-0.174,-0.0066,0.0248,-7.9e-05,4.1774,-0.6942,0.3594,-0.0342,-0.000287,0.7144,-0.2394,-0.0032,1.7e-05,0.72795,0.018952,1e-06,1.858,2.8764,0.1692,25.17,13.336667,0.018407,0.0,0.0,0.0,,,,0.0,,,,0.0,,
2025-10-04 01:00:00,,,,,,,,,,,,,,,,,0.054134,1e-06,,,,,13.456667,0.011203,0.0,0.0,0.0,,,,0.0,,,,0.0,,
2025-10-04 01:30:00,,,,,,,,,,,,,,,,,0.002434,1.4e-05,,,,,13.623333,0.020347,0.0,0.0,0.0,,,,0.0,,,,0.0,,0.062
2025-10-04 02:00:00,,,,,,,,,,,,,,,,,0.001469,1.8e-05,,,,,14.115,0.018557,0.0,0.0,0.0,,,,0.0,,,,0.0,,0.060667
2025-10-04 02:30:00,,,,,,,,,,,,,,,,,0.002401,2.5e-05,,,,,14.681667,0.026655,0.0,0.0,0.0,,,,0.0,,,,0.0,,0.059833
2025-10-04 03:00:00,,,,,,,,,,,,,,,,,0.006724,2.4e-05,,,,,15.326667,0.02412,0.0,0.0,0.0,,,,0.0,,,,0.0,,0.062333
2025-10-04 03:30:00,,,,,,,,,,,,,,,,,0.01818,7e-06,,,,,15.86,0.02073,0.0,0.0,0.0,,,,0.0,,,,0.0,,0.064
2025-10-04 04:00:00,,,,,,,,,,,,,,,,,0.007453,5.9e-05,,,,,15.995,0.027007,0.0,0.0,0.0,,,,0.0,,,,0.0,,0.065167
2025-10-04 04:30:00,,,,,,,,,,,,,,,,,0.242852,2e-05,,,,,15.906,0.0207,0.0,0.0,0.0,,,,0.0,,,,0.0,,0.064833
2025-10-04 05:00:00,,,,,,,,,,,,,,,,,0.035156,2e-05,,,,,13.021667,0.013128,0.0,0.0,0.0,,,,0.0,,,,0.0,,0.061833
2025-10-04 05:30:00,,,,,,,,,,,,,,,,,0.041684,1.2e-05,,,,,13.441667,0.018627,0.0,0.0,0.0,,,,0.0,,,,0.0,,0.059833
2025-10-04 06:00:00,,,,,,,,,,,,,,,,,0.07326,7e-06,,,,,13.265,0.018377,0.0,0.0,0.0,,,,0.0,,,,0.0,,0.059
2025-10-04 06:30:00,,,,,,,,,,,,,,,,,0.024964,2.5e-05,,,,,13.151667,0.018655,0.0,0.0,0.0,,,,0.0,,,,0.0,,0.059
2025-10-04 07:00:00,,,,,,,,,,,,,,,,,0.033672,1.7e-05,,,,,12.943333,0.019535,0.0,0.0,0.0,,,,0.0,,,,0.0,,0.059167
2025-10-04 07:30:00,,,,,,,,,,,,,,,,,0.048547,1.6e-05,,,,,12.506667,0.032185,0.0,0.0,0.0,,,,0.0,,,,0.0,,0.058
2025-10-04 08:00:00,11.12775,-0.20125,-3.20475,0.3305,0.04,-3.3e-05,0.73175,0.08225,-0.04675,-0.00475,-4.4e-05,1.1065,-0.092,-0.01075,2.7e-05,0.813153,0.026569,0.0,3.17275,-0.5405,0.00025,22.4375,12.9,0.023152,0.0,0.0,0.0,,,,0.0,,,,0.0,,0.057667
2025-10-04 08:30:00,19.358667,-0.185,-5.691,0.279333,0.035333,-0.000145,1.057333,0.060667,-0.009167,0.000333,3.6e-05,1.896833,-0.1405,-0.009667,2.3e-05,1.390041,0.004715,0.0,3.617333,-0.152667,0.036667,21.751667,13.175,0.023435,0.0,0.0,0.0,,,,0.0,,,,0.0,,0.057833
2025-10-04 09:00:00,20.63,-0.376833,-6.017333,0.327167,0.016333,-0.0001,0.800667,0.125833,-0.013,0.005667,-1.1e-05,1.960667,-0.200667,-0.0015,2.8e-05,1.724407,0.005501,0.0,3.777167,-0.135167,-0.028667,21.978333,13.388333,0.023442,0.0,0.0,0.0,,,,0.0,,,,0.0,,0.058333
2025-10-04 09:30:00,5.912167,0.058833,-1.406333,0.0975,0.001833,-0.000174,1.964833,0.1665,-0.056,-0.026833,0.000154,0.794667,-0.063167,-0.007,8.4e-05,0.7396,0.031447,0.0,4.000333,-2.519167,0.079333,20.978333,14.311667,0.02254,0.0,0.0,0.0,,,,0.0,,,,0.0,,0.060667
2025-10-04 10:00:00,3.402333,-0.303,-0.213167,0.009333,0.042167,-0.000333,2.673333,0.271333,-0.014667,-0.039667,0.000307,0.5695,-0.020333,-0.017167,0.000104,0.019044,0.02728,0.0,4.673,-3.863333,0.027167,19.968333,14.36,0.021113,0.0,0.0,0.0,,,,0.0,,,,0.0,,0.062
2025-10-04 10:30:00,2.910167,-0.124667,-0.129833,-0.083167,-0.056,-0.000239,2.005833,0.238167,0.081667,0.049,0.0002,0.4875,0.046667,0.035667,0.00011,0.053669,0.05206,0.0,4.117833,-3.5275,-0.0045,20.463333,14.95,0.021125,0.0,0.0,0.0,,,,0.0,,,,0.0,,0.062667
2025-10-04 11:00:00,2.875333,-0.0165,-0.227167,-0.0475,-0.0485,-0.000209,3.0605,0.244167,0.06,0.0265,0.000242,0.5825,0.0155,0.0145,9.2e-05,0.036672,0.04544,0.0,4.562833,-3.715667,-0.012,20.176667,14.635,0.020597,0.0,0.0,0.0,,,,0.0,,,,0.0,,0.063833
2025-10-04 11:30:00,3.356333,-0.0865,-0.239333,-0.1165,-0.104833,-0.000271,2.568833,0.2155,0.084833,0.070167,0.000189,0.557667,0.038667,0.032333,9.6e-05,0.055147,0.077469,0.0,5.053833,-3.521833,0.012833,20.096667,14.658333,0.020642,0.0,0.0,0.0,,,,0.0,,,,0.0,,0.0695
2025-10-04 12:00:00,2.928,-0.132167,-0.22,-0.040667,-0.006667,-0.000284,3.024333,0.251,0.142,0.1395,0.000291,0.507167,0.023833,0.02,8.5e-05,0.05728,0.062333,0.0,4.869167,-3.166667,0.014,19.896667,14.3,0.020303,0.0,0.0,0.0,,,,0.0,,,,0.0,,
2025-10-04 12:30:00,3.024833,-0.260333,-0.241167,0.0465,-0.002333,-0.000286,2.448833,0.24,-0.054,-0.037333,0.000218,0.5275,-0.011833,-0.000667,6e-05,0.071913,0.130803,1e-06,4.844167,-3.345333,-0.016167,18.688333,13.028333,0.01924,0.0,0.0,0.0,,,,0.0,,,,0.0,,0.065
2025-10-04 13:00:00,3.110333,-0.364667,-0.189333,0.004167,0.023667,-0.000249,2.305333,0.173,-0.055833,-0.0105,-5.4e-05,0.476,-0.005,0.003333,8.1e-05,0.058161,0.107365,1e-06,4.214667,-3.213333,-0.027,18.67,12.953333,0.01985,0.0,0.0,0.0,,,,0.0,,,,0.0,,0.0676
2025-10-04 13:30:00,2.452833,-0.1295,-0.206167,0.0195,-0.060667,-0.0002,1.848,0.186,-0.038,-0.0465,8.4e-05,0.407,-0.015167,-0.000167,7.5e-05,0.040535,0.068121,0.0,4.279333,-2.8065,0.026667,17.9,12.128333,0.019222,0.0,0.0,0.0,,,,0.0,,,,0.0,,
2025-10-04 14:00:00,3.058667,-0.114667,-0.216667,0.033333,0.026167,-0.000162,2.119667,0.177,-0.023,-0.003,-0.000134,0.447333,-0.018167,-0.004333,3.8e-05,0.046368,0.041548,2e-06,4.722167,-2.781333,0.022167,18.716667,13.05,0.02084,0.0,0.0,0.0,,,,0.0,,,,0.0,,0.0685
2025-10-04 14:30:00,3.240333,-0.358833,-0.211667,0.025833,0.041333,-0.00031,2.209,0.1995,-0.0385,-0.040667,0.000251,0.455167,-0.010833,0.0015,9.9e-05,0.025281,0.035407,1e-06,4.358,-2.884167,0.000333,18.57,13.0,0.017673,0.0,0.0,0.0,,,,0.0,,,,0.0,,
2025-10-04 15:00:00,3.033667,-0.239833,-0.182833,0.0565,0.0975,0.000137,2.254833,0.160667,-0.0535,-0.071333,0.000101,0.424167,-0.031,-0.018,7e-05,0.030218,0.046082,1e-06,5.179667,-2.4805,0.013,18.623333,12.833333,0.01776,0.0,0.0,0.0,,,,0.0,,,,0.0,,
2025-10-04 15:30:00,3.21575,0.25775,-0.41775,-0.12675,0.02225,0.000273,2.0325,0.14225,-0.268,-0.05225,0.000374,0.44975,-0.06275,0.0065,2e-05,0.329763,0.070933,3e-06,3.84875,-2.70925,0.00425,19.9975,11.113333,0.01474,0.0,0.0,0.0,,,,0.0,,,,0.0,,
2025-10-04 16:00:00,2.436,-0.3555,-0.27425,0.179,0.095,-0.000161,2.1235,0.16375,-0.08,-0.0435,-9.3e-05,0.462,-0.04975,-0.0125,2.9e-05,0.08439,0.040871,2e-06,4.47625,-2.2985,0.0475,19.9275,11.146667,0.01409,0.0,0.0,0.0,,,,0.0,,,,0.0,,
2025-10-04 16:30:00,3.092,-0.268,-0.5235,0.3245,0.095,-0.000522,1.987,0.1435,-0.125,-0.0615,-0.000152,0.506,-0.115,-0.0055,8.2e-05,0.212982,0.030859,2e-06,4.24,-2.591,0.079,19.655,10.755,0.019567,0.0,0.0,0.0,,,,0.0,,,,0.0,,
2025-10-04 17:00:00,3.153,-0.249333,-0.471167,0.1245,0.073667,-0.000327,2.133333,0.200667,-0.081167,-0.059667,2.9e-05,0.487333,-0.049833,-0.007833,1.1e-05,0.100489,0.018451,1e-06,4.433667,-2.657,-0.012333,19.583333,10.843333,0.014977,0.0,0.0,0.0,,,,0.0,,,,0.0,,
2025-10-04 17:30:00,1.6575,-0.1675,-0.1455,0.0825,0.071,-0.001489,1.469,0.096,-0.0315,-0.053,0.000245,0.242,-0.0205,-0.0075,-1.1e-05,0.054289,0.0289,7e-06,3.4785,-1.7925,0.039,18.99,10.623333,0.016758,0.0,0.0,0.0,,,,0.0,,,,0.0,,
2025-10-04 18:00:00,2.7595,-0.0165,-0.6305,0.1395,0.028,-0.000193,0.6115,0.0225,-0.0065,0.0,7.2e-05,0.3225,-0.041,-0.0005,2.2e-05,0.346332,0.013187,1e-06,3.5105,-1.222,-0.0035,20.07,10.48,0.014525,0.0,0.0,0.0,,,,0.0,,,,0.0,,
2025-10-04 18:30:00,9.162,-0.182667,-2.617667,-0.790667,-0.002,-0.000222,0.549667,0.089333,-0.011333,-0.017333,0.000146,0.956333,0.283333,-0.006333,7.6e-05,1.7956,0.018769,3e-06,2.548667,-1.606333,0.069,18.963333,11.023333,0.022838,0.0,0.0,0.0,,,,0.0,,,,0.0,,
2025-10-04 19:00:00,4.186333,-0.070333,-1.072833,-0.181167,0.047333,6.5e-05,0.9725,0.068,-0.125667,-0.079333,0.000194,0.547667,0.0835,-0.0035,-7.5e-05,0.935734,0.031743,0.0,2.338333,-2.266,0.166333,17.028333,11.86,0.01564,0.0,0.0,0.0,,,,0.0,,,,0.0,,
2025-10-04 19:30:00,1.487,-0.197,-0.118833,0.159333,0.107167,-0.000215,1.391667,0.12,-0.131167,-0.1115,0.000175,0.311,-0.050333,-0.0225,2.5e-05,0.099435,0.045156,1e-06,3.241833,-2.961,0.0215,18.713333,12.471667,0.019305,0.0,0.0,0.0,,,,0.0,,,,0.0,,
2025-10-04 20:00:00,1.4875,0.0555,-0.075333,0.120833,0.140667,9e-06,1.137333,0.106667,-0.0705,-0.0455,4.9e-05,0.263167,-0.045833,-0.024833,1.1e-05,0.076914,0.084972,0.0,3.442,-2.479,0.004667,18.558333,12.661667,0.023992,0.0,0.0,0.0,,,,0.0,,,,0.0,,0.067
2025-10-04 20:30:00,1.4185,-0.093667,-0.126,0.093,0.091833,7.2e-05,1.265333,0.126333,-0.099833,-0.091667,-8.2e-05,0.295333,-0.046333,-0.0235,4.7e-05,0.061091,0.058242,1e-06,3.3955,-2.899667,-0.0035,18.678333,12.723333,0.021198,0.0,0.0,0.0,,,,0.0,,,,0.0,,0.065
2025-10-04 21:00:00,1.541333,-0.022667,-0.077,0.132167,0.083,-0.000281,1.014167,0.139167,-0.067167,-0.0475,-9.5e-05,0.27,-0.042167,-0.015,5e-06,0.071735,0.057201,2e-06,3.203833,-2.480667,-0.0205,18.508333,12.385,0.02159,0.0,0.0,0.0,,,,0.0,,,,0.0,,
2025-10-04 21:30:00,1.893833,-0.241333,-0.154167,0.1255,0.056667,0.000101,1.968833,0.204,-0.138,-0.148167,0.000272,0.334833,-0.055167,-0.022667,2.1e-05,0.074438,0.080467,3e-06,3.096833,-2.924833,-0.022833,18.483333,12.511667,0.01983,0.0,0.0,0.0,,,,0.0,,,,0.0,,
2025-10-04 22:00:00,1.416,-0.050167,-0.106167,0.0935,0.107167,0.000107,1.084167,0.116,-0.100333,-0.047167,4.9e-05,0.259667,-0.0485,-0.021333,3.4e-05,0.069784,0.083907,1e-06,3.1455,-2.607833,-0.020333,18.423333,12.87,0.017127,0.0,0.0,0.0,,,,0.0,,,,0.0,,
2025-10-04 22:30:00,1.341167,-0.105,-0.099833,0.125833,0.108333,-8.6e-05,1.051167,0.115667,-0.100667,-0.078333,6.9e-05,0.259167,-0.0475,-0.0215,3.7e-05,0.074438,0.045298,0.0,3.319333,-2.570833,-0.009667,18.595,13.998333,0.020095,0.0,0.0,0.0,,,,0.0,,,,0.0,,
2025-10-04 23:00:00,1.764167,0.072333,-0.119167,0.104833,0.101167,-0.000104,1.4835,0.189,-0.112833,-0.0925,7e-05,0.364333,-0.056167,-0.029167,3.6e-05,0.074438,0.04958,0.0,3.511333,-2.943167,0.033,18.765,14.096667,0.02116,0.0,0.0,0.0,,,,0.0,,,,0.0,,
2025-10-04 23:30:00,2.0135,-0.152333,-0.132667,0.103667,0.105,-0.00015,1.421167,0.146167,-0.114667,-0.102,0.000101,0.358833,-0.059,-0.034833,3.8e-05,0.067167,0.046082,0.0,3.415833,-3.074167,-0.006833,18.736667,14.08,0.020882,0.0,0.0,0.0,,,,0.0,,,,0.0,,
2025-10-05 00:00:00,1.592833,-0.2445,-0.109833,0.116333,0.111833,-8.2e-05,1.211,0.137833,-0.104333,-0.0875,8.5e-05,0.272833,-0.044333,-0.0235,2.7e-05,0.05752,0.034844,0.0,3.044833,-2.609333,0.002333,18.353333,13.603333,0.021077,0.0,0.0,0.0,,,,0.0,,,,0.0,,
2025-10-05 00:30:00,1.236,-0.08975,-0.03,0.13775,0.12375,-0.000303,1.49525,0.19075,-0.10575,-0.1585,3.1e-05,0.2605,-0.038,-0.01075,-5e-06,0.11543,0.138136,4e-06,2.832,-2.395,0.02825,18.6225,12.59,0.021268,0.0,0.0,0.0,,,,0.0,,,,0.0,,
2025-10-05 01:00:00,0.8655,0.025167,-0.016833,0.052833,0.077833,-0.000105,0.806667,0.119333,-0.0425,-0.048833,6e-05,0.167333,-0.027333,-0.012,1.6e-05,0.114582,0.034907,0.0,2.278167,-1.7485,-0.004,20.37,12.686667,0.028057,0.0,0.0,0.0,,,,0.0,,,,0.0,,
2025-10-05 01:30:00,1.327833,-0.271333,-0.114333,0.136333,0.127333,6e-05,1.108167,0.126667,-0.087833,-0.092,-0.0,0.238333,-0.038667,-0.019167,2.5e-05,0.0784,0.053747,0.0,2.990333,-2.3835,0.020167,18.656667,12.966667,0.021893,0.0,0.0,0.0,,,,0.0,,,,0.0,,
2025-10-05 02:00:00,1.0985,-0.056167,-0.072167,0.073167,0.066833,-4.8e-05,0.856333,0.0955,-0.0825,-0.0675,4.3e-05,0.212333,-0.040167,-0.020833,2.4e-05,0.061752,0.038875,0.0,2.826167,-2.253167,0.028,17.955,13.148333,0.021195,0.0,0.0,0.0,,,,0.0,,,,0.0,,0.0658
2025-10-05 02:30:00,1.522,-0.107833,-0.109333,0.114167,0.101333,-0.000151,1.338333,0.1465,-0.099167,-0.082167,7.4e-05,0.283667,-0.045333,-0.022167,3.8e-05,0.058242,0.035595,0.0,3.599333,-2.605667,0.008,17.876667,13.081667,0.020782,0.0,0.0,0.0,,,,0.0,,,,0.0,,0.066833
2025-10-05 03:00:00,0.901833,-0.156,-0.067,0.091167,0.091833,-4.6e-05,0.666333,0.055833,-0.074167,-0.065833,4.2e-05,0.154667,-0.035,-0.017333,1.6e-05,0.061587,0.041209,0.0,2.671,-1.920167,-0.001,17.59,12.783333,0.02125,0.0,0.0,0.0,,,,0.0,,,,0.0,,0.067833
2025-10-05 03:30:00,1.34,-0.154833,-0.083667,0.0865,0.082,-0.000301,1.046,0.1295,-0.086667,-0.072167,0.000119,0.261333,-0.042667,-0.028333,1.3e-05,0.053515,0.054678,0.0,2.991833,-2.612667,-0.015,17.9,13.055,0.020608,0.0,0.0,0.0,,,,0.0,,,,0.0,,0.067667
2025-10-05 04:00:00,0.6335,0.012167,-0.047167,0.050167,0.044667,-5.2e-05,0.641833,0.055,-0.0615,-0.062667,-9.1e-05,0.158167,-0.030333,-0.014833,5e-06,0.050251,0.0484,0.0,2.682,-1.912,-0.008,17.748333,12.88,0.021005,0.0,0.0,0.0,,,,0.0,,,,0.0,,0.0668
2025-10-05 04:30:00,0.893167,-0.140333,-0.068667,0.0775,0.068667,5.4e-05,0.919167,0.050167,-0.048833,-0.0505,-6e-05,0.161167,-0.029667,-0.012167,4e-06,0.054367,0.035658,1e-06,2.4195,-1.806667,0.0,16.901667,11.981667,0.019793,0.0,0.0,0.0,,,,0.0,,,,0.0,,
2025-10-05 05:00:00,1.231833,0.028333,-0.061167,0.1265,0.074,-0.000226,1.421333,0.146333,-0.088333,-0.077667,-0.000343,0.259833,-0.0335,-0.014167,1.1e-05,0.068731,0.039402,0.0,2.953667,-2.4545,-0.014167,17.076667,12.076667,0.018805,0.0,0.0,0.0,,,,0.0,,,,0.0,,
2025-10-05 05:30:00,1.418833,-0.135,-0.078667,0.083333,0.091667,-0.000272,1.189,0.144667,-0.150833,-0.132,7.5e-05,0.258667,-0.046167,-0.021667,2.4e-05,0.081225,0.058161,0.0,2.464333,-2.6955,-0.0415,17.49,12.275,0.022327,0.0,0.0,0.0,,,,0.0,,,,0.0,,
2025-10-05 06:00:00,0.8545,-0.153167,-0.0715,0.0855,0.075167,-3.4e-05,0.611333,0.078333,-0.069833,-0.0665,3.3e-05,0.157167,-0.035333,-0.017,1.8e-05,0.057121,0.034287,0.0,2.526667,-2.039833,-0.009667,17.265,12.43,0.019628,0.0,0.0,0.0,,,,0.0,,,,0.0,,
2025-10-05 06:30:00,0.5245,-0.067833,-0.031833,0.069,0.0635,-4.7e-05,0.541,0.050167,-0.067333,-0.062,4.4e-05,0.114833,-0.029833,-0.012667,1.6e-05,0.066995,0.046082,0.0,2.16,-1.697333,-0.005667,17.306667,12.483333,0.02058,0.0,0.0,0.0,,,,0.0,,,,0.0,,
2025-10-05 07:00:00,1.662667,-0.179167,-0.1,0.094,0.090333,-9.6e-05,1.315833,0.150833,-0.077,-0.0695,8.4e-05,0.301167,-0.032333,-0.011,3e-05,0.040669,0.026841,0.0,2.352833,-3.01,0.001,17.891667,13.253333,0.021045,0.0,0.0,0.0,,,,0.0,,,,0.0,,
2025-10-05 07:30:00,1.1825,0.082167,-0.055833,0.057167,0.041333,4e-05,0.932667,0.1245,-0.046,-0.014333,3.3e-05,0.276833,-0.025167,-0.006833,-3.1e-05,0.043264,0.079148,9e-06,1.771167,-2.8915,-0.006667,17.24,12.251667,0.021565,0.0,0.0,0.0,,,,0.0,,,,0.0,,
2025-10-05 08:00:00,0.695333,0.045833,-0.034667,0.005167,-0.014333,0.000287,0.649,0.084667,-0.019333,0.0025,-0.000278,0.151167,-0.008667,0.003833,3.7e-05,0.031388,0.0155,8e-06,1.121833,-2.354833,-0.055833,17.818333,11.541667,0.032248,0.0,0.0,0.0,,,,0.0,,,,0.0,,
2025-10-05 08:30:00,1.004667,0.001,-0.041833,0.016667,-0.0025,-0.000103,0.687333,0.0985,0.0015,-0.0075,0.000133,0.195,-0.004,0.007833,4.9e-05,0.009152,0.009441,0.0,2.116333,-2.305833,-0.0725,18.276667,11.933333,0.037408,0.0,0.0,0.0,,,,0.0,,,,0.0,,0.066
2025-10-05 09:00:00,1.630833,0.252167,-0.085667,-0.012333,-0.021833,-0.000105,1.5505,0.165833,0.04,0.059,0.000163,0.347333,0.021333,0.035,5.1e-05,0.015417,0.046225,1e-06,2.751667,-3.1145,-0.014833,18.041667,13.108333,0.02349,0.0,0.0,0.0,,,,0.0,,,,0.0,,0.070167
2025-10-05 09:30:00,1.205333,0.023167,-0.070833,0.011833,-0.013,-0.000516,1.238,0.175333,-0.015833,-0.009333,0.000328,0.295,-0.011333,0.010333,6e-06,0.01037,0.062333,6e-06,2.240667,-3.090667,-0.016667,17.781667,12.735,0.020837,0.0,0.0,0.0,,,,0.0,,,,0.0,,0.066167
2025-10-05 10:00:00,0.7635,-0.012833,-0.048833,-0.002167,-0.007667,0.000226,0.651833,0.098333,0.012,0.032,0.001083,0.161833,0.002833,0.013833,0.000102,0.019414,0.04403,3.1e-05,1.461333,-2.418167,-0.029,17.796667,12.256667,0.019045,0.0,0.0,0.0,,,,0.0,,,,0.0,,0.061
2025-10-05 10:30:00,1.499833,-0.112667,-0.091833,-0.009,-0.026167,-0.000204,1.1665,0.144833,0.0285,-0.016833,0.000401,0.258333,0.001667,0.014667,2.7e-05,0.011378,0.032101,2e-06,2.262833,-2.8335,-0.031833,17.653333,12.436667,0.015608,0.0,0.0,0.0,,,,0.0,,,,0.0,,0.059333
2025-10-05 11:00:00,1.866833,-0.113667,-0.106667,0.020167,-0.033833,-0.000467,1.879667,0.2645,0.03,-0.0165,0.000405,0.440667,-0.006833,0.0145,7.9e-05,0.04431,0.027556,2e-06,2.6725,-3.7585,0.018333,17.466667,11.701667,0.021497,0.0,0.0,0.0,,,,0.0,,,,0.0,,0.058667
2025-10-05 11:30:00,1.593667,-0.133833,-0.068833,-0.026167,-0.040333,-0.000148,1.0915,0.138167,0.0155,0.028333,0.000109,0.274667,0.009,0.021667,4.5e-05,0.008525,0.018769,1e-06,2.622667,-2.859833,-0.017833,18.038333,12.261667,0.025592,0.0,0.0,0.0,,,,0.0,,,,0.0,,0.0645
2025-10-05 12:00:00,1.914333,0.0105,-0.105333,-0.019,-0.0555,-7.5e-05,1.7655,0.248,0.034,0.049833,6.6e-05,0.3825,0.013333,0.032,1.8e-05,0.017956,0.051151,1e-06,2.684833,-3.2695,0.003833,18.053333,12.255,0.019913,0.0,0.0,0.0,,,,0.0,,,,0.0,,0.063833
2025-10-05 12:30:00,2.291,-0.207833,-0.104167,-0.047167,-0.070167,-0.000128,1.526333,0.1995,0.041667,0.055,0.000117,0.375667,0.018,0.028833,5.7e-05,0.011485,0.019367,0.0,3.219,-3.294833,0.001167,18.373333,12.59,0.022535,0.0,0.0,0.0,,,,0.0,,,,0.0,,0.064833
2025-10-05 13:00:00,1.352167,0.018833,-0.076333,-0.058,-0.077667,-9.6e-05,1.294167,0.175833,0.097167,0.122333,0.000156,0.3095,0.0645,0.069167,8.9e-05,0.08256,0.107912,0.0,2.463833,-3.008667,0.008333,19.171667,13.681667,0.023095,0.0,0.0,0.0,,,,0.0,,,,0.0,,0.067167
2025-10-05 13:30:00,2.488833,0.056667,-0.120167,-0.103167,-0.119333,-0.000175,1.661333,0.210333,0.099,0.100667,0.00018,0.402,0.049,0.053833,8.3e-05,0.046584,0.056485,0.0,2.991333,-3.514167,-0.045833,19.758333,14.18,0.022595,0.0,0.0,0.0,,,,0.0,,,,0.0,,0.067667
2025-10-05 14:00:00,1.960833,0.002,-0.041333,-0.039167,-0.0865,-3.2e-05,1.8815,0.170333,0.1175,0.120333,0.000203,0.354667,0.023,0.0275,5.5e-05,0.040535,0.071824,1e-06,1.088,-3.6025,-0.009833,19.52,13.861667,0.022625,0.0,0.0,0.0,,,,0.0,,,,0.0,,0.065667
2025-10-05 14:30:00,1.843333,0.219667,-0.037833,0.004667,-0.001667,-3e-06,1.662333,0.196333,0.024,0.038167,0.000108,0.372333,0.006167,0.017,5.8e-05,0.004692,0.009152,0.0,1.152833,-3.738833,0.023,19.123333,13.386667,0.022177,0.0,0.0,0.0,,,,0.0,,,,0.0,,0.063667
2025-10-05 15:00:00,1.5465,0.012667,-0.093167,0.016,0.002,-4e-05,1.447667,0.1795,-0.017667,-0.000167,0.00013,0.3385,-0.009667,0.005,4.5e-05,0.005903,0.005801,0.0,1.450333,-3.602333,-0.007,19.283333,13.491667,0.021977,0.0,0.0,0.0,,,,0.0,,,,0.0,,0.065
2025-10-05 15:30:00,1.660167,0.098,-0.0835,0.019833,0.0245,-1.3e-05,2.2955,0.258,-0.046167,-0.067167,0.000178,0.431833,-0.023833,-0.003667,3.7e-05,0.017956,0.079242,1e-06,1.6245,-4.030333,-0.045167,18.776667,12.863333,0.02167,0.0,0.0,0.0,,,,0.0,,,,0.0,,0.063667
2025-10-05 16:00:00,0.7915,0.068667,-0.016667,0.003833,0.014,0.000168,0.721833,0.106167,-0.028667,-0.005,0.000188,0.187,-0.019,0.003333,5.1e-05,0.015211,0.024128,2e-06,0.481333,-2.767833,-0.012,18.215,12.31,0.023787,0.0,0.0,0.0,,,,0.0,,,,0.0,,0.0605
2025-10-05 16:30:00,0.856833,-0.021333,-0.033,-0.000667,0.01,-5.9e-05,0.624333,0.077,-0.041667,-0.0255,0.000145,0.1705,-0.024667,-0.003,4.2e-05,0.031152,0.031506,1e-06,0.645833,-2.411667,-0.012667,18.305,12.418333,0.013102,0.0,0.0,0.0,,,,0.0,,,,0.0,,0.058833
2025-10-05 17:00:00,0.870333,0.116833,-0.029667,0.024333,0.0315,-5e-06,0.8835,0.098333,-0.058,-0.0565,8.8e-05,0.186667,-0.030833,-0.0125,2.4e-05,0.04278,0.033428,1e-06,0.969667,-2.5675,-0.0145,18.61,12.763333,0.018215,0.0,0.0,0.0,,,,0.0,,,,0.0,,0.0615
2025-10-05 17:30:00,1.176667,0.1595,-0.027667,0.029667,0.029833,-2.9e-05,1.266667,0.115167,-0.124833,-0.113333,0.000174,0.214833,-0.039,-0.020333,3.6e-05,0.059373,0.040804,0.0,0.858167,-3.0,-0.023167,18.571667,12.64,0.019008,0.0,0.0,0.0,,,,0.0,,,,0.0,,0.060833
2025-10-05 18:00:00,0.636833,0.058167,-0.028833,0.029833,0.028833,-4.5e-05,0.662333,0.095,-0.075167,-0.0675,3.3e-05,0.172167,-0.035,-0.016833,2e-05,0.06068,0.038678,0.0,0.976833,-2.430167,0.03,18.355,12.495,0.02084,0.0,0.0,0.0,,,,0.0,,,,0.0,,0.063167
2025-10-05 18:30:00,0.359,-0.004667,-0.0275,0.0415,0.038,-1.6e-05,0.398667,0.055667,-0.085,-0.075833,2.6e-05,0.101667,-0.0375,-0.0215,1e-05,0.098178,0.062167,0.0,1.091833,-1.851667,-0.003,18.008333,12.126667,0.020932,0.0,0.0,0.0,,,,0.0,,,,0.0,,0.061667
2025-10-05 19:00:00,0.276667,0.031667,-0.0145,0.015333,0.0145,-5e-06,0.301667,0.039167,-0.072833,-0.064,2.5e-05,0.0785,-0.031333,-0.02,7e-06,0.10934,0.073351,0.0,0.746,-1.726167,0.01,17.696667,11.836667,0.020467,0.0,0.0,0.0,,,,0.0,,,,0.0,,0.062833
2025-10-05 19:30:00,0.157167,0.038167,-0.013,0.002167,0.002167,-0.0,0.215167,0.019,-0.051833,-0.046833,1.3e-05,0.051167,-0.0215,-0.013167,4e-06,0.10846,0.077006,0.0,0.608,-1.3795,0.018333,17.441667,11.601667,0.020042,0.0,0.0,0.0,,,,0.0,,,,0.0,,0.061833
2025-10-05 20:00:00,0.162667,0.007833,-0.011,0.023667,0.023833,-1.4e-05,0.151167,0.0175,-0.036,-0.034667,1.8e-05,0.043667,-0.018833,-0.0135,9e-06,0.071735,0.058161,0.0,0.719167,-1.219667,0.008667,17.576667,11.786667,0.019902,0.0,0.0,0.0,,,,0.0,,,,0.0,,0.0625
2025-10-05 20:30:00,0.071667,0.0085,0.000333,0.026667,0.024833,-9e-06,0.069167,0.007,-0.031167,-0.0325,1.3e-05,0.015,-0.008,-0.0055,4e-06,0.114808,0.095584,0.0,0.910667,-0.656,0.009667,17.305,11.47,0.0201,0.0,0.0,0.0,,,,0.0,,,,0.0,,0.0635
2025-10-05 21:00:00,0.044,0.012667,-0.005667,0.006833,0.004833,-3e-06,0.027833,-0.000667,0.000333,0.000333,-1e-06,0.008833,-0.003667,-0.000333,1e-06,0.034534,0.017778,0.0,0.269667,-0.390333,0.022167,15.438333,9.431667,0.020417,0.0,0.0,0.0,,,,0.0,,,,0.0,,0.063
2025-10-05 21:30:00,0.034167,0.001333,-0.003167,0.011333,0.003667,-1e-05,0.0275,-0.000167,0.002833,0.002,1e-06,0.006667,-0.0035,0.0,1e-06,0.053824,0.022902,0.0,0.130333,-0.391333,0.012833,15.09,9.118333,0.020425,0.0,0.0,0.0,,,,0.0,,,,0.0,,0.061833
2025-10-05 22:00:00,0.037333,0.004167,-0.002333,0.003167,-0.002167,-7e-06,0.020333,0.000833,-0.005333,-0.0045,-0.0,0.006,-0.004333,-0.001833,1e-06,0.04431,0.026515,0.0,0.2955,-0.521,0.011167,15.158333,9.231667,0.020273,0.0,0.0,0.0,,,,0.0,,,,0.0,,0.0615
2025-10-05 22:30:00,0.069,-0.012167,-0.006667,0.039667,0.031667,-6e-06,0.056667,0.006167,-0.019667,-0.015667,4e-06,0.017667,-0.012167,-0.006667,2e-06,0.096928,0.052212,0.0,1.0795,-0.7225,0.015333,15.856667,10.006667,0.0202,0.0,0.0,0.0,,,,0.0,,,,0.0,,0.063333
2025-10-05 23:00:00,0.0665,-0.008,-0.007167,0.042333,0.033167,-6e-06,0.049667,0.005833,-0.016,-0.013167,2e-06,0.016333,-0.012667,-0.007,2e-06,0.094351,0.047669,0.0,0.907833,-0.735167,0.019667,15.998333,10.123333,0.0204,0.0,0.0,0.0,,,,0.0,,,,0.0,,0.063333
2025-10-05 23:30:00,0.087333,0.000333,-0.006,0.037333,0.0325,-1.1e-05,0.063167,0.005167,-0.015,-0.0115,4e-06,0.014,-0.009,-0.003833,2e-06,0.072451,0.040267,0.0,0.719833,-0.737667,0.0185,16.161667,10.265,0.020568,0.0,0.0,0.0,,,,0.0,,,,0.0,,0.064833
2025-10-06 00:00:00,0.063333,0.008833,-0.004333,0.0105,0.008167,-6e-06,0.054,0.002833,-0.012667,-0.010167,4e-06,0.013333,-0.005,-0.001167,2e-06,0.033795,0.019321,0.0,0.8335,-0.6005,0.0115,16.773333,10.898333,0.020777,0.0,0.0,0.0,,,,0.0,,,,0.0,,0.0655
2025-10-06 00:30:00,0.156,-0.047833,-0.020667,0.039,0.030667,-2.9e-05,0.164167,0.018167,-0.03,-0.024333,1.9e-05,0.040167,-0.013,-0.003833,1e-05,0.036163,0.019834,0.0,1.298667,-0.921833,0.0165,17.055,11.165,0.021107,0.0,0.0,0.0,,,,0.0,,,,0.0,,0.067167
2025-10-06 01:00:00,0.2925,0.014833,-0.019667,0.027333,0.016833,-1.4e-05,0.394667,0.031667,-0.028833,-0.025167,-3e-06,0.063167,-0.0145,-0.005333,9e-06,0.027005,0.01432,0.0,1.655167,-1.164,0.016333,17.508333,11.575,0.021697,0.0,0.0,0.0,,,,0.0,,,,0.0,,0.0705
2025-10-06 01:30:00,0.124,-0.022833,-0.009,0.025,0.017167,2e-06,0.094833,0.008333,-0.010667,-0.008333,-5e-06,0.024667,-0.008167,-0.003333,2e-06,0.024701,0.009637,0.0,1.3455,-0.662,0.015333,17.32,11.298333,0.022565,0.0,0.0,0.0,,,,0.0,,,,0.0,,0.072667
2025-10-06 02:00:00,0.086833,-0.001,-0.0085,0.0245,0.016333,4e-06,0.078667,0.005333,-0.008167,-0.005667,-1e-06,0.017333,-0.008833,-0.004667,-1e-06,0.041344,0.017248,0.0,0.848667,-0.575167,0.012667,17.0,10.918333,0.022767,0.0,0.0,0.0,,,,0.0,,,,0.0,,0.073
2025-10-06 02:30:00,0.151333,0.011833,-0.013833,0.031333,0.021333,1e-06,0.117167,0.009167,-0.009167,-0.007,-0.0,0.031333,-0.01,-0.004833,-0.0,0.035281,0.012844,0.0,0.949,-0.790667,0.017833,17.165,11.096667,0.022852,0.0,0.0,0.0,,,,0.0,,,,0.0,,
2025-10-06 03:00:00,0.193667,-0.042,-0.022667,0.0235,0.011,-7e-06,0.205333,0.025833,-0.023667,-0.010667,9e-06,0.049333,-0.011167,-0.002667,4e-06,0.018135,0.005501,0.0,1.4395,-1.016667,0.018333,17.678333,11.635,0.023065,0.0,0.0,0.0,,,,0.0,,,,0.0,,
2025-10-06 03:30:00,0.246,-0.023833,-0.018333,0.023833,0.019333,-9e-06,0.176667,0.018333,-0.017667,-0.011167,1e-05,0.046333,-0.008667,-0.003,4e-06,0.0144,0.005184,0.0,1.443167,-1.025,0.0275,18.015,11.945,0.023298,0.0,0.0,0.0,,,,0.0,,,,0.0,,
2025-10-06 04:00:00,0.552167,-0.035167,-0.047833,0.025833,0.021667,-2.3e-05,0.565333,0.066167,-0.035167,-0.029,-3.8e-05,0.121,-0.012167,-0.004,1.3e-05,0.012731,0.013728,0.0,2.197833,-1.900167,-0.036333,18.571667,12.135,0.019152,0.0,0.0,0.0,,,,0.0,,,,0.0,,0.068
2025-10-06 04:30:00,0.238,-0.0475,-0.028167,0.0165,0.001167,6.6e-05,0.206333,0.0215,-0.0145,-0.001667,-4.1e-05,0.056333,-0.007333,-0.000833,5e-06,0.007028,0.002147,0.0,1.6815,-1.220667,-0.048167,18.686667,11.903333,0.013673,0.0,0.0,0.0,,,,0.0,,,,0.0,,0.0605
2025-10-06 05:00:00,0.1285,-0.033333,-0.015,0.013167,0.002833,-3e-06,0.128667,0.010167,-0.009167,-0.002,-4e-06,0.032667,-0.005667,-0.000833,2e-06,0.007773,0.005378,0.0,1.110167,-0.875667,-0.0495,18.883333,12.031667,0.010725,0.0,0.0,0.0,,,,0.0,,,,0.0,,0.056833
2025-10-06 05:30:00,0.142333,-0.037667,-0.017833,0.015,0.0065,-5.3e-05,0.1485,0.0155,-0.015167,-0.005667,3.9e-05,0.0395,-0.005667,-0.001167,8e-06,0.016214,0.004467,1e-06,1.336667,-1.050167,-0.065333,19.201667,12.006667,0.014157,0.0,0.0,0.0,,,,0.0,,,,0.0,,0.056167
2025-10-06 06:00:00,0.171333,-0.0165,-0.014,0.0275,0.015333,-2.4e-05,0.128,0.009833,-0.014167,-0.009333,1.6e-05,0.041333,-0.0075,-0.002,6e-06,0.018723,0.005017,0.0,1.2535,-0.988333,-0.060167,19.493333,12.443333,0.013723,0.0,0.0,0.0,,,,0.0,,,,0.0,,0.055667
2025-10-06 06:30:00,0.353333,-0.024667,-0.040333,0.034167,0.017,-2.2e-05,0.263333,0.031167,-0.023167,-0.012333,-1.8e-05,0.081167,-0.012833,-0.003333,9e-06,0.016598,0.004312,0.0,1.838167,-1.412667,-0.045833,19.521667,12.83,0.015947,0.0,0.0,0.0,,,,0.0,,,,0.0,,0.057167
2025-10-06 07:00:00,0.351,-0.026667,-0.04,0.031,0.008,2.2e-05,0.286,0.032833,-0.023333,-0.0075,4e-06,0.074333,-0.012167,-0.0025,4e-06,0.013806,0.008311,0.0,1.792667,-1.4795,-0.015667,19.538333,13.141667,0.019143,0.0,0.0,0.0,,,,0.0,,,,0.0,,0.059167
2025-10-06 07:30:00,0.197833,-0.025667,-0.0165,0.0155,0.0095,-1e-05,0.166333,0.0235,-0.0155,-0.007,3e-06,0.047667,-0.007667,-0.0015,3e-06,0.009967,0.003481,0.0,1.263333,-1.205167,-0.009833,19.535,13.355,0.024095,0.0,0.0,0.0,,,,0.0,,,,0.0,,0.060833
2025-10-06 08:00:00,0.265,-0.035667,-0.016,0.017667,0.009167,-5e-06,0.178833,0.0265,-0.014167,-0.005,9e-06,0.060833,-0.007333,0.0,7e-06,0.00819,0.003306,0.0,1.451,-1.239,0.007,19.781667,13.653333,0.024225,0.0,0.0,0.0,,,,0.0,,,,0.0,,0.062
2025-10-06 08:30:00,0.296167,0.011833,-0.025167,0.004333,-0.00675,-5e-05,0.310833,0.0375,-0.005333,-0.001,5.6e-05,0.081,-0.002167,0.00425,1.6e-05,0.002756,0.006202,0.0,1.846,-1.263167,0.012167,20.123333,13.9875,0.023102,0.0,0.0,0.0,,,,0.0,,,,0.0,,0.063167
2025-10-06 09:00:00,0.517333,-0.109333,-0.045167,-0.000667,-0.0235,-3e-05,0.429833,0.061333,0.001,0.011667,2e-06,0.104667,-0.000667,0.005833,2e-05,0.002116,0.035847,0.0,2.170833,-1.720167,-0.038833,20.455,14.826667,0.02413,0.0,0.0,0.0,,,,0.0,,,,0.0,,0.064167
2025-10-06 09:30:00,0.688667,-0.039,-0.046,-0.0075,-0.022167,-2.8e-05,0.501167,0.056833,0.002833,0.012,0.000101,0.114833,0.001,0.010167,2.1e-05,0.00245,0.007168,0.0,2.145833,-1.8405,0.001,20.556667,14.431667,0.025,0.0,0.0,0.0,,,,0.0,,,,0.0,,0.063667
2025-10-06 10:00:00,0.5305,-0.062667,-0.042667,0.0055,-0.0095,6e-06,0.509833,0.067167,-0.004333,0.007667,3.9e-05,0.126833,-0.002333,0.007,1.8e-05,0.002669,0.005625,1e-06,2.3165,-1.986333,-0.041,20.373333,14.123333,0.023177,0.0,0.0,0.0,,,,0.0,,,,0.0,,0.061667
2025-10-06 10:30:00,0.429167,-0.047167,-0.025333,-0.005667,-0.011333,6.4e-05,0.359667,0.053833,0.009167,0.015,0.000126,0.104667,0.005,0.013667,5.1e-05,0.005184,0.028168,1e-06,1.683667,-1.747,-0.019,20.531667,14.336667,0.0168,0.0,0.0,0.0,,,,0.0,,,,0.0,,0.061833
2025-10-06 11:00:00,0.341,0.012167,-0.0245,-0.002167,-0.011,7e-06,0.326167,0.033333,-0.000167,0.009667,-4.9e-05,0.079833,0.0005,0.009167,7e-06,0.00126,0.007,0.0,1.624167,-1.465,0.010167,20.616667,14.493333,0.02147,0.0,0.0,0.0,,,,0.0,,,,0.0,,0.064167
2025-10-06 11:30:00,0.429167,-0.012333,-0.031167,0.001167,-0.012,-5e-05,0.4485,0.059667,0.0135,0.0184,7.2e-05,0.112667,0.006167,0.011,2.7e-05,0.005232,0.009139,0.0,1.543,-1.773833,-0.017333,20.803333,14.66,0.025128,0.0,0.0,0.0,,,,0.0,,,,0.0,,0.065
2025-10-06 12:00:00,0.657333,0.100167,-0.041667,-0.019,-0.0225,-5.1e-05,0.604167,0.064667,0.027667,0.042,8e-05,0.1265,0.012833,0.019333,3.8e-05,0.014803,0.023716,0.0,1.468333,-2.037833,-0.009667,21.268333,15.283333,0.025218,0.0,0.0,0.0,,,,0.0,,,,0.0,,0.0715
2025-10-06 12:30:00,0.976833,0.008333,-0.072,-0.025667,-0.0325,-6.4e-05,0.810167,0.093333,0.032333,0.037833,9.9e-05,0.1845,0.012167,0.0195,4.3e-05,0.012619,0.020449,0.0,1.786167,-2.293,0.015,21.4,15.455,0.024967,0.0,0.0,0.0,,,,0.0,,,,0.0,,0.080833
2025-10-06 13:00:00,1.001,-0.133,-0.043833,0.0115,0.019333,-8.2e-05,0.710167,0.103,-0.014833,-0.004333,0.000146,0.175667,-0.008667,0.004667,3.9e-05,0.006806,0.019881,0.0,1.872,-2.250667,-0.007167,21.323333,15.305,0.023727,0.0,0.0,0.0,,,,0.0,,,,0.0,,0.089
2025-10-06 13:30:00,1.13,-0.163167,-0.097833,0.007667,-0.025,-0.000196,1.035667,0.159667,-0.015667,0.021667,3.2e-05,0.236667,-0.01,0.003667,1.9e-05,0.007951,0.053361,1e-06,1.895,-2.779833,-0.008333,20.681667,14.523333,0.018833,0.0,0.0,0.0,,,,0.0,,,,0.0,,
2025-10-06 14:00:00,0.8435,-0.000833,-0.0485,0.010167,-0.0155,0.000126,0.681333,0.082667,-0.008833,0.012333,7.3e-05,0.152333,-0.006667,0.000667,2.3e-05,0.007685,0.040804,1e-06,1.778833,-2.142333,0.0035,20.101667,13.703333,0.019487,0.0,0.0,0.0,,,,0.0,,,,0.0,,0.0565
2025-10-06 14:30:00,0.699,-0.6145,0.1715,-0.0665,-0.012,2e-06,1.2405,-0.2855,0.0215,0.0175,1e-06,0.1765,0.0015,0.0065,6e-06,0.42837,0.016555,1.2e-05,1.682,-1.596,-0.021,24.005,13.015,0.012683,0.0,0.0,0.0,,,,0.0,,,,0.0,,0.064
2025-10-06 15:00:00,1.0535,-1.25,0.3645,-0.1785,-0.0205,-1.7e-05,2.5535,-0.6525,0.255,0.0125,0.00011,0.3025,-0.0825,0.008,2.9e-05,0.857476,0.010268,1e-06,1.929,-1.857,0.0655,24.025,13.015,0.009267,0.0,0.0,0.0,,,,0.0,,,,0.0,,
2025-10-06 15:30:00,2.528,-3.7595,1.218,-0.2065,-0.0205,-9.7e-05,6.8235,-1.9805,0.389,0.016,6.2e-05,0.757,-0.1435,-0.0005,-2e-05,1.425636,0.00807,9e-06,2.1485,-1.9065,0.1875,26.27,13.06,0.02475,0.0,0.0,0.0,,,,0.0,,,,0.0,,
2025-10-06 16:00:00,3.455,-5.832,1.9275,0.1215,0.0075,-8e-06,11.0385,-3.4835,-0.194,-0.016,-7.4e-05,1.222,-0.007,0.0075,2.6e-05,1.940449,0.004738,0.0,2.454,-2.6355,0.398,25.805,13.286667,0.026943,0.0,0.0,0.0,,,,0.0,,,,0.0,,
2025-10-06 16:30:00,0.5362,-0.599,0.1948,-0.0364,0.0002,-6e-05,1.3326,-0.3068,0.0414,-0.0062,0.000106,0.1554,-0.0398,0.0014,-2.4e-05,0.286011,0.004096,0.0,1.4382,-1.468,0.1188,25.866,13.38,0.025917,0.0,0.0,0.0,,,,0.0,,,,0.0,,
2025-10-06 17:00:00,0.36075,-0.49,0.17075,-0.086,0.00475,6e-06,1.0615,-0.26975,0.176,-0.009,-9e-06,0.12,-0.05925,0.0015,7e-06,0.187056,0.001202,0.0,2.26125,-2.3605,0.63525,24.73,13.32,0.025667,0.0,0.0,0.0,,,,0.0,,,,0.0,,
2025-10-06 17:30:00,0.113,-0.196,0.059,0.014,0.002,1.3e-05,0.427,-0.12,-0.031,-0.006,-3.7e-05,0.038,0.009,0.002,1e-05,0.038416,0.000729,0.0,0.476,-0.211,-0.006,23.25,13.153333,0.02602,0.0,0.0,0.0,,,,0.0,,,,0.0,,
2025-10-06 18:00:00,0.255,-0.452,0.144,0.02,0.001,-1e-05,0.978,-0.298,-0.024,0.007,-5e-06,0.098,0.011,-0.002,2e-06,0.061504,0.009506,0.0,-0.296,0.511,-0.244,22.44,13.495,0.025318,0.0,0.0,0.0,,,,0.0,,,,0.0,,
2025-10-06 18:30:00,0.7768,-1.1532,0.3834,-0.3832,0.0098,7e-06,2.085,-0.62,0.6648,-0.013,-1.7e-05,0.2252,-0.2128,0.005,7e-06,0.433491,0.00807,0.0,0.5848,-0.7058,0.028,24.82,13.735,0.022963,0.0,0.0,0.0,,,,0.0,,,,0.0,,
2025-10-06 19:00:00,0.116,0.125333,0.046833,0.017,0.000667,1e-06,0.288667,0.072833,0.022167,0.001,2.8e-05,0.0385,0.005667,-0.000167,5e-06,0.075442,0.001951,0.0,0.841,0.206833,-0.0325,25.32,13.486667,0.022902,0.0,0.0,0.0,,,,0.0,,,,0.0,,
2025-10-06 19:30:00,0.379833,0.425333,0.158167,0.105167,0.003333,-5e-06,0.833667,0.257333,0.144333,-0.0005,2e-06,0.116833,0.0485,-0.0005,-1e-06,0.198619,0.002055,0.0,0.807,0.4125,-0.028167,24.323333,13.555,0.026613,0.0,0.0,0.0,,,,0.0,,,,0.0,,
2025-10-06 20:00:00,0.383,0.3775,0.1255,0.109333,0.0105,-2.1e-05,0.7215,0.232333,0.1105,-0.001833,4e-06,0.108333,0.032167,-0.001167,7e-06,0.177381,0.005041,0.0,0.905833,-0.245667,0.000667,22.205,13.873333,0.027515,0.0,0.0,0.0,,,,0.0,,,,0.0,,
2025-10-06 20:30:00,0.243333,0.107333,0.022333,0.023833,0.011167,-1.6e-05,0.349833,0.075667,-0.007167,-0.007333,1.3e-05,0.0665,-0.007,-0.001167,4e-06,0.052212,0.004579,0.0,1.233833,-0.840833,-0.004167,21.621667,14.1,0.02746,0.0,0.0,0.0,,,,0.0,,,,0.0,,
2025-10-06 21:00:00,0.1295,0.000833,-0.013333,0.013333,0.010667,-1.6e-05,0.113,0.013,-0.0055,-0.002333,7e-06,0.032,-0.0055,-0.0005,4e-06,0.018815,0.00429,0.0,1.031,-0.923,-0.013833,21.003333,14.123333,0.027397,0.0,0.0,0.0,,,,0.0,,,,0.0,,
2025-10-06 21:30:00,0.091167,-0.0145,-0.009,0.011667,0.007833,-1e-05,0.089167,0.006,-0.006167,-0.003833,4e-06,0.0185,-0.0045,-0.001167,3e-06,0.0155,0.003481,0.0,0.953,-0.638833,-0.0315,21.188333,14.095,0.027397,0.0,0.0,0.0,,,,0.0,,,,0.0,,
2025-10-06 22:00:00,0.1305,-0.013,-0.013167,0.014,0.008,-1.1e-05,0.1755,0.018,-0.020333,-0.015667,2.4e-05,0.038333,-0.007333,-0.002,4e-06,0.017336,0.0056,0.0,1.059667,-1.063833,-0.014,21.056667,14.128333,0.027177,0.0,0.0,0.0,,,,0.0,,,,0.0,,
2025-10-06 22:30:00,0.111167,0.020167,-0.007667,0.004167,0.000333,4e-06,0.116333,0.013167,-0.0155,-0.0105,2.1e-05,0.029333,-0.004167,-0.001,1e-06,0.01311,0.003927,0.0,0.704833,-0.963333,-0.006833,20.851667,14.15,0.026692,0.0,0.0,0.0,,,,0.0,,,,0.0,,
2025-10-06 23:00:00,0.063333,-0.006333,-0.005167,0.008833,0.0035,-8e-06,0.053167,0.005167,-0.004,-0.002333,6e-06,0.017333,-0.004,-0.000667,3e-06,0.009377,0.002739,0.0,0.841333,-0.545167,-0.002,20.68,14.148333,0.02591,0.0,0.0,0.0,,,,0.0,,,,0.0,,
2025-10-06 23:30:00,0.075667,0.004333,-0.003333,0.0085,0.001333,-8e-06,0.065167,0.000833,-0.001167,-0.003167,2e-06,0.015833,-0.003,0.000667,2e-06,0.008618,0.011845,0.0,0.7935,-0.349,-0.0095,20.663333,14.83,0.024935,0.0,0.0,0.0,,,,0.0,,,,0.0,,
2025-10-07 00:00:00,0.045,-0.0035,-0.002333,0.002167,-0.028,-0.0,0.055667,-0.001333,-0.003333,-0.0048,-0.0,0.0105,-0.001833,0.0014,0.0,0.007482,0.056454,0.0,0.354,0.145667,-0.000167,20.563333,15.79,0.024192,0.0,0.0,0.0,,,,0.0,,,,0.0,,
2025-10-07 00:30:00,0.076,-0.002167,-0.004667,0.009,-0.0116,-2e-06,0.055,-0.001167,0.000833,-0.0682,-1e-06,0.015667,-0.0025,0.0098,1e-06,0.00731,0.216411,0.0,0.578333,0.156333,0.012,20.476667,15.984,0.023552,0.0,0.0,0.0,,,,0.0,,,,0.0,,
2025-10-07 01:00:00,0.060333,0.014333,-0.002833,0.004667,-0.015,-2e-06,0.092667,-0.0005,-0.002,-0.072,-1e-06,0.011833,-0.002167,-0.002,-0.0,0.0064,0.200704,0.0,0.641167,-0.184,-0.000167,20.556667,16.12,0.023092,0.0,0.0,0.0,,,,0.0,,,,0.0,,
2025-10-07 01:30:00,0.116167,0.030667,-0.0065,0.013833,,0.0,0.086667,-0.001833,0.003667,,4e-06,0.020167,-0.003,,-0.0,0.00816,,0.0,1.009667,-0.179333,0.003667,20.57,,0.022348,0.0,0.0,0.0,,,,0.0,,,,0.0,,
2025-10-07 02:00:00,0.2125,0.001333,-0.016333,0.012333,-0.06175,-1.1e-05,0.153167,0.006,-0.001833,0.0005,5.1e-05,0.0345,-0.0045,0.0045,0.0,0.005955,0.708543,0.0,1.4195,-0.468167,-0.004833,20.578333,27.285,0.020855,0.0,0.0,0.0,,,,0.0,,,,0.0,,0.082167
2025-10-07 02:30:00,0.1865,-0.009,-0.012833,0.01,0.011667,-6e-06,0.1865,0.009,-0.004167,0.0315,4.7e-05,0.037667,-0.005,-0.000833,2e-06,0.006162,0.120525,0.0,1.303833,-0.364,0.014333,20.458333,21.616667,0.01853,0.0,0.0,0.0,,,,0.0,,,,0.0,,0.077167
2025-10-07 03:00:00,0.127833,0.013333,-0.0095,0.011333,-0.000667,6e-06,0.098333,-0.001,0.000833,-0.000167,3e-06,0.022833,-0.003667,-0.000333,1e-06,0.006561,0.014641,0.0,1.1385,-0.059333,0.007167,20.328333,19.953333,0.01695,0.0,0.0,0.0,,,,0.0,,,,0.0,,0.0755
2025-10-07 03:30:00,0.126,0.006167,-0.009333,0.007,0.0065,-5e-06,0.117833,0.004333,-0.000333,0.0045,3e-06,0.021,-0.003167,-0.000667,2e-06,0.005451,0.035532,0.0,1.198833,-0.003667,0.016667,20.176667,20.816667,0.015273,0.0,0.0,0.0,,,,0.0,,,,0.0,,0.074
2025-10-07 04:00:00,0.093333,-0.005667,-0.006667,0.0065,0.001333,8e-06,0.100667,-0.003167,0.0015,0.0115,1e-06,0.021667,-0.003667,0.001833,0.0,0.005801,0.046082,0.0,1.251833,0.1025,0.007167,20.021667,21.015,0.013673,0.0,0.0,0.0,,,,0.0,,,,0.0,,0.072833
2025-10-07 04:30:00,0.273333,-0.000333,-0.016833,0.009,0.003,4e-06,0.205,0.004667,-0.003333,0.01,3e-06,0.044833,-0.004167,0.002667,3e-06,0.00368,0.044521,0.0,1.7175,-0.311833,0.009167,19.99,21.07,0.012325,0.0,0.0,0.0,,,,0.0,,,,0.0,,0.0665
2025-10-07 05:00:00,0.221,0.009,-0.013333,0.006833,-0.001,6e-06,0.133833,0.001167,-0.003,-0.009333,3e-06,0.028833,-0.002167,-0.001833,0.0,0.002401,0.036928,0.0,1.531,0.050333,0.012333,19.806667,20.473333,0.012962,0.0,0.0,0.0,,,,0.0,,,,0.0,,0.066833
2025-10-07 05:30:00,0.109167,-0.019167,-0.010167,0.002,-0.006167,7e-06,0.1285,-0.000667,-0.000667,0.000333,-1e-05,0.024667,-0.002167,0.0,0.0,0.00201,0.0155,0.0,1.278,0.2505,-0.006167,19.63,19.726667,0.01428,0.0,0.0,0.0,,,,0.0,,,,0.0,,0.067167
2025-10-07 06:00:00,0.191333,-0.046167,-0.019167,0.005,0.001333,1e-06,0.208667,0.003,-0.003,-0.000333,-9e-06,0.039167,-0.002167,-0.000167,0.0,0.00182,0.0101,0.0,1.701667,0.191167,0.020833,19.47,19.388333,0.015658,0.0,0.0,0.0,,,,0.0,,,,0.0,,0.066833
2025-10-07 06:30:00,0.212,0.024833,-0.015667,-0.001333,-0.0015,-2e-06,0.223333,0.002167,-0.0035,0.002833,2e-06,0.039333,0.000167,0.0015,2e-06,0.001024,0.008649,0.0,1.597667,-0.2,0.023167,19.5,19.225,0.017167,0.0,0.0,0.0,,,,0.0,,,,0.0,,0.067333
2025-10-07 07:00:00,0.286667,0.021,-0.023333,-0.003833,-0.000333,-1.8e-05,0.249333,-0.008833,-0.003833,-0.000667,2e-06,0.051333,0.0015,0.002167,5e-06,0.001308,0.011449,0.0,1.715333,0.0675,0.017833,19.49,19.325,0.019733,0.0,0.0,0.0,,,,0.0,,,,0.0,,0.067
2025-10-07 07:30:00,0.233833,0.017667,-0.017333,-0.004333,-0.011167,-1e-06,0.200667,0.000333,-0.004833,-0.001833,-6e-06,0.0405,0.001833,0.002667,3e-06,0.00164,0.011236,0.0,1.67,-0.313833,0.011167,19.566667,19.268333,0.023342,0.0,0.0,0.0,,,,0.0,,,,0.0,,0.067667
2025-10-07 08:00:00,0.369,0.0285,-0.031833,-0.017333,-0.011,-1.3e-05,0.356833,0.006167,-0.0055,-0.011833,3e-06,0.0705,0.006333,0.005,6e-06,0.005955,0.173195,0.0,2.2005,-0.032167,0.033333,19.576667,15.745,0.024805,0.0,0.0,0.0,,,,0.0,,,,0.0,,0.064
2025-10-07 08:30:00,0.323333,0.025167,-0.025833,-0.025333,0.0055,-2e-05,0.352333,-0.001833,-0.004167,-0.0175,3e-06,0.071,0.01,0.01025,9e-06,0.011025,0.277729,0.0,2.325667,-0.189167,-0.000667,19.803333,14.7725,0.025045,0.0,0.0,0.0,,,,0.0,,,,0.0,,0.0655
2025-10-07 09:00:00,0.524833,0.045167,-0.046,-0.044667,-0.1082,-2.8e-05,0.494667,-0.009,-0.013167,-0.0014,-1e-06,0.089,0.015667,0.0128,1.2e-05,0.022751,0.956875,0.0,2.620667,0.2035,0.013667,20.286667,24.28,0.025572,0.0,0.0,0.0,,,,0.0,,,,0.0,,0.065667
2025-10-07 09:30:00,0.379667,0.023833,-0.045,-0.0415,-0.0215,-3.6e-05,0.510333,0.005167,-0.005833,-0.019667,-2e-06,0.0875,0.021667,0.011833,1.8e-05,0.029871,0.238144,0.0,2.439167,0.054167,0.021667,20.75,18.111667,0.025927,0.0,0.0,0.0,,,,0.0,,,,0.0,,0.065167
2025-10-07 10:00:00,0.428667,-0.030167,-0.0345,-0.042333,-0.0418,-4.6e-05,0.432167,-0.011833,-0.021333,0.084,-1.8e-05,0.076833,0.0225,0.0228,2.2e-05,0.039204,0.932383,0.0,2.294667,0.332833,0.022,21.345,17.432,0.026277,0.0,0.0,0.0,0.000167,0.0,,0.0,,,4.718833,0.0,,0.065
2025-10-07 10:30:00,0.4045,0.023667,-0.046833,-0.056167,-0.037333,-6e-05,0.473333,-0.005,-0.007333,0.038333,-1e-05,0.091,0.029667,0.023667,3e-05,0.053669,0.283024,0.0,2.838833,0.0785,0.005833,21.763333,16.43,0.02642,0.0,0.0,0.0,0.0,0.0,,0.0,,,4.5375,0.0,,0.065833
2025-10-07 11:00:00,0.605833,0.065,-0.057167,-0.061167,-0.074833,-7.8e-05,0.7375,0.029,0.020667,0.0175,3e-05,0.123167,0.033667,0.036333,4e-05,0.058483,0.06734,0.0,2.7555,-0.6495,-0.000667,22.431667,16.348333,0.02655,0.0,0.0,0.0,0.0,0.0,,0.0,,,4.380167,0.0,,0.067833
2025-10-07 11:30:00,0.871333,-0.019833,-0.078667,-0.090333,-0.101667,-0.000114,1.035667,0.053667,0.036667,0.035,5e-05,0.162,0.039,0.040333,4.8e-05,0.067167,0.080183,0.0,3.077833,-1.201667,0.007833,22.965,17.32,0.02656,0.0,0.0,0.0,0.0,0.0,,0.0,,,4.157167,0.0,,0.066667
2025-10-07 12:00:00,0.579667,0.069,-0.048167,-0.038,-0.045833,-7.5e-05,0.712333,0.021,0.009,0.009333,2.3e-05,0.121,0.018833,0.0215,3.5e-05,0.022902,0.032882,0.0,2.838,-0.726667,0.000333,23.256667,17.598333,0.02656,0.0,0.0,0.0,0.0,0.0,,0.0,,,4.172667,0.0,,0.065667
2025-10-07 12:30:00,0.838167,0.101667,-0.073333,-0.019,-0.027667,-8.3e-05,0.977833,0.034167,-0.003833,-0.000167,2.4e-05,0.149,0.007833,0.013,3.5e-05,0.008618,0.015542,0.0,3.221,-0.6255,-0.0025,23.371667,17.688333,0.026293,0.0,0.0,0.0,0.000167,0.0,,0.0,,,4.277,0.0,,0.067833
2025-10-07 13:00:00,0.615333,-0.041833,-0.054667,0.0055,-0.005667,-7.2e-05,0.5755,0.031333,-0.004,-0.001167,3.6e-05,0.126667,-0.004,0.003333,2.2e-05,0.003501,0.006561,0.0,2.677333,-1.299833,0.003,23.091667,17.296667,0.026098,0.0,0.0,0.0,0.000333,0.0,,0.0,,,4.6395,0.0,,0.0725
2025-10-07 13:30:00,0.41,-0.048667,-0.054167,0.002667,-0.005167,-4.7e-05,0.426667,0.018333,-0.002167,0.000667,5e-06,0.090333,-0.000667,0.004833,1.9e-05,0.003461,0.007773,0.0,2.294833,-0.810333,-0.0025,22.85,17.05,0.02614,0.0,0.0,0.0,0.0,0.0,,0.0,,,4.814667,0.0,,0.081
2025-10-07 14:00:00,0.366167,0.054833,-0.028333,-0.006833,-0.015167,-6e-05,0.338,0.016333,0.002667,0.000167,2.5e-05,0.067167,0.0015,0.0065,2.2e-05,0.002916,0.009506,0.0,2.069,-0.633333,0.01,22.92,17.151667,0.025933,0.0,0.0,0.0,0.0,0.0,,0.0,,,4.795667,0.0,,0.092833
2025-10-07 14:30:00,0.447333,-0.042167,-0.032833,0.0025,-0.010667,-4.4e-05,0.4555,0.048333,-0.002667,0.008,5e-05,0.106667,-0.002833,0.005,2.5e-05,0.003721,0.011736,0.0,1.648167,-1.365,0.012667,22.88,17.005,0.025588,0.0,0.0,0.0,0.0,0.0,,0.0,,,4.743167,0.0,,0.1
2025-10-07 15:00:00,0.626,0.0275,-0.033333,0.013667,0.008833,-5.7e-05,0.448833,0.056,-0.010333,-0.0045,3.2e-05,0.094333,-0.0065,0.000333,1.8e-05,0.00516,0.004807,0.0,1.607667,-1.649833,-0.011833,22.49,16.408333,0.02524,0.0,0.0,0.0,0.0,0.0,,0.0,,,4.803333,0.0,,
2025-10-07 15:30:00,0.4835,-0.037333,-0.049833,0.017667,0.010833,-4.3e-05,0.433167,0.041167,-0.009,-0.006167,2.8e-05,0.093,-0.009,-0.001333,1.9e-05,0.007339,0.004489,0.0,2.229833,-1.422333,0.0095,22.2,16.113333,0.024948,0.0,0.0,0.0,,,,0.0,,,,0.0,,
2025-10-07 16:00:00,0.423833,0.0035,-0.031,0.007667,0.005333,-2e-05,0.3125,0.036167,-0.0095,-0.007333,1.9e-05,0.082,-0.007333,-0.001167,1.2e-05,0.005827,0.002898,0.0,1.872167,-1.451167,0.001667,21.896667,15.745,0.02525,0.0,0.0,0.0,,,,0.0,,,,0.0,,
2025-10-07 16:30:00,0.228,-0.0385,-0.020667,0.0095,0.007,-1.6e-05,0.282167,0.020833,-0.007833,-0.008,1.4e-05,0.0485,-0.005167,-0.001167,7e-06,0.005878,0.00308,0.0,1.643833,-0.823,-0.003333,21.72,15.528333,0.025422,0.0,0.0,0.0,,,,0.0,,,,0.0,,
2025-10-07 17:00:00,0.138333,-0.0095,-0.010833,0.0095,0.0065,-1.2e-05,0.143333,0.002167,-0.004333,-0.004667,4e-06,0.027,-0.0035,-0.001333,4e-06,0.006861,0.003117,0.0,1.354333,-0.127833,-0.000333,21.656667,15.435,0.02554,0.0,0.0,0.0,,,,0.0,,,,0.0,,
2025-10-07 17:30:00,0.2955,-0.0305,-0.0295,0.014167,0.010833,-1.1e-05,0.3005,0.004,-0.005167,-0.004333,9e-06,0.0525,-0.003667,-0.001333,2e-06,0.005776,0.003803,0.0,2.095667,-0.041167,0.003833,21.421667,15.165,0.025472,0.0,0.0,0.0,,,,0.0,,,,0.0,,
2025-10-07 18:00:00,0.299,-0.0265,-0.026667,0.012833,0.003833,2.2e-05,0.294,0.008833,-0.004333,0.011667,0.000179,0.059833,-0.003833,0.000333,8e-06,0.004853,0.004182,1e-06,1.991833,-0.534,0.002,21.08,14.476667,0.017062,0.0,0.0,0.0,,,,0.0,,,,0.0,,
2025-10-07 18:30:00,0.184333,-0.019167,-0.019167,0.0085,-0.003333,4.1e-05,0.218667,0.0035,-0.005667,0.000333,-5e-06,0.047667,-0.003667,0.0,-2e-06,0.005088,0.00308,0.0,1.766333,-0.476833,-0.0105,20.981667,14.455,0.009318,0.0,0.0,0.0,,,,0.0,,,,0.0,,
2025-10-07 19:00:00,0.334667,-0.025,-0.025833,0.023167,-0.006167,-6.4e-05,0.2355,0.001,-0.010333,0.001667,-2.3e-05,0.050333,-0.004,0.000667,2e-06,0.006561,0.000747,1e-06,1.8215,-0.453667,-0.037333,21.215,14.265,0.011272,0.0,0.0,0.0,,,,0.0,,,,0.0,,0.0652
2025-10-07 19:30:00,0.201,0.026167,-0.011833,0.010333,0.007167,3.1e-05,0.144667,0.0045,0.001667,0.006,1.1e-05,0.0315,-0.002667,-0.000167,4e-06,0.003885,0.002401,0.0,1.376333,-0.348667,-0.023833,21.51,14.44,0.01366,0.0,0.0,0.0,,,,0.0,,,,0.0,,0.062
2025-10-07 20:00:00,0.27,0.012,-0.023833,0.003833,-0.005333,-0.000162,0.264667,0.001167,0.010167,0.0,5.1e-05,0.052167,-0.003167,0.000667,2.4e-05,0.015583,0.001381,1e-06,1.918833,-0.1685,-0.052333,21.875,14.1,0.007456,0.0,0.0,0.0,,,,0.0,,,,0.0,,0.061833
2025-10-07 20:30:00,0.240833,-0.021,-0.020833,0.004333,0.003333,7e-05,0.198667,0.005,-0.0035,0.000167,-9.1e-05,0.040167,-0.002833,0.000833,-6e-06,0.009025,0.001013,0.0,1.644333,-0.425667,-0.0665,22.378333,14.02,0.006112,0.0,0.0,0.0,,,,0.0,,,,0.0,,0.062
2025-10-07 21:00:00,0.242,-0.000167,-0.0265,0.037,-0.002167,-3.6e-05,0.1925,0.006333,0.0,-0.000167,0.0,0.0465,-0.012667,0.001167,2e-06,0.027501,0.00164,0.0,1.719333,-0.2385,-0.09,22.68,14.115,0.002889,0.0,0.0,0.0,,,,0.0,,,,0.0,,0.062333
2025-10-07 21:30:00,0.212167,0.015667,-0.015167,0.006167,-0.002,-5e-06,0.160167,0.001333,-0.003167,-0.000667,-6e-06,0.039,-0.0055,0.0005,2e-06,0.013963,0.001457,0.0,1.628833,-0.169333,-0.1025,22.976667,14.11,0.001042,0.0,0.0,0.0,,,,0.0,,,,0.0,,0.062333
2025-10-07 22:00:00,0.299333,-0.014333,-0.035333,0.030333,-0.0035,2.1e-05,0.2075,-0.000667,-0.004167,-0.001667,1.2e-05,0.059833,-0.009833,0.000833,-0.0,0.040067,0.0009,0.0,1.953833,0.293667,-0.106833,23.471667,13.875,0.001714,0.0,0.0,0.0,,,,0.0,,,,0.0,,0.062833
2025-10-07 22:30:00,0.334333,0.007667,-0.04,-0.046333,0.0015,-7e-06,0.202833,-0.000667,-0.021667,-0.0015,7e-06,0.058,0.001,0.000333,1e-06,0.020306,0.000676,0.0,1.8835,0.2935,-0.141167,23.45,14.026667,0.001285,0.0,0.0,0.0,,,,0.0,,,,0.0,,0.062
2025-10-07 23:00:00,0.319,-0.024167,-0.028833,-0.047,0.004,2.6e-05,0.273333,-0.004,-0.007667,-0.000833,-8e-06,0.068667,0.001167,0.0,-0.0,0.021073,0.000642,0.0,1.880833,-0.044667,-0.1195,23.776667,14.015,0.002284,0.0,0.0,0.0,,,,0.0,,,,0.0,,0.063333
2025-10-07 23:30:00,0.382,0.038667,-0.0355,-0.046167,-0.003,-8.6e-05,0.311,-0.0015,-0.007667,0.001833,3.1e-05,0.0635,0.004833,0.000333,3e-06,0.050176,0.004225,0.0,2.171167,-0.014,-0.138,23.853333,13.765,0.003102,0.0,0.0,0.0,,,,0.0,,,,0.0,,0.063833
2025-10-08 00:00:00,0.397167,-0.013167,-0.034333,-0.002667,0.002667,-5.1e-05,0.2985,0.001,0.006333,-0.001667,1e-06,0.071167,0.003333,0.001167,2e-06,0.102507,0.002256,0.0,2.073167,-0.303167,-0.158667,23.863333,13.733333,0.004192,0.0,0.0,0.0,,,,0.0,,,,0.0,,0.061333
2025-10-08 00:30:00,0.578,-0.5055,0.1485,-0.189,-0.000667,-7.4e-05,1.173167,-0.286833,0.1725,-0.004667,-1.3e-05,0.147,-0.065167,0.002667,1.2e-05,0.514328,0.001308,0.0,1.893333,-0.4715,-0.095667,23.976667,13.486667,0.005134,0.0,0.0,0.0,,,,0.0,,,,0.0,,0.0615
2025-10-08 01:00:00,0.833333,-1.008,0.287167,-0.047167,0.001833,3.9e-05,2.089333,-0.5845,0.013833,0.000667,-3.1e-05,0.242333,0.008833,0.001333,1e-06,1.114432,0.001357,0.0,1.831833,-0.5685,-0.134333,23.868333,13.506667,0.003944,0.0,0.0,0.0,,,,0.0,,,,0.0,,0.061
2025-10-08 01:30:00,0.599667,-0.559167,0.148833,-0.105667,-0.007333,-7.7e-05,1.1675,-0.288167,0.057,-0.002,6e-06,0.151833,-0.017333,0.0005,4e-06,0.461494,0.002225,0.0,1.665,-0.8735,-0.117,22.63,13.406667,0.0019,0.0,0.0,0.0,,,,0.0,,,,0.0,,0.061667
2025-10-08 02:00:00,6.4085,-11.028,3.455,-1.1,0.0105,6.8e-05,19.85,-6.1705,1.3065,-0.004,0.000568,2.0,-0.344,0.005,-0.000276,4.030056,0.006697,1e-06,0.8035,0.6495,-0.566,18.525,13.455,0.014491,0.0,0.0,0.0,,,,0.0,,,,0.0,,0.0625
2025-10-08 02:30:00,3.3082,-5.88,1.8532,0.8386,0.0054,0.000387,10.8156,-3.3968,-1.623,-0.0026,-0.000663,1.0922,0.5052,0.0,0.000197,2.068419,0.0009,0.0,1.8032,-1.7456,0.3666,20.386,13.438333,0.021162,0.0,0.0,0.0,,,,0.0,,,,0.0,,0.063667
2025-10-08 03:00:00,0.127,-0.044333,0.003833,0.005,0.005833,-7e-06,0.1205,-0.0175,-0.004667,-0.000667,-4e-06,0.0255,-0.002667,-0.001167,2e-06,0.039072,0.001296,0.0,0.845833,-0.3565,-0.065333,23.155,13.433333,0.021368,0.0,0.0,0.0,,,,0.0,,,,0.0,,0.0645
2025-10-08 03:30:00,0.209333,-0.052833,0.003833,0.0245,0.014667,2e-06,0.250167,-0.017,0.004667,-0.008833,3e-06,0.044833,-0.0085,-0.0045,-0.0,0.0576,0.007084,0.0,1.268667,-0.462,-0.0605,22.828333,13.305,0.022392,0.0,0.0,0.0,,,,0.0,,,,0.0,,0.062667
2025-10-08 04:00:00,0.2135,-0.069667,0.014,0.035833,0.016333,-3e-06,0.229833,-0.043167,0.002667,-0.000667,-3e-06,0.041833,-0.006667,-0.003333,-1e-06,0.065963,0.005625,0.0,1.171167,-0.109167,-0.052167,22.56,13.13,0.022155,0.0,0.0,0.0,,,,0.0,,,,0.0,,0.061833
2025-10-08 04:30:00,1.357333,-2.280333,0.713667,-0.926333,0.004833,1.6e-05,4.198167,-1.298333,1.691833,-0.000167,-3.5e-05,0.434667,-0.539667,-0.001667,8e-06,0.807302,0.001627,0.0,1.565667,-1.084833,0.220667,21.531667,13.216667,0.022323,0.0,0.0,0.0,,,,0.0,,,,0.0,,0.061667
2025-10-08 05:00:00,0.2,-0.0445,0.0075,-0.018667,0.006,-1.1e-05,0.2325,-0.0295,0.031,-0.000333,-9e-06,0.034667,-0.013833,-0.001,0.0,0.039933,0.00132,0.0,1.305667,0.04,-0.047833,21.088333,13.265,0.020718,0.0,0.0,0.0,,,,0.0,,,,0.0,,0.063333
2025-10-08 05:30:00,0.143167,-0.0075,-0.012333,0.011167,0.008,-9e-06,0.146833,0.002667,-0.004833,-0.000667,-2e-05,0.0285,-0.0035,-0.001333,-1e-06,0.020544,0.001907,0.0,1.401833,0.0285,-0.051167,21.561667,13.285,0.02235,0.0,0.0,0.0,,,,0.0,,,,0.0,,0.06
2025-10-08 06:00:00,0.0505,-0.005833,-0.002167,0.002833,0.002167,0.0,0.0605,0.0005,-0.0025,-0.0015,-1e-06,0.016167,-0.003167,-0.000833,0.0,0.022003,0.001179,0.0,0.632167,-0.239833,-0.0465,21.881667,13.26,0.024,0.0,0.0,0.0,,,,0.0,,,,0.0,,0.061
2025-10-08 06:30:00,2.047,-3.611,1.125833,-0.138,0.0025,-0.0,6.564667,-2.0505,0.205333,0.003833,6e-06,0.6555,-0.073167,-0.002667,-4e-06,1.540908,0.001547,0.0,0.722667,0.049333,-0.077833,18.461667,13.25,0.02393,0.0,0.0,0.0,,,,0.0,,,,0.0,,0.061167
2025-10-08 07:00:00,0.117,-0.045,-0.000833,0.007833,0.000833,-0.0,0.1695,-0.010333,-0.000167,-0.0015,-7e-06,0.031333,-0.000667,0.000833,2e-06,0.017161,0.00086,0.0,1.270833,-0.033167,-0.020333,20.633333,13.391667,0.024093,0.0,0.0,0.0,,,,0.0,,,,0.0,,0.061
2025-10-08 07:30:00,0.176,0.005333,-0.014667,0.005,-0.001167,-3e-06,0.167667,0.002833,-0.0025,0.000667,-6e-06,0.035167,-0.000167,0.002333,4e-06,0.003782,0.001357,0.0,1.4155,-0.352,-0.012167,20.46,13.573333,0.024552,0.0,0.0,0.0,,,,0.0,,,,0.0,,0.063
2025-10-08 08:00:00,0.181667,-0.003167,-0.016167,-0.008667,-0.218,-1e-05,0.1885,0.002,-0.0005,0.042333,-1.3e-05,0.0325,0.003167,-0.003667,7e-06,0.003501,1.073641,0.0,1.3615,-0.185667,0.016167,20.223333,15.051667,0.02496,0.0,0.0,0.0,,,,0.0,,,,0.0,,0.063
2025-10-08 08:30:00,0.1975,0.029167,-0.020667,-0.024,-0.1375,-3e-05,0.22,0.004167,-0.003833,-0.029333,-1.3e-05,0.038667,0.012167,0.015833,1.4e-05,0.017292,1.078136,0.0,1.6535,-0.079667,0.013167,20.516667,15.586667,0.025528,0.0,0.0,0.0,,,,0.0,,,,0.0,,0.065667
2025-10-08 09:00:00,0.221667,-0.008333,-0.0215,-0.018833,-0.017667,-2.6e-05,0.181833,0.002167,0.002667,-0.1615,-6e-06,0.039333,0.009333,-0.000833,1.3e-05,0.012173,1.886044,0.0,1.6745,-0.181,0.0195,20.653333,17.925,0.025752,0.0,0.0,0.0,,,,0.0,,,,0.0,,0.065167
2025-10-08 09:30:00,0.163,-0.029,-0.019833,-0.005667,0.057167,-1.1e-05,0.232,0.0155,0.007333,-0.032333,1.3e-05,0.045,0.006333,0.032,1.4e-05,0.007511,1.242853,0.0,1.371333,-0.740667,0.007167,20.78,17.245,0.025822,0.0,0.0,0.0,,,,0.0,,,,0.0,,0.066167
2025-10-08 10:00:00,0.233833,0.0145,-0.018167,-0.040833,-0.016333,-5e-05,0.190833,0.006833,0.003667,0.264333,2e-06,0.0485,0.019667,0.003,2.4e-05,0.042918,2.765569,0.0,1.605667,-0.544167,-0.003667,21.208333,17.0,0.026198,0.0,0.0,0.0,0.00025,0.0,,0.0,,,4.7715,0.0,,0.066333
2025-10-08 10:30:00,0.212167,-0.007667,-0.021333,-0.030167,-0.033333,-3.8e-05,0.318833,0.016333,0.0055,0.008,4e-06,0.054833,0.018333,0.018833,2.4e-05,0.037895,0.04389,0.0,1.770167,-0.681667,-0.002333,21.611667,15.673333,0.026467,0.0,0.0,0.0,0.0,0.0,,0.0,,,4.558,0.0,,0.066167
2025-10-08 11:00:00,0.380833,0.071,-0.0275,-0.036667,-0.0315,-4.3e-05,0.310833,0.0195,0.0085,-0.0285,7e-06,0.063,0.022167,0.019667,2.8e-05,0.041616,0.186624,0.0,1.7945,-0.852,0.005333,21.998333,16.208333,0.026728,0.0,0.0,0.0,0.0,0.0,,0.0,,,4.413333,0.0,,0.065833
2025-10-08 11:30:00,0.268833,0.011,-0.029833,-0.040333,-0.005167,-5.8e-05,0.363667,0.0415,0.027833,0.008,4.5e-05,0.071833,0.026,0.025167,3.9e-05,0.050325,0.163755,0.0,1.829,-1.102,0.025167,22.351667,17.205,0.026662,0.0,0.0,0.0,0.0,0.0,,0.0,,,4.259333,0.0,,0.068167
2025-10-08 12:00:00,0.463,0.0315,-0.032833,-0.045333,-0.052,-8.5e-05,0.328167,0.024833,0.008833,0.0065,2.6e-05,0.068,0.016667,0.0175,3.8e-05,0.024128,0.024964,0.0,1.877833,-1.169,-0.0005,22.445,16.396667,0.026335,0.0,0.0,0.0,0.000167,0.0,,0.0,,,4.216,0.0,,0.067667
2025-10-08 12:30:00,0.357,0.0265,-0.019833,-0.005,-0.011167,-2.7e-05,0.307833,0.033333,0.009333,0.007667,3.1e-05,0.063,0.003,0.0055,1.9e-05,0.004534,0.006006,0.0,1.8795,-1.222667,-0.007167,22.371667,16.263333,0.026193,0.0,0.0,0.0,0.0,0.0,,0.0,,,4.442667,0.0,,0.066833
2025-10-08 13:00:00,0.221167,-0.037167,-0.014833,0.012333,0.0115,-3.1e-05,0.237333,0.023167,-0.0105,-0.011,2.9e-05,0.0495,-0.004833,-0.001167,1e-05,0.005476,0.004247,0.0,1.691333,-1.046333,-0.0075,22.06,15.873333,0.026077,0.0,0.0,0.0,0.0,0.0,,0.0,,,4.7145,0.0,,0.067333
2025-10-08 13:30:00,0.234333,-0.021333,-0.021833,0.005833,0.003333,-2.6e-05,0.177667,0.0225,-0.000667,0.001,1e-05,0.049333,-0.002833,0.0005,1.2e-05,0.003173,0.002467,0.0,1.459833,-1.103333,0.0095,21.935,15.748333,0.026175,0.0,0.0,0.0,,,,0.0,,,,0.0,,0.068333
2025-10-08 14:00:00,0.232167,0.008167,-0.015333,-0.001667,-0.003833,-2.2e-05,0.2445,0.0215,0.001,0.000833,9e-06,0.0525,0.000333,0.002833,1e-05,0.001736,0.001849,0.0,1.873,-0.940167,0.001167,21.875,15.65,0.026473,0.0,0.0,0.0,,,,0.0,,,,0.0,,0.067333
2025-10-08 14:30:00,0.1845,0.021,-0.013167,0.0005,-0.0025,-1.1e-05,0.173,0.010667,-0.004833,-0.004333,1.4e-05,0.032833,-0.000833,0.000833,7e-06,0.002225,0.002162,0.0,1.444667,-0.842333,0.004833,21.85,15.605,0.026538,0.0,0.0,0.0,,,,0.0,,,,0.0,,0.0675
2025-10-08 15:00:00,0.156667,-0.000667,-0.009,0.002833,0.002167,-3.8e-05,0.138333,0.020833,-0.004167,-0.004,3.8e-05,0.044833,-0.0015,0.001167,1.6e-05,0.002434,0.0049,0.0,1.0455,-1.035167,-0.005667,22.083333,15.945,0.025983,0.0,0.0,0.0,,,,0.0,,,,0.0,,0.070333
2025-10-08 15:30:00,0.2295,-0.0035,-0.0175,0.004667,0.004333,-3.4e-05,0.228,0.034,-0.003833,-0.005167,4e-05,0.052833,-0.002833,-0.001,1.9e-05,0.00308,0.0036,0.0,1.052,-1.218667,-0.007167,22.205,16.125,0.025533,0.0,0.0,0.0,,,,0.0,,,,0.0,,0.077167
2025-10-08 16:00:00,0.226333,0.006667,-0.018,0.007,0.008833,-1.2e-05,0.2545,0.034833,-0.0195,-0.019167,4.1e-05,0.0665,-0.01,-0.006333,1.5e-05,0.010712,0.009248,0.0,0.483333,-1.553333,-0.008333,22.056667,15.94,0.025325,0.0,0.0,0.0,,,,0.0,,,,0.0,,0.085833
2025-10-08 16:30:00,0.245,0.0575,-0.015667,0.003,0.0045,-3e-06,0.275667,0.0345,-0.016667,-0.012333,2e-05,0.067167,-0.008,-0.004333,8e-06,0.009702,0.006834,0.0,0.496667,-1.598167,-0.010667,21.918333,15.761667,0.025695,0.0,0.0,0.0,,,,0.0,,,,0.0,,0.093
2025-10-08 17:00:00,0.353,0.0585,-0.015667,-0.0025,-0.0025,8e-06,0.295667,0.041,-0.019833,-0.017167,2.8e-05,0.076667,-0.011,-0.006,1.1e-05,0.01037,0.006834,0.0,0.450167,-1.9365,-0.014667,21.848333,15.706667,0.025425,0.0,0.0,0.0,,,,0.0,,,,0.0,,
2025-10-08 17:30:00,0.276,-0.025833,-0.016833,0.003,-0.003167,-2.5e-05,0.341,0.043167,-0.0145,0.0235,-6.5e-05,0.065667,-0.007667,-0.000833,7e-06,0.01974,0.032882,0.0,0.539,-1.585833,-0.031833,21.69,14.705,0.024775,0.0,0.0,0.0,,,,0.0,,,,0.0,,0.061
2025-10-08 18:00:00,0.066,-0.006167,-0.005,0.006167,0.004667,1e-06,0.092833,0.009667,-0.019833,-0.011833,6e-06,0.0195,-0.005,-0.001833,1e-06,0.016598,0.006751,0.0,0.541667,-0.975833,-0.0495,21.726667,14.566667,0.023605,0.0,0.0,0.0,,,,0.0,,,,0.0,,0.061833
2025-10-08 18:30:00,0.058667,-0.0015,-0.002333,0.008167,0.006833,-3e-06,0.077333,0.007833,-0.015833,-0.009833,2e-06,0.017667,-0.004833,-0.002167,4e-06,0.023307,0.009248,0.0,0.460167,-0.885167,-0.018833,21.445,14.481667,0.02269,0.0,0.0,0.0,,,,0.0,,,,0.0,,0.062833
2025-10-08 19:00:00,0.0445,-0.0065,-0.002667,0.0065,0.004333,-1.5e-05,0.060833,0.007667,-0.0085,-0.005667,-4e-06,0.013333,-0.0035,-0.000833,3e-06,0.016171,0.00483,0.0,0.612167,-0.696333,-0.005,21.071667,14.425,0.02064,0.0,0.0,0.0,,,,0.0,,,,0.0,,0.063333
2025-10-08 19:30:00,0.0695,-0.014333,-0.011,0.011,0.0075,-1.3e-05,0.104167,0.017667,-0.017167,-0.010667,2.1e-05,0.027167,-0.007833,-0.003333,9e-06,0.01199,0.004923,0.0,0.760333,-0.971167,-0.000333,20.891667,14.548333,0.022423,0.0,0.0,0.0,,,,0.0,,,,0.0,,0.063333
2025-10-08 20:00:00,0.149667,-0.037167,-0.012667,0.006333,0.000333,2e-06,0.1765,0.019,-0.012167,-0.004667,6e-06,0.03,-0.004333,-0.000333,4e-06,0.008899,0.0049,0.0,0.765167,-0.9615,-0.007,20.728333,14.49,0.025338,0.0,0.0,0.0,,,,0.0,,,,0.0,,0.065
2025-10-08 20:30:00,0.2415,0.03,-0.0025,0.01575,-0.00125,-0.000196,0.33575,0.0365,0.00575,0.008,-0.000882,0.06425,-0.00775,0.0005,2.6e-05,0.042025,0.002988,1.5e-05,0.41775,-1.583,-0.04425,21.25,13.626667,0.022257,0.0,0.0,0.0,,,,0.0,,,,0.0,,0.063833
2025-10-08 21:00:00,0.505667,-0.223,0.089333,-0.002667,0.007333,-3.4e-05,1.236,-0.011333,0.025333,-0.003667,-6.2e-05,0.212,0.012333,0.008333,-8e-06,0.190678,0.008993,1e-06,-0.717333,-1.739,-0.052333,23.91,13.133333,0.018833,0.0,0.0,0.0,,,,0.0,,,,0.0,,0.066167
2025-10-08 21:30:00,0.544,-0.661833,0.229167,0.067167,0.009833,-8e-06,1.636333,-0.3075,-0.197333,-0.018,2.4e-05,0.212833,0.039667,0.004833,1.5e-05,0.273878,0.005088,0.0,-0.450167,-1.251833,-0.028,23.458333,13.041667,0.019932,0.0,0.0,0.0,,,,0.0,,,,0.0,,0.065833
2025-10-08 22:00:00,0.196833,-0.181167,0.068833,0.015333,0.0035,1e-06,0.469833,-0.0945,-0.053833,-0.0105,1.1e-05,0.070833,0.004167,-0.0015,7e-06,0.131648,0.00731,0.0,-0.216167,-0.692833,-0.098,23.831667,12.916667,0.023428,0.0,0.0,0.0,,,,0.0,,,,0.0,,0.0655
2025-10-08 22:30:00,0.0585,-0.052667,0.017833,0.0025,0.000833,-3e-06,0.166167,-0.02,-0.017333,-0.0045,-2e-06,0.021,-0.0005,0.0,1e-06,0.059699,0.004467,0.0,-0.249667,-0.159667,-0.083167,24.023333,12.758333,0.025442,0.0,0.0,0.0,,,,0.0,,,,0.0,,0.065
2025-10-08 23:00:00,0.049833,-0.042833,0.018833,0.000167,0.0035,3e-06,0.1275,-0.021833,0.000333,0.000167,-1.7e-05,0.0145,0.000667,0.000333,3e-06,0.061752,0.007482,0.0,-0.054833,-0.1775,-0.0735,23.763333,12.56,0.025195,0.0,0.0,0.0,,,,0.0,,,,0.0,,0.064833
2025-10-08 23:30:00,0.077,-0.0535,0.022833,-0.002833,0.0035,-1e-05,0.164167,-0.022667,-0.010833,-0.007,-2e-06,0.022333,-0.002333,-0.000833,4e-06,0.074256,0.00813,0.0,0.026833,-0.652333,-0.072833,23.633333,12.571667,0.029227,0.0,0.0,0.0,,,,0.0,,,,0.0,,0.064667
2025-10-09 00:00:00,0.1,0.007,0.038833,-0.001,0.002333,-5e-06,0.2675,0.014,-0.001833,-0.013,-5e-06,0.040333,-0.0055,-0.0015,1.4e-05,0.076544,0.009474,0.0,-0.2085,-0.078,-0.052,23.248333,12.63,0.029653,0.0,0.0,0.0,,,,0.0,,,,0.0,,0.064667
2025-10-09 00:30:00,0.158167,0.142,0.073833,0.019833,0.011667,-1.1e-05,0.358333,0.081167,0.013833,0.000833,-6e-06,0.045167,0.003167,-0.000833,1e-06,0.120062,0.024597,0.0,0.110667,0.0035,-0.0135,21.82,12.013333,0.028008,0.0,0.0,0.0,,,,0.0,,,,0.0,,0.064333
2025-10-09 01:00:00,0.1015,0.091,0.049833,0.002,-0.003,-1e-06,0.263667,0.053167,0.008167,-0.001167,-1.4e-05,0.029167,0.003,0.0,2e-06,0.08304,0.013187,0.0,-0.0925,0.0655,-0.034,20.855,10.906667,0.021478,0.0,0.0,0.0,,,,0.0,,,,0.0,,0.063333
2025-10-09 01:30:00,0.076,0.027667,0.032167,0.004167,-0.0005,-5.8e-05,0.1805,0.017,0.002667,-0.004167,-1.6e-05,0.018833,0.002,-0.000333,1e-06,0.068819,0.012063,1e-06,0.154333,-0.114667,-0.044,20.981667,10.681667,0.005756,0.0,0.0,0.0,,,,0.0,,,,0.0,,0.062667
2025-10-09 02:00:00,0.059667,0.007667,0.02,0.016167,0.020667,-5e-06,0.109667,0.005333,-0.001667,-0.003333,1e-06,0.012333,0.001,-0.0005,-0.0,0.085361,0.035407,0.0,0.021667,-0.001833,-0.0595,20.783333,10.435,-0.000799,0.0,0.0,0.0,,,,0.0,,,,0.0,,0.061667
2025-10-09 02:30:00,0.0395,-0.015333,0.015667,0.002333,0.002333,0.0,0.095333,-0.005333,0.004167,0.002333,-4e-06,0.009333,0.0005,0.000333,-0.0,0.05752,0.01199,0.0,-0.03,0.065667,-0.058167,20.75,10.198333,-0.00205,0.0,0.0,0.0,,,,0.0,,,,0.0,,0.06
2025-10-09 03:00:00,0.031167,-0.025333,0.013333,0.004667,0.002833,0.0,0.079333,-0.0135,-0.005,-0.0015,0.0,0.008667,0.000667,-0.000333,0.0,0.062417,0.015583,0.0,0.000167,-0.275167,-0.0595,21.403333,10.748333,-0.002128,0.0,0.0,0.0,,,,0.0,,,,0.0,,0.060667
2025-10-09 03:30:00,0.045167,-0.028167,0.013333,0.01,0.009333,-0.0,0.088833,-0.013667,-0.015833,-0.010167,0.0,0.008667,0.001833,0.0005,0.0,0.058483,0.012581,0.0,-0.086167,0.069833,-0.059333,21.491667,10.785,-0.002216,0.0,0.0,0.0,,,,0.0,,,,0.0,,0.061
2025-10-09 04:00:00,0.029833,-0.0165,0.0085,-0.0015,-0.000667,5e-06,0.072833,-0.007167,0.004833,0.000667,-2.2e-05,0.005833,0.000167,0.0,-0.0,0.046584,0.005929,0.0,-0.099167,0.134167,-0.060333,21.85,11.135,-0.0019,0.0,0.0,0.0,,,,0.0,,,,0.0,,0.061667
2025-10-09 04:30:00,0.086,-0.034,0.0095,0.0165,0.019333,1.2e-05,0.085333,-0.007333,-0.0025,-0.0065,3.5e-05,0.008,-0.000167,-0.000333,1e-06,0.054211,0.010609,0.0,0.156667,-0.078167,-0.053833,21.813333,11.163333,0.004343,0.0,0.0,0.0,,,,0.0,,,,0.0,,0.061833
2025-10-09 05:00:00,0.030833,-0.028,0.013333,0.002333,0.001667,9e-06,0.0815,-0.017,-0.002667,-0.0005,9e-06,0.008167,0.000333,0.0,0.0,0.051302,0.008342,0.0,-0.122333,0.207,-0.065,21.523333,10.981667,0.009485,0.0,0.0,0.0,,,,0.0,,,,0.0,,0.061667
2025-10-09 05:30:00,0.017,-0.018,0.0075,-0.000667,-0.000667,-6e-06,0.044833,-0.009833,-0.0005,0.0005,0.0,0.004333,0.0005,0.0,-1e-06,0.043264,0.006917,0.0,-0.061167,-0.033333,-0.059667,21.368333,10.886667,0.010435,0.0,0.0,0.0,,,,0.0,,,,0.0,,0.061167
2025-10-09 06:00:00,0.051333,-0.017,0.008667,-0.003833,0.002833,-2.4e-05,0.077,-0.013667,0.001667,0.006833,-9e-06,0.007333,0.000333,-0.000167,-1e-06,0.050475,0.011378,0.0,-0.041667,0.022167,-0.059,21.118333,10.6,0.01118,0.0,0.0,0.0,,,,0.0,,,,0.0,,0.061167
2025-10-09 06:30:00,0.0255,-0.0195,0.006667,-0.001333,0.001,3e-06,0.0605,-0.009,-0.005667,-0.006,-5e-06,0.004167,-0.000167,-0.0005,-1e-06,0.052977,0.020449,0.0,-0.178,0.167833,-0.053,20.803333,10.268333,0.005357,0.0,0.0,0.0,,,,0.0,,,,0.0,,0.059833
2025-10-09 07:00:00,0.032167,-0.016,0.006333,-0.006667,-0.004,1.3e-05,0.046667,-0.008,0.003833,0.002833,-6e-06,0.003667,0.0,-0.0005,0.0,0.05752,0.020449,0.0,-0.024667,0.393833,-0.053333,20.695,10.381667,0.001803,0.0,0.0,0.0,,,,0.0,,,,0.0,,0.059333
2025-10-09 07:30:00,0.323,-0.554,0.178,0.0625,0.044833,0.000278,1.025333,-0.320167,-0.124333,-0.068833,-0.000475,0.106,0.041667,0.0225,0.000153,0.089003,0.0507,1e-06,-0.094,0.138833,-0.058167,21.086667,11.173333,0.011218,0.0,0.0,0.0,,,,0.0,,,,0.0,,0.061
2025-10-09 08:00:00,0.3115,-0.396667,0.156333,-0.024167,-0.0105,2.7e-05,0.9305,-0.215,0.056667,0.003833,5e-06,0.101167,-0.004833,0.008833,1.4e-05,0.159733,0.030218,0.0,0.317167,0.462,-0.167833,21.666667,12.295,0.025497,0.0,0.0,0.0,,,,0.0,,,,0.0,,0.062333
2025-10-09 08:30:00,0.0875,0.025167,0.02,0.005,-0.012833,-1e-06,0.1705,0.018167,0.005,0.008667,2.9e-05,0.034333,0.018833,0.02,2.9e-05,0.100806,0.054289,0.0,0.564833,0.247833,-0.049667,22.68,13.341667,0.02763,0.0,0.0,0.0,,,,0.0,,,,0.0,,0.0655
2025-10-09 09:00:00,0.078833,0.0155,-0.0075,-0.024,-0.038333,-3.3e-05,0.109,-0.000167,-0.011333,-0.008667,1.6e-05,0.028,0.0235,0.028167,4.3e-05,0.081701,0.080561,0.0,0.686167,0.406333,-0.055333,21.848333,14.263333,0.025625,0.0,0.0,0.0,,,,0.0,,,,0.0,,0.067833
2025-10-09 09:30:00,0.209,0.070333,-0.011,-0.011833,-0.034333,-4e-06,0.244167,0.008333,0.001667,-0.0005,2.8e-05,0.035167,0.028,0.025333,4.2e-05,0.091607,0.080656,0.0,1.017667,-0.303333,0.0145,20.468333,14.736667,0.023688,0.0,0.0,0.0,,,,0.0,,,,0.0,,0.0695
2025-10-09 10:00:00,0.4015,-0.020833,-0.023333,-0.015833,-0.089,4.5e-05,0.241833,0.019333,0.023833,0.026,7.1e-05,0.049167,0.034333,0.034,4.7e-05,0.143641,0.121336,1e-06,1.323,-0.663167,0.003167,20.468333,15.12,0.018303,0.0,0.0,0.0,,,,0.0,,,,0.0,,0.069333
2025-10-09 10:30:00,0.464,-0.005,-0.017167,-0.003333,-0.045333,-0.000114,0.452333,0.029333,0.049333,0.054,9.9e-05,0.073667,0.052833,0.044667,7.3e-05,0.165649,0.12948,1e-06,1.347,-1.112833,-0.018167,20.74,15.361667,0.02159,0.0,0.0,0.0,0.0,0.0,,0.0,,,4.83925,0.0,,0.068
2025-10-09 11:00:00,0.479,0.023167,-0.023833,0.014833,-0.008167,1.3e-05,0.4645,0.042833,0.066833,0.083833,0.00012,0.089333,0.035667,0.0295,6.6e-05,0.0898,0.112784,0.0,0.887833,-1.729833,-0.018167,20.96,15.455,0.022355,0.0,0.0,0.0,0.0,0.0,,0.0,,,4.820333,0.0,,0.068
2025-10-09 11:30:00,1.271,0.309667,-0.06,-0.132667,-0.234667,-0.000149,0.758,0.037333,0.01,0.002333,7.4e-05,0.111333,0.055,0.050333,7.5e-05,0.163351,0.184184,0.0,2.107667,-1.149667,0.002,21.286667,15.908333,0.02265,0.0,0.0,0.0,,,,0.0,,,,0.0,,0.068333
2025-10-09 12:00:00,0.5535,-0.054833,-0.025333,-0.048,-0.048167,-6.2e-05,0.365833,0.036333,0.035,0.056833,7.2e-05,0.0825,0.028167,0.025167,5.4e-05,0.062917,0.07326,0.0,1.311167,-1.267833,0.01,21.363333,15.705,0.022738,0.0,0.0,0.0,0.0,0.0,,0.0,,,4.685833,0.0,,0.067667
2025-10-09 12:30:00,0.592167,0.099667,-0.008833,0.001167,-0.008167,1.9e-05,0.398667,0.043833,0.0195,0.020333,8.9e-05,0.084333,0.007333,0.006,3.7e-05,0.011736,0.009474,0.0,0.653833,-1.697667,0.001167,21.32,15.648333,0.022735,0.0,0.0,0.0,0.0,0.0,,0.0,,,4.745833,0.0,,0.067833
2025-10-09 13:00:00,0.660833,0.120667,-0.0265,-0.000167,-0.001833,-2.9e-05,0.523167,0.059333,0.021,0.012167,9.4e-05,0.1125,0.0025,0.001667,4e-05,0.0081,0.007569,0.0,0.906167,-2.147,-0.026,21.366667,15.603333,0.02291,0.0,0.0,0.0,0.0,0.0,,0.0,,,4.847,0.0,,0.080667
2025-10-09 13:30:00,0.5425,-0.009167,-0.034333,-0.009833,-0.006333,-4.3e-05,0.5215,0.086,0.0055,0.001667,9.7e-05,0.1425,-0.000167,-0.001667,4.1e-05,0.004053,0.00356,0.0,1.425833,-2.158,-0.003333,21.168333,15.391667,0.022997,0.0,0.0,0.0,,,,0.0,,,,0.0,,0.0928
2025-10-09 14:00:00,0.525333,-0.066167,-0.033667,-0.014167,-0.012,-7.4e-05,0.462667,0.063833,0.0115,0.0085,9.3e-05,0.117,0.0025,0.001167,3.7e-05,0.004096,0.002417,0.0,1.499833,-1.8745,-0.016667,21.041667,15.265,0.022762,0.0,0.0,0.0,,,,0.0,,,,0.0,,
2025-10-09 14:30:00,0.512333,0.004167,-0.028167,-0.002,-0.002167,-3.6e-05,0.38,0.0585,0.005,0.003333,6.9e-05,0.101167,0.000667,0.000667,3.3e-05,0.00368,0.002669,0.0,1.539,-1.739667,0.009333,20.923333,15.136667,0.022802,0.0,0.0,0.0,,,,0.0,,,,0.0,,
2025-10-09 15:00:00,0.4485,-0.020167,-0.0395,-0.007167,-0.000833,-4e-05,0.4275,0.059333,0.0175,0.009667,7e-05,0.102167,0.002333,0.004,3.2e-05,0.015047,0.01827,0.0,1.226833,-1.869833,-0.021667,20.9,15.226667,0.022973,0.0,0.0,0.0,,,,0.0,,,,0.0,,
2025-10-09 15:30:00,0.578167,0.0275,-0.033333,-0.008333,-0.015167,-5.3e-05,0.3915,0.052333,-0.002833,0.006,7e-05,0.100333,0.000167,0.0025,3.3e-05,0.00807,0.015006,0.0,2.0055,-1.706667,-0.0135,20.825,15.396667,0.022535,0.0,0.0,0.0,,,,0.0,,,,0.0,,
2025-10-09 16:00:00,0.6285,0.074667,-0.036167,0.021667,0.019667,-6e-05,0.547333,0.060667,-0.031833,-0.031,6.5e-05,0.112833,-0.0135,-0.011,2.3e-05,0.015252,0.01424,0.0,1.3875,-1.863,0.003333,20.678333,14.888333,0.022628,0.0,0.0,0.0,,,,0.0,,,,0.0,,
2025-10-09 16:30:00,0.340833,-0.018,-0.025167,0.016333,0.012667,-2e-05,0.317167,0.040167,-0.027833,-0.027167,3.1e-05,0.073333,-0.0145,-0.011667,1.3e-05,0.03234,0.025975,0.0,1.3375,-1.5175,0.008833,20.26,14.516667,0.022505,0.0,0.0,0.0,,,,0.0,,,,0.0,,
2025-10-09 17:00:00,0.310667,-0.021,-0.022167,0.030167,0.030833,-2.1e-05,0.325,0.035833,-0.045833,-0.046333,3.3e-05,0.078667,-0.018,-0.014833,1.2e-05,0.03591,0.031211,0.0,0.912833,-1.644833,-0.001,20.106667,14.181667,0.022875,0.0,0.0,0.0,,,,0.0,,,,0.0,,
2025-10-09 17:30:00,0.2705,-0.003833,-0.010333,0.010833,0.012,-1.7e-05,0.220167,0.024,-0.022667,-0.022667,2.3e-05,0.058667,-0.011,-0.009833,9e-06,0.020688,0.019136,0.0,0.886167,-1.383667,-0.000333,19.996667,14.083333,0.022895,0.0,0.0,0.0,,,,0.0,,,,0.0,,
2025-10-09 18:00:00,0.155833,-0.024,-0.019,0.026333,0.026667,-3e-05,0.164833,0.018667,-0.023167,-0.0225,2.3e-05,0.0365,-0.008,-0.007,9e-06,0.019275,0.017645,0.0,1.290833,-0.988333,0.006667,19.93,14.011667,0.022998,0.0,0.0,0.0,,,,0.0,,,,0.0,,
2025-10-09 18:30:00,0.195167,-0.005833,-0.017167,0.020167,0.020833,-2e-05,0.142667,0.017167,-0.0185,-0.018,1.7e-05,0.037333,-0.007333,-0.007,7e-06,0.016299,0.01428,0.0,1.178167,-0.987167,0.011833,19.823333,13.891667,0.02314,0.0,0.0,0.0,,,,0.0,,,,0.0,,
2025-10-09 19:00:00,0.065167,-0.006333,-0.004833,0.011333,0.0105,-9e-06,0.0795,0.010667,-0.013,-0.012,1e-05,0.0225,-0.0045,-0.004167,5e-06,0.01292,0.010438,0.0,1.049333,-0.779667,-0.009167,19.771667,13.811667,0.023397,0.0,0.0,0.0,,,,0.0,,,,0.0,,
2025-10-09 19:30:00,0.117667,-0.026833,-0.005,0.021167,0.020333,-1.1e-05,0.120667,0.010833,-0.019333,-0.0185,8e-06,0.024667,-0.004333,-0.003167,4e-06,0.016299,0.014843,0.0,0.985167,-0.827167,0.009833,19.796667,13.796667,0.023715,0.0,0.0,0.0,,,,0.0,,,,0.0,,
2025-10-09 20:00:00,0.099333,-0.006667,-0.003167,0.010833,0.008167,-5e-06,0.131833,0.011,-0.024,-0.021167,1.6e-05,0.0225,-0.004333,-0.003167,4e-06,0.01436,0.01106,0.0,1.187,-0.692667,-0.0005,19.701667,13.685,0.023865,0.0,0.0,0.0,,,,0.0,,,,0.0,,
2025-10-09 20:30:00,0.1085,-0.009667,-0.010667,0.012,0.009667,-1.2e-05,0.145833,0.0175,-0.014333,-0.011167,7e-06,0.0295,-0.004833,-0.0025,4e-06,0.008649,0.005451,0.0,1.076167,-0.867333,0.0125,19.678333,13.641667,0.023857,0.0,0.0,0.0,,,,0.0,,,,0.0,,
2025-10-09 21:00:00,0.120833,0.0145,-0.007167,0.009333,0.007167,4e-06,0.109167,0.009167,-0.012333,-0.0105,1.3e-05,0.026333,-0.005,-0.0015,5e-06,0.01,0.012027,0.0,1.213667,-0.818167,0.009833,19.535,13.43,0.023035,0.0,0.0,0.0,,,,0.0,,,,0.0,,
2025-10-09 21:30:00,0.095667,-0.014333,-0.010167,0.008667,0.0055,-5e-06,0.1045,0.006167,-0.0075,-0.005833,6e-06,0.025,-0.004167,-0.001167,3e-06,0.006588,0.003403,0.0,1.287333,-0.742,0.009667,19.396667,13.333333,0.023908,0.0,0.0,0.0,,,,0.0,,,,0.0,,
2025-10-09 22:00:00,0.097167,-0.007,-0.009667,0.013333,0.009833,-1e-05,0.0695,0.0065,-0.003,-0.002833,2e-06,0.024,-0.004333,-0.002,4e-06,0.008495,0.004579,0.0,1.204833,-0.512667,0.012333,19.436667,13.383333,0.023915,0.0,0.0,0.0,,,,0.0,,,,0.0,,
2025-10-09 22:30:00,0.128833,-0.017167,-0.013,0.013667,0.010167,-9e-06,0.101833,0.014833,-0.010667,-0.007667,7e-06,0.031333,-0.005167,-0.0015,4e-06,0.008962,0.004579,0.0,1.165833,-0.950167,0.014667,19.593333,13.551667,0.023873,0.0,0.0,0.0,,,,0.0,,,,0.0,,
2025-10-09 23:00:00,0.126667,-0.009667,-0.0145,0.011,0.007333,-7e-06,0.108833,0.0155,-0.009167,-0.005167,6e-06,0.038167,-0.006,-0.0025,5e-06,0.007773,0.003701,0.0,1.246167,-0.962333,0.005333,19.62,13.578333,0.023907,0.0,0.0,0.0,,,,0.0,,,,0.0,,
2025-10-09 23:30:00,0.102,-0.003,-0.010167,0.008667,0.0055,-5e-06,0.1365,0.013667,-0.013833,-0.011833,7e-06,0.0285,-0.005,-0.002,4e-06,0.008464,0.004784,0.0,1.220167,-0.885667,0.013167,19.621667,13.568333,0.024008,0.0,0.0,0.0,,,,0.0,,,,0.0,,
2025-10-10 00:00:00,0.124833,-0.018833,-0.009333,0.015667,0.0125,-8e-06,0.072,0.007833,-0.006833,-0.0055,4e-06,0.023667,-0.004333,-0.002,3e-06,0.007367,0.004268,0.0,1.229,-0.692333,0.0105,19.595,13.526667,0.024108,0.0,0.0,0.0,,,,0.0,,,,0.0,,
2025-10-10 00:30:00,0.050333,-0.014167,-0.006,0.007167,0.004667,-7e-06,0.077667,0.0095,-0.0105,-0.006833,3e-06,0.014833,-0.003167,-0.000667,1e-06,0.006642,0.00368,0.0,0.843167,-0.723833,0.005833,19.588333,13.483333,0.024048,0.0,0.0,0.0,,,,0.0,,,,0.0,,
2025-10-10 01:00:00,0.074833,-0.013333,-0.007667,0.011333,0.007333,-6e-06,0.071,0.007333,-0.0065,-0.005167,3e-06,0.019833,-0.0035,-0.001333,2e-06,0.006861,0.003173,0.0,1.303833,-0.574667,0.0175,19.548333,13.458333,0.02419,0.0,0.0,0.0,,,,0.0,,,,0.0,,
2025-10-10 01:30:00,0.101333,0.000833,-0.0115,0.010833,0.007833,-5e-06,0.105,0.005167,-0.006833,-0.006833,3e-06,0.024833,-0.0035,-0.000667,2e-06,0.006561,0.003306,0.0,1.068667,-0.6855,0.009333,19.573333,13.486667,0.024203,0.0,0.0,0.0,,,,0.0,,,,0.0,,
2025-10-10 02:00:00,0.079167,-0.008167,-0.0105,0.010167,0.0065,-4e-06,0.082167,0.004667,-0.004667,-0.003333,2e-06,0.023833,-0.004,-0.001333,2e-06,0.006917,0.002533,0.0,1.204833,-0.715333,0.0215,19.506667,13.416667,0.024177,0.0,0.0,0.0,,,,0.0,,,,0.0,,
2025-10-10 02:30:00,0.068833,-0.008333,-0.0065,0.012167,0.009,-2e-06,0.0755,0.0095,-0.007667,-0.006167,2e-06,0.020167,-0.004667,-0.002,1e-06,0.010678,0.004489,0.0,1.0975,-0.726167,0.0045,19.373333,13.276667,0.024058,0.0,0.0,0.0,,,,0.0,,,,0.0,,
2025-10-10 03:00:00,0.0625,-0.013167,-0.003667,0.014333,0.011167,1e-06,0.049167,0.0035,-0.007667,-0.0065,-0.0,0.012167,-0.003333,-0.001333,-0.0,0.018045,0.007598,0.0,0.901833,-0.6445,0.0155,19.181667,13.07,0.023823,0.0,0.0,0.0,,,,0.0,,,,0.0,,
2025-10-10 03:30:00,0.031167,-0.002,-0.002833,0.0175,0.013667,2e-06,0.014333,0.000833,-0.002833,-0.002167,0.0,0.005167,-0.003167,-0.002,-1e-06,0.03234,0.016256,0.0,0.541167,-0.5065,0.01,18.726667,12.568333,0.022608,0.0,0.0,0.0,,,,0.0,,,,0.0,,
2025-10-10 04:00:00,0.046833,-0.0005,-0.002667,0.030667,0.025167,2e-06,0.018,0.000333,-0.003333,-0.003333,-4e-06,0.005833,-0.0025,-0.001333,-0.0,0.0504,0.027889,0.0,0.456167,-0.496667,0.010167,18.15,12.01,0.020405,0.0,0.0,0.0,,,,0.0,,,,0.0,,
2025-10-10 04:30:00,0.014333,-0.0015,-0.001333,0.005167,0.004,-2e-06,0.009,0.000333,0.0005,0.0,0.0,0.002333,-0.001167,-0.0005,-1e-06,0.014884,0.006642,0.0,0.196667,-0.371167,0.011167,18.233333,12.038333,0.017678,0.0,0.0,0.0,,,,0.0,,,,0.0,,
2025-10-10 05:00:00,0.027167,0.001833,-0.003,0.013167,0.009833,-2e-06,0.011667,0.000333,-0.001,-0.001167,6e-06,0.004833,-0.002833,-0.001667,1e-06,0.02418,0.012358,0.0,0.205667,-0.466833,0.014833,18.281667,12.083333,0.013925,0.0,0.0,0.0,,,,0.0,,,,0.0,,
2025-10-10 05:30:00,0.014167,0.000167,-0.0005,0.001,0.001833,-6e-06,0.012167,0.000333,-0.0085,-0.007667,6e-06,0.002667,-0.0015,-0.0005,-0.0,0.03809,0.023511,0.0,0.064667,-0.182333,0.008167,18.045,11.816667,0.01321,0.0,0.0,0.0,,,,0.0,,,,0.0,,
2025-10-10 06:00:00,0.0205,0.000167,-0.003,0.007667,0.0055,-1.6e-05,0.0145,0.001167,-0.005,-0.003833,1e-06,0.0055,-0.004333,-0.0025,-2e-06,0.050251,0.028392,0.0,0.204333,-0.535333,0.004,18.066667,11.808333,0.009375,0.0,0.0,0.0,,,,0.0,,,,0.0,,
2025-10-10 06:30:00,0.059167,-0.005667,-0.007167,0.024833,0.017667,-6e-06,0.044667,0.005667,-0.011,-0.007833,-1.3e-05,0.016833,-0.008167,-0.005,-2e-06,0.045939,0.025707,0.0,1.006,-0.754667,0.0095,18.585,12.38,0.009661,0.0,0.0,0.0,,,,0.0,,,,0.0,,
2025-10-10 07:00:00,0.078833,-0.005333,-0.0065,0.015167,0.008333,-0.0,0.05,0.0025,-0.003833,-0.002833,-4e-06,0.016,-0.005167,-0.002833,-2e-06,0.015708,0.0081,0.0,1.067167,-0.580833,0.002,18.908333,12.791667,0.017532,0.0,0.0,0.0,,,,0.0,,,,0.0,,
2025-10-10 07:30:00,0.093,-0.016667,-0.008167,0.006333,-0.004333,-5e-06,0.0715,0.005333,-0.0015,0.003167,6e-06,0.020667,-0.001,0.002,3e-06,0.005232,0.004853,0.0,1.086167,-0.598,0.005167,19.373333,13.616667,0.023297,0.0,0.0,0.0,,,,0.0,,,,0.0,,
2025-10-10 08:00:00,0.120167,-0.008833,-0.0085,-0.004667,-0.01425,-5e-06,0.137667,0.023667,0.007,0.01175,9e-06,0.038333,0.006333,0.00925,8e-06,0.01152,0.019252,0.0,0.938833,-1.049667,-0.013167,20.405,14.7925,0.02519,0.0,0.0,0.0,,,,0.0,,,,0.0,,
2025-10-10 08:30:00,0.196833,0.011,-0.0095,-0.008333,-0.018167,-6e-06,0.161167,0.020333,0.0155,0.0155,1.8e-05,0.049667,0.011167,0.0115,1.3e-05,0.016214,0.017956,0.0,1.068333,-1.2085,-0.0035,21.256667,15.298333,0.025788,0.0,0.0,0.0,,,,0.0,,,,0.0,,
2025-10-10 09:00:00,0.466167,0.049833,-0.029667,-0.036667,-0.062833,-2.8e-05,0.374667,0.047667,0.0515,0.054333,4.6e-05,0.086,0.029333,0.0285,2.6e-05,0.058968,0.055932,0.0,1.527167,-1.4795,0.0,21.925,16.156667,0.02644,0.0,0.0,0.0,,,,0.0,,,,0.0,,
2025-10-10 09:30:00,0.658833,-0.0535,-0.035,-0.0565,-0.079333,-6.5e-05,0.4655,0.079333,0.048667,0.065167,6.6e-05,0.133,0.029,0.0255,3.4e-05,0.05744,0.076452,0.0,1.6685,-2.0295,-0.010667,22.395,16.593333,0.02636,0.0,0.0,0.0,0.0,0.0,,0.0,,,4.714,0.0,,
2025-10-10 10:00:00,0.654667,-0.009333,-0.0315,-0.012,-0.010167,-2.2e-05,0.589167,0.072333,0.058333,0.071833,8.2e-05,0.149333,0.024,0.021667,3.8e-05,0.046153,0.045227,0.0,0.681,-2.499333,-0.004833,22.671667,16.886667,0.02577,0.0,0.0,0.0,0.0,0.0,,0.0,,,4.6,0.0,,
2025-10-10 10:30:00,0.598167,0.055333,-0.0285,-0.015667,-0.017,-3.2e-05,0.444667,0.061333,0.018833,0.042167,5.4e-05,0.115,0.012167,0.01,3.4e-05,0.013689,0.016813,0.0,0.681833,-1.806833,0.009167,22.795,16.906667,0.025762,0.0,0.0,0.0,0.0,0.0,,0.0,,,4.6825,0.0,,
2025-10-10 11:00:00,0.630833,0.070667,-0.0295,-0.044667,-0.081333,-3.9e-05,0.503667,0.073667,0.058,0.068,8.1e-05,0.125333,0.029333,0.024667,4.3e-05,0.06528,0.107803,0.0,1.177167,-2.0505,-0.004167,22.99,17.23,0.025793,0.0,0.0,0.0,0.000167,0.0,,0.0,,,4.733333,0.0,,
2025-10-10 11:30:00,0.478833,0.037333,-0.038333,-0.005,-0.003167,-1.8e-05,0.4375,0.0635,0.046167,0.046333,9.3e-05,0.108,0.020167,0.0155,4.1e-05,0.029814,0.026406,0.0,1.0125,-1.900333,0.002667,23.03,17.111667,0.0258,0.0,0.0,0.0,0.0,0.0,,0.0,,,4.621833,0.0,,
2025-10-10 12:00:00,0.473667,0.1145,-0.020667,-0.019,-0.038333,-2.8e-05,0.469167,0.052833,0.0485,0.0365,8.7e-05,0.101,0.028833,0.025,4.5e-05,0.053747,0.046225,0.0,1.194833,-1.991667,-0.043167,23.27,17.498333,0.025578,0.0,0.0,0.0,0.0,0.0,,0.0,,,4.5425,0.0,,
2025-10-10 12:30:00,0.415167,0.005,-0.017,-0.0015,-0.01,4e-06,0.374167,0.044,0.008167,0.011667,5.3e-05,0.084667,0.005167,0.003833,2.6e-05,0.005751,0.00364,0.0,1.039833,-1.767333,-0.013,23.135,17.24,0.025295,0.0,0.0,0.0,0.0,0.0,,0.0,,,4.568333,0.0,,
2025-10-10 13:00:00,0.3345,0.077167,-0.0105,0.003167,0.0,4.2e-05,0.428,0.044333,0.012333,0.010833,9.7e-05,0.0775,0.001,-0.0005,2.4e-05,0.004117,0.002601,0.0,0.526833,-1.817,0.015333,23.035,17.088333,0.02538,0.0,0.0,0.0,0.0,0.0,,0.0,,,4.764,0.0,,
2025-10-10 13:30:00,0.2415,0.0215,-0.013167,-0.000667,0.001167,-2.2e-05,0.186,0.032667,-0.005667,-0.007167,4.8e-05,0.055333,-0.002167,-0.003333,2.3e-05,0.00297,0.003007,0.0,0.786333,-1.523333,-0.016,22.931667,16.943333,0.02536,0.0,0.0,0.0,,,,0.0,,,,0.0,,
2025-10-10 14:00:00,0.336333,0.024167,-0.004667,-0.0045,-0.005,6e-06,0.2685,0.029833,-0.0145,-0.016,4.3e-05,0.058167,-0.0065,-0.007,1.8e-05,0.006806,0.007056,0.0,0.628667,-1.554333,0.0005,22.84,16.863333,0.025097,0.0,0.0,0.0,,,,0.0,,,,0.0,,
2025-10-10 14:30:00,0.242,0.008,-0.013333,-0.002333,-0.000667,-4e-06,0.307167,0.0405,-0.015333,-0.017833,4.4e-05,0.061833,-0.0075,-0.007833,1.7e-05,0.00804,0.008281,0.0,0.575,-1.643833,0.002167,22.658333,16.633333,0.025357,0.0,0.0,0.0,,,,0.0,,,,0.0,,
2025-10-10 15:00:00,0.3435,0.011333,-0.014,-0.004167,0.000167,-9e-06,0.333667,0.038167,-0.0135,-0.013833,2.7e-05,0.082,-0.007833,-0.007167,1.5e-05,0.006615,0.005751,0.0,0.426833,-1.878167,-0.013,22.416667,16.375,0.025385,0.0,0.0,0.0,,,,0.0,,,,0.0,,
2025-10-10 15:30:00,0.355833,0.0385,0.001833,-0.006333,-0.001667,-3e-06,0.374833,0.053167,-0.011333,-0.012167,3.3e-05,0.100333,-0.01,-0.0075,1.6e-05,0.007253,0.004853,0.0,0.2465,-2.135333,-0.009667,22.171667,16.103333,0.025343,0.0,0.0,0.0,,,,0.0,,,,0.0,,
2025-10-10 16:00:00,0.197,-0.0015,-0.004333,-0.002167,0.0005,-1e-06,0.218333,0.022167,-0.011167,-0.013333,2.1e-05,0.048333,-0.007167,-0.005833,8e-06,0.009152,0.007685,0.0,0.294833,-1.341833,0.002667,22.001667,15.915,0.02521,0.0,0.0,0.0,,,,0.0,,,,0.0,,
2025-10-10 16:30:00,0.194,0.013333,-0.004167,-0.004667,-0.002667,2e-06,0.174667,0.025167,-0.016667,-0.018333,2e-05,0.039833,-0.009333,-0.007833,9e-06,0.01428,0.013379,0.0,0.320167,-1.302333,0.0145,21.881667,15.786667,0.025105,0.0,0.0,0.0,,,,0.0,,,,0.0,,
2025-10-10 17:00:00,0.192333,-0.001333,-0.009,0.002333,0.0038,-1e-06,0.305667,0.031167,-0.022,-0.0314,3.5e-05,0.056833,-0.009833,-0.0078,8e-06,0.014003,0.012905,0.0,0.833,-1.3385,0.004,21.675,15.6,0.024922,0.0,0.0,0.0,,,,0.0,,,,0.0,,
2025-10-10 17:30:00,0.319,0.0155,-0.018,0.019667,0.0204,-2e-05,0.2955,0.047667,-0.02,-0.0284,2.3e-05,0.0825,-0.0125,-0.0098,1e-05,0.014722,0.014019,0.0,0.945333,-1.672833,-0.024333,21.523333,15.458,0.02466,0.0,0.0,0.0,,,,0.0,,,,0.0,,
2025-10-10 18:00:00,0.202833,0.031833,-0.016167,0.01,0.011167,-7e-06,0.2915,0.038,-0.027833,-0.031,3.5e-05,0.059,-0.0125,-0.010667,1e-05,0.015252,0.01517,0.0,0.932333,-1.485667,-0.022333,21.361667,15.345,0.024402,0.0,0.0,0.0,,,,0.0,,,,0.0,,
2025-10-10 18:30:00,0.281333,0.083667,-0.012167,0.010167,0.01,-1.1e-05,0.377333,0.029833,-0.023167,-0.0234,2.3e-05,0.061667,-0.010333,-0.009,8e-06,0.015293,0.015826,0.0,0.928,-1.368167,0.011,21.195,15.188,0.024275,0.0,0.0,0.0,,,,0.0,,,,0.0,,
2025-10-10 19:00:00,0.114,0.016,-0.007833,0.006167,0.006833,-6e-06,0.121667,0.015,-0.012833,-0.013333,1.1e-05,0.031833,-0.0065,-0.0055,5e-06,0.0144,0.012844,0.0,0.698,-1.082833,-0.002167,21.07,14.996667,0.024395,0.0,0.0,0.0,,,,0.0,,,,0.0,,
2025-10-10 19:30:00,0.208833,-0.018,-0.0175,0.014667,0.017,-1.3e-05,0.223833,0.020333,-0.020833,-0.023167,1.6e-05,0.042333,-0.007333,-0.005833,5e-06,0.01452,0.015708,0.0,1.129333,-1.153333,0.0015,20.966667,14.946667,0.024413,0.0,0.0,0.0,,,,0.0,,,,0.0,,
2025-10-10 20:00:00,0.269833,-0.009167,-0.023667,0.018833,0.02425,-1.7e-05,0.268,0.032167,-0.020833,-0.0175,2.1e-05,0.067833,-0.0105,-0.00925,8e-06,0.012996,0.011078,0.0,1.16,-1.417333,0.0035,20.903333,14.9025,0.0241,0.0,0.0,0.0,,,,0.0,,,,0.0,,
2025-10-10 20:30:00,0.194667,-0.003333,-0.0225,0.014833,0.0158,-1.1e-05,0.205167,0.032667,-0.0205,-0.018,1.8e-05,0.0585,-0.009667,-0.0082,8e-06,0.014082,0.014019,0.0,1.054833,-1.307667,0.012,20.731667,14.754,0.024005,0.0,0.0,0.0,,,,0.0,,,,0.0,,
2025-10-10 21:00:00,0.157167,0.0025,-0.005,0.010833,0.0105,-8e-06,0.199833,0.031667,-0.013833,-0.014167,1e-05,0.049167,-0.007167,-0.006833,6e-06,0.011808,0.013885,0.0,1.051,-1.163667,0.005833,20.645,14.603333,0.024018,0.0,0.0,0.0,,,,0.0,,,,0.0,,
2025-10-10 21:30:00,0.0735,-0.004,-0.0085,0.014833,0.014667,-1.1e-05,0.077667,0.010333,-0.0085,-0.007333,6e-06,0.023,-0.006833,-0.006,5e-06,0.016341,0.013806,0.0,0.981167,-0.672667,0.002833,20.456667,14.395,0.024152,0.0,0.0,0.0,,,,0.0,,,,0.0,,
2025-10-10 22:00:00,0.0915,-0.006667,-0.007667,0.010667,0.0105,-8e-06,0.087833,0.0085,-0.012833,-0.012333,1e-05,0.025,-0.005167,-0.0045,4e-06,0.014042,0.011917,0.0,1.019167,-0.788333,0.001333,20.373333,14.3,0.024235,0.0,0.0,0.0,,,,0.0,,,,0.0,,
2025-10-10 22:30:00,0.102833,-0.008333,-0.008667,0.013667,0.013333,-1e-05,0.131667,0.0105,-0.016833,-0.016167,1.2e-05,0.025333,-0.0055,-0.005,4e-06,0.012844,0.010404,0.0,1.132333,-0.791667,0.010667,20.341667,14.271667,0.024235,0.0,0.0,0.0,,,,0.0,,,,0.0,,
2025-10-10 23:00:00,0.053167,-0.006,-0.004167,0.010333,0.01,-7e-06,0.051667,0.0065,-0.007333,-0.006833,5e-06,0.0125,-0.003,-0.0025,3e-06,0.012769,0.009669,0.0,0.878333,-0.661667,0.006833,20.273333,14.195,0.02427,0.0,0.0,0.0,,,,0.0,,,,0.0,,
2025-10-10 23:30:00,0.102,-0.022833,-0.008833,0.0175,0.016833,-1.3e-05,0.075833,0.006667,-0.010833,-0.009833,7e-06,0.02,-0.0045,-0.003667,4e-06,0.013302,0.009801,0.0,1.081667,-0.677333,0.0055,20.273333,14.206667,0.024243,0.0,0.0,0.0,,,,0.0,,,,0.0,,
2025-10-11 00:00:00,0.159167,-0.039667,-0.010667,0.017667,0.0165,-1.4e-05,0.175833,0.012167,-0.0215,-0.018667,1.6e-05,0.032667,-0.005667,-0.004667,5e-06,0.013417,0.009441,0.0,1.152667,-0.938333,-0.007667,20.306667,14.238333,0.02418,0.0,0.0,0.0,,,,0.0,,,,0.0,,
2025-10-11 00:30:00,0.128167,-0.001333,-0.011833,0.018667,0.018333,-1.5e-05,0.145167,0.010833,-0.013167,-0.011833,9e-06,0.026667,-0.005667,-0.005,5e-06,0.016256,0.013187,0.0,1.184,-0.499833,-0.002667,20.31,14.255,0.024052,0.0,0.0,0.0,,,,0.0,,,,0.0,,
2025-10-11 01:00:00,0.093,-0.003167,-0.008667,0.017333,0.018167,-1.3e-05,0.057833,0.000667,-0.003333,-0.002833,3e-06,0.015,-0.004,-0.003667,3e-06,0.014601,0.012063,0.0,0.9835,-0.178167,0.02,20.143333,14.091667,0.024048,0.0,0.0,0.0,,,,0.0,,,,0.0,,
2025-10-11 01:30:00,0.072833,-0.0125,-0.003,0.010333,0.010667,-8e-06,0.059167,0.000833,0.001,0.000833,-0.0,0.011833,-0.003167,-0.002167,2e-06,0.012656,0.010033,0.0,0.8035,-0.114,0.014667,19.988333,13.95,0.024037,0.0,0.0,0.0,,,,0.0,,,,0.0,,
2025-10-11 02:00:00,0.0205,0.002,-0.0015,0.002833,0.003333,-2e-06,0.018667,0.0,-0.000167,-0.000333,0.0,0.0045,-0.001,-0.000333,0.0,0.007482,0.005955,0.0,0.260667,-0.232333,0.007333,19.841667,13.796667,0.024117,0.0,0.0,0.0,,,,0.0,,,,0.0,,
2025-10-11 02:30:00,0.0145,-0.001333,-0.000833,0.003,0.003667,-4e-06,0.0225,-0.000333,-0.003167,-0.004,1e-06,0.001667,-0.000167,0.000333,0.0,0.006084,0.0057,0.0,0.151667,-0.045833,0.010833,19.671667,13.613333,0.024302,0.0,0.0,0.0,,,,0.0,,,,0.0,,
2025-10-11 03:00:00,0.054667,0.006,-0.0035,0.012,0.0105,-1e-05,0.024333,0.0005,-0.0005,-0.0005,1e-06,0.007833,-0.003,-0.001333,2e-06,0.012619,0.008281,0.0,0.778,-0.2065,0.013,19.736667,13.688333,0.02415,0.0,0.0,0.0,,,,0.0,,,,0.0,,
2025-10-11 03:30:00,0.059667,0.005667,-0.006833,0.013667,0.014,-7e-06,0.0415,0.000167,0.001833,-0.0005,-1e-06,0.011167,-0.004,-0.002167,3e-06,0.013302,0.016512,0.0,0.908,-0.201333,0.005833,19.82,13.761667,0.024032,0.0,0.0,0.0,,,,0.0,,,,0.0,,
2025-10-11 04:00:00,0.0295,-0.001167,-0.003,0.007667,0.006833,-6e-06,0.0145,0.0005,-0.000167,-0.0005,0.0,0.0045,-0.0015,-0.001,1e-06,0.00822,0.00528,0.0,0.419167,-0.305333,0.000833,19.685,13.63,0.024143,0.0,0.0,0.0,,,,0.0,,,,0.0,,
2025-10-11 04:30:00,0.024167,-0.0015,-0.002167,0.007833,0.006667,-6e-06,0.0265,0.002167,-0.008167,-0.007167,5e-06,0.0055,-0.002333,-0.000667,2e-06,0.014201,0.009409,0.0,0.4025,-0.292833,0.009,19.615,13.553333,0.024247,0.0,0.0,0.0,,,,0.0,,,,0.0,,
2025-10-11 05:00:00,0.024333,-0.002833,-0.0025,0.008,0.007,-6e-06,0.0245,0.001167,-0.002833,-0.002,2e-06,0.004833,-0.001833,-0.001,1e-06,0.010747,0.007225,0.0,0.534667,-0.366333,0.007833,19.735,13.676667,0.024173,0.0,0.0,0.0,,,,0.0,,,,0.0,,
2025-10-11 05:30:00,0.037333,-0.001833,-0.0025,0.009833,0.009333,-7e-06,0.025333,0.001667,-0.003167,-0.002333,2e-06,0.007833,-0.001833,-0.0005,1e-06,0.011954,0.007453,0.0,0.6185,-0.266,0.009,19.701667,13.643333,0.024192,0.0,0.0,0.0,,,,0.0,,,,0.0,,
2025-10-11 06:00:00,0.071167,-0.015667,-0.006667,0.016833,0.015833,-1.1e-05,0.049167,0.001333,-0.007833,-0.007833,4e-06,0.012333,-0.0035,-0.002167,2e-06,0.013611,0.009152,0.0,0.844833,-0.270167,0.006333,19.683333,13.626667,0.024158,0.0,0.0,0.0,,,,0.0,,,,0.0,,
2025-10-11 06:30:00,0.038333,-0.003333,-0.004167,0.009,0.0065,-6e-06,0.040833,0.000833,-0.002833,-0.003,2e-06,0.009167,-0.003,-0.001167,2e-06,0.010268,0.005625,0.0,0.794333,-0.225667,0.008667,19.641667,13.586667,0.024177,0.0,0.0,0.0,,,,0.0,,,,0.0,,
2025-10-11 07:00:00,0.049,-0.004333,-0.0055,0.007,0.004667,-7e-06,0.045167,0.002333,-0.003,-0.001833,2e-06,0.014833,-0.003833,-0.0015,4e-06,0.008649,0.005451,0.0,0.909333,-0.311333,0.0045,19.763333,13.728333,0.024248,0.0,0.0,0.0,,,,0.0,,,,0.0,,
2025-10-11 07:30:00,0.074667,-0.025167,-0.008333,0.012167,0.009667,-1.1e-05,0.098833,0.0065,-0.009333,-0.007667,9e-06,0.019,-0.004667,-0.002667,4e-06,0.01,0.006058,0.0,0.988833,-0.416833,0.021667,19.833333,13.8,0.024267,0.0,0.0,0.0,,,,0.0,,,,0.0,,
2025-10-11 08:00:00,0.099167,0.000333,-0.007667,0.007667,0.005333,-2e-06,0.085333,0.008,-0.0065,-0.0055,1.4e-05,0.020833,-0.0035,-0.0015,4e-06,0.007685,0.005451,0.0,0.751,-0.618833,0.007667,19.836667,13.795,0.024292,0.0,0.0,0.0,,,,0.0,,,,0.0,,
2025-10-11 08:30:00,0.064167,-0.014333,-0.006333,0.001833,-0.016,-9e-06,0.052667,0.002833,-0.002333,0.002,2e-06,0.015167,-0.000833,0.003,5e-06,0.001296,0.469225,0.0,0.888167,-0.090667,0.007333,19.846667,14.13,0.02441,0.0,0.0,0.0,,,,0.0,,,,0.0,,
2025-10-11 09:00:00,0.058667,0.002167,-0.006667,-0.003333,,-1.2e-05,0.066,0.001333,-0.002,,4e-06,0.014167,0.0025,,7e-06,0.004489,,0.0,0.848333,0.067167,0.005333,20.123333,,0.02476,0.0,0.0,0.0,,,,0.0,,,,0.0,,
2025-10-11 09:30:00,0.052167,-0.0065,-0.005667,-0.006167,,-1.2e-05,0.081667,0.005333,-0.000667,,2e-06,0.016,0.0055,,9e-06,0.010678,,0.0,0.922,-0.301333,0.0135,20.566667,,0.025052,0.0,0.0,0.0,,,,0.0,,,,0.0,,
2025-10-11 10:00:00,0.138,0.01,-0.014167,-0.011,,-1.9e-05,0.110667,0.0075,0.005,,7e-06,0.024333,0.011,,1.6e-05,0.019693,,0.0,1.202,-0.384,0.016667,20.923333,,0.025255,0.0,0.0,0.0,,,,0.0,,,,0.0,,
2025-10-11 10:30:00,0.156333,0.048,-0.015167,-0.021333,-0.032,-2.7e-05,0.238333,0.011,0.009167,-0.003,2.7e-05,0.034333,0.017167,0.019,2.4e-05,0.042367,0.042849,0.0,0.919,-0.5615,0.013167,21.336667,15.15,0.025388,0.0,0.0,0.0,,,,0.0,,,,0.0,,
2025-10-11 11:00:00,0.149667,0.02,-0.002167,-0.012,,6e-06,0.146833,0.011,0.0055,,1e-05,0.031833,0.007,,1.7e-05,0.012321,,0.0,0.343667,-0.824167,-0.000333,21.61,,0.025215,0.0,0.0,0.0,,,,0.0,,,,0.0,,
2025-10-11 11:30:00,0.146167,-0.039333,0.009,-0.003,,6e-06,0.208833,0.014833,0.0045,,1.8e-05,0.038,0.001333,,1.8e-05,0.004247,,0.0,-0.032,-0.991833,0.003833,21.71,,0.024735,0.0,0.0,0.0,,,,0.0,,,,0.0,,
2025-10-11 12:00:00,0.150667,0.000667,0.002833,-0.002833,,1.4e-05,0.197333,0.018,0.004333,,3.3e-05,0.037667,0.000333,,2e-05,0.003403,,0.0,0.1265,-1.230333,-0.0025,21.78,,0.024468,0.0,0.0,0.0,,,,0.0,,,,0.0,,
2025-10-11 12:30:00,0.298333,-0.032167,0.010833,-0.004167,-0.0005,2.2e-05,0.352167,0.032667,0.003667,0.008,5.7e-05,0.0795,-0.0025,-0.0005,2.8e-05,0.002898,0.002352,0.0,-0.007,-1.576167,-0.015333,21.741667,15.855,0.023688,0.0,0.0,0.0,,,,0.0,,,,0.0,,
2025-10-11 13:00:00,0.295167,-0.046,0.003833,-0.004167,-0.0038,6e-06,0.253,0.029667,0.000167,0.0066,1.9e-05,0.060167,-0.001,0.0,2e-05,0.002988,0.001731,0.0,0.086167,-1.457667,-0.005833,21.68,15.9,0.023487,0.0,0.0,0.0,,,,0.0,,,,0.0,,
2025-10-11 13:30:00,0.166667,-0.025667,0.018167,-0.001833,0.002833,5e-06,0.326833,0.02,0.007833,0.011333,3.6e-05,0.067333,-0.000167,-0.000167,2.5e-05,0.003501,0.003782,0.0,-0.165167,-1.140167,0.0,21.656667,15.861667,0.023748,0.0,0.0,0.0,,,,0.0,,,,0.0,,
2025-10-11 14:00:00,0.185333,-0.073167,0.012333,0.001833,0.008333,2.6e-05,0.407167,0.030667,0.005833,0.004167,1.3e-05,0.0685,0.002667,0.003,2.3e-05,0.004511,0.006347,0.0,-0.245333,-1.190667,0.009833,21.661667,15.865,0.024057,0.0,0.0,0.0,,,,0.0,,,,0.0,,
2025-10-11 14:30:00,0.083167,-0.029167,0.007833,0.0,0.0025,-7e-06,0.142,0.013333,0.0005,0.002167,3.6e-05,0.029,-0.0005,-0.0005,1.5e-05,0.002721,0.003117,0.0,-0.2165,-0.666,0.000667,21.586667,15.701667,0.024028,0.0,0.0,0.0,,,,0.0,,,,0.0,,
2025-10-11 15:00:00,0.0815,-0.025833,0.008167,0.006667,0.006167,1.8e-05,0.067667,0.004,0.001167,0.0045,6e-06,0.019167,0.002333,0.002,1e-05,0.005725,0.005625,0.0,-0.384,-0.223333,0.003667,21.605,15.741667,0.024183,0.0,0.0,0.0,,,,0.0,,,,0.0,,
2025-10-11 15:30:00,0.079667,-0.015667,0.0145,-0.001167,-0.001667,1.6e-05,0.143,0.0075,-0.0015,0.001333,2e-05,0.0335,-0.0025,-0.003,1.5e-05,0.003906,0.005017,0.0,-0.240667,-0.581833,0.0015,21.518333,15.6,0.024018,0.0,0.0,0.0,,,,0.0,,,,0.0,,
2025-10-11 16:00:00,0.052333,0.0015,0.005333,-0.000667,-0.0015,4e-06,0.094,0.004667,-0.0085,-0.007833,1.6e-05,0.017333,-0.003,-0.003,6e-06,0.010033,0.010781,0.0,-0.205,-0.512,-0.005333,21.318333,15.353333,0.023935,0.0,0.0,0.0,,,,0.0,,,,0.0,,
2025-10-11 16:30:00,0.014333,-0.0015,0.001167,0.000667,0.0005,1e-06,0.026333,0.002333,-0.003333,-0.0015,-1e-06,0.004833,-0.000667,-0.000167,1e-06,0.01456,0.015792,0.0,-0.148667,-0.140667,0.009667,21.053333,15.075,0.024152,0.0,0.0,0.0,,,,0.0,,,,0.0,,
2025-10-11 17:00:00,0.043167,0.0115,0.003667,-0.002333,0.001167,4e-06,0.051667,0.003167,-0.0085,-0.007333,9e-06,0.008833,-0.003,-0.001833,4e-06,0.019044,0.0223,0.0,-0.015667,-0.179833,0.001667,20.873333,14.905,0.024195,0.0,0.0,0.0,,,,0.0,,,,0.0,,
2025-10-11 17:30:00,0.0295,-0.001,0.002,-0.008,-0.004333,7e-06,0.041667,0.003333,-0.008167,-0.008333,7e-06,0.0085,-0.003333,-0.002333,3e-06,0.019275,0.019787,0.0,-0.079833,-0.184833,-0.0025,20.643333,14.646667,0.024305,0.0,0.0,0.0,,,,0.0,,,,0.0,,
2025-10-11 18:00:00,0.024667,-0.004333,-0.001,0.0005,0.003167,-1e-06,0.025,0.001667,-0.002833,-0.002333,0.0,0.006,-0.001167,-0.000833,1e-06,0.013924,0.015252,0.0,0.078167,-0.4415,-0.004167,20.503333,14.518333,0.024313,0.0,0.0,0.0,,,,0.0,,,,0.0,,
2025-10-11 18:30:00,0.018,-0.005833,0.000333,0.003167,0.0045,-2e-06,0.034333,0.0035,-0.007,-0.007667,4e-06,0.0055,-0.002333,-0.001667,2e-06,0.020259,0.01836,0.0,-0.079667,-0.204,0.01,20.295,14.248333,0.024488,0.0,0.0,0.0,,,,0.0,,,,0.0,,
2025-10-11 19:00:00,0.032833,-0.001667,0.002667,-0.0085,-0.006833,5e-06,0.019333,0.000333,0.0035,0.003333,-4e-06,0.004,-0.001667,-0.001,1e-06,0.015542,0.013924,0.0,0.0495,-0.102667,0.005667,20.276667,14.236667,0.024568,0.0,0.0,0.0,,,,0.0,,,,0.0,,
2025-10-11 19:30:00,0.046167,0.0015,0.000333,-0.0,0.002167,1e-06,0.015333,0.000333,0.002,0.002667,-1e-06,0.002167,-0.001167,-0.000167,1e-06,0.02418,0.016943,0.0,0.1885,0.009833,0.015333,19.83,13.781667,0.02464,0.0,0.0,0.0,,,,0.0,,,,0.0,,
2025-10-11 20:00:00,0.031833,-0.012667,-0.001333,0.010333,0.010167,-1e-05,0.045,0.0005,0.001,0.001167,1e-06,0.001833,-0.001,-0.000333,1e-06,0.0155,0.013533,0.0,0.299,0.032833,0.016,19.568333,13.485,0.024588,0.0,0.0,0.0,,,,0.0,,,,0.0,,
2025-10-11 20:30:00,0.026167,0.0015,-0.000167,0.004,0.004,-2e-06,0.020333,0.000333,0.005833,0.006,-4e-06,0.001667,-0.001,0.000167,1e-06,0.01054,0.007168,0.0,0.240667,0.172167,0.014667,19.408333,13.291667,0.024518,0.0,0.0,0.0,,,,0.0,,,,0.0,,
2025-10-11 21:00:00,0.023333,0.005333,0.000667,0.000667,0.004833,-0.0,0.006667,0.000333,0.0005,0.001167,-1e-06,0.0015,0.0,0.000333,0.0,0.004738,0.005065,0.0,0.0755,-0.159833,0.0125,19.446667,13.293333,0.024502,0.0,0.0,0.0,,,,0.0,,,,0.0,,
2025-10-11 21:30:00,0.018833,0.005833,0.0005,0.000667,0.003333,1e-06,0.013,0.001,-0.000833,-0.000667,2e-06,0.002167,-0.000833,0.000167,0.0,0.010609,0.007862,0.0,0.114167,0.014333,0.0245,19.306667,13.17,0.02444,0.0,0.0,0.0,,,,0.0,,,,0.0,,
2025-10-11 22:00:00,0.044833,0.000167,-0.001333,0.015167,0.016,-2.2e-05,0.033833,0.0035,-0.0175,-0.016833,2.9e-05,0.008167,-0.003,-0.001167,5e-06,0.052441,0.052823,0.0,0.555167,-0.425667,0.014833,19.708333,13.731667,0.023763,0.0,0.0,0.0,,,,0.0,,,,0.0,,
2025-10-11 22:30:00,0.014,-0.009833,-0.001333,0.01,0.010167,-9e-06,0.030833,0.0005,-0.012333,-0.0125,1.2e-05,0.002833,-0.000833,-0.000833,1e-06,0.022201,0.022902,0.0,0.381667,-0.142333,0.016,19.573333,13.643333,0.023513,0.0,0.0,0.0,,,,0.0,,,,0.0,,
2025-10-11 23:00:00,0.0125,-0.003167,-0.001,-0.000667,-0.0005,-1e-06,0.013167,0.000833,0.0,-0.000167,1e-06,0.002333,-0.000333,0.000333,0.0,0.002652,0.003885,0.0,0.136667,-0.302833,0.0095,19.011667,12.946667,0.024002,0.0,0.0,0.0,,,,0.0,,,,0.0,,
2025-10-11 23:30:00,0.003167,-0.000333,0.0,0.0,0.0,-1e-06,0.004167,-0.000167,-0.000667,-0.001,1e-06,0.000333,0.0,0.000167,0.0,0.003422,0.005575,0.0,0.065167,0.168667,0.013,18.878333,12.81,0.023903,0.0,0.0,0.0,,,,0.0,,,,0.0,,
2025-10-12 00:00:00,0.0025,0.001833,-0.000167,0.000333,0.001333,0.0,0.008667,-0.000167,-0.0005,-0.000167,-1e-06,0.000833,0.0,0.0,-0.0,0.002791,0.005017,0.0,0.076333,0.2165,0.011333,18.738333,12.683333,0.023827,0.0,0.0,0.0,,,,0.0,,,,0.0,,
2025-10-12 00:30:00,0.007833,0.002833,0.0,0.001333,0.001833,-1e-06,0.028167,0.000167,0.002167,0.001333,-1e-06,0.001,-0.000167,0.000167,0.0,0.004312,0.006136,0.0,0.052333,-0.119167,0.013167,18.7,12.605,0.023798,0.0,0.0,0.0,,,,0.0,,,,0.0,,
2025-10-12 01:00:00,0.013667,0.006,-0.000333,0.0025,0.003333,-2e-06,0.019833,0.000167,0.001833,0.002333,1e-06,0.001333,-0.0005,0.0,0.0,0.008372,0.007862,0.0,0.154667,-0.036667,0.009167,18.695,12.631667,0.023843,0.0,0.0,0.0,,,,0.0,,,,0.0,,
2025-10-12 01:30:00,0.016333,0.007,-0.001167,0.001333,0.0025,-2e-06,0.0115,-0.000667,-0.000667,-0.000333,0.0,0.0015,-0.0005,0.0,0.0,0.005878,0.006806,0.0,0.167833,-0.2575,0.009833,18.738333,12.651667,0.023823,0.0,0.0,0.0,,,,0.0,,,,0.0,,
2025-10-12 02:00:00,0.016667,0.003,-0.001167,0.004,0.0025,-4e-06,0.0085,0.000333,0.0,0.002,0.0,0.002,-0.000833,0.0005,1e-06,0.008649,0.008464,0.0,0.395167,-0.193667,0.004167,18.931667,12.87,0.023773,0.0,0.0,0.0,,,,0.0,,,,0.0,,
2025-10-12 02:30:00,0.0375,0.011667,-0.0005,0.010333,,-7e-06,0.010333,0.0,0.003,,-2e-06,0.001333,-0.000333,,1e-06,0.007168,,0.0,0.445667,-0.287667,0.013167,18.881667,,0.023753,0.0,0.0,0.0,,,,0.0,,,,0.0,,
2025-10-12 03:00:00,0.026,-0.005833,-0.0015,0.009833,,-9e-06,0.026667,0.0025,-0.01,,8e-06,0.005667,-0.0025,,2e-06,0.023104,,0.0,0.552,-0.4115,0.015,18.953333,,0.023603,0.0,0.0,0.0,,,,0.0,,,,0.0,,
2025-10-12 03:30:00,0.026333,0.004,-0.000333,0.007333,-0.0972,-8e-06,0.012,0.000667,-0.000667,-0.0378,-0.0,0.002333,-0.001167,0.0052,1e-06,0.012247,5.014912,0.0,0.585333,-0.307833,0.014,18.911667,15.494,0.023502,0.0,0.0,0.0,,,,0.0,,,,0.0,,
2025-10-12 04:00:00,0.012,0.004833,-0.0005,0.004333,-0.026,-3e-06,0.012,0.0,0.0005,-0.055,-0.0,0.003,-0.001167,0.018,1e-06,0.013225,26.319465,0.0,0.487667,-0.201167,0.002167,18.86,23.8975,0.023502,0.0,0.0,0.0,,,,0.0,,,,0.0,,
2025-10-12 04:30:00,0.009167,0.004,-0.000167,0.003333,,-4e-06,0.014,0.0005,-0.000833,,-0.0,0.001667,-0.000833,,1e-06,0.011954,,0.0,0.4205,-0.3495,0.011,18.77,,0.023443,0.0,0.0,0.0,,,,0.0,,,,0.0,,
2025-10-12 05:00:00,0.006333,0.0,-0.000833,0.004,0.002,-2e-06,0.0055,0.0,0.000167,0.000333,0.0,0.001167,-0.0005,0.0,0.0,0.005827,0.004312,0.0,0.436,-0.209833,0.015667,18.433333,12.323333,0.023563,0.0,0.0,0.0,,,,0.0,,,,0.0,,
2025-10-12 05:30:00,0.019333,0.003,-0.001833,0.007833,0.0075,-5e-06,0.0095,-0.000333,-0.000333,-0.002,-0.0,0.003,-0.001667,0.0005,1e-06,0.011025,0.012432,0.0,0.355167,-0.352667,0.0075,18.525,12.405,0.02342,0.0,0.0,0.0,,,,0.0,,,,0.0,,
2025-10-12 06:00:00,0.018167,0.004167,-0.000833,0.010333,0.009667,-6e-06,0.013333,0.0,0.002667,0.002833,-2e-06,0.002,-0.000333,0.000167,0.0,0.018678,0.05784,0.0,0.6375,-0.269833,0.0105,18.823333,12.893333,0.023453,0.0,0.0,0.0,,,,0.0,,,,0.0,,
2025-10-12 06:30:00,0.021,0.0015,-0.001,0.0065,0.01,-6e-06,0.028333,0.0015,-0.011,-0.032,6e-06,0.005167,-0.001167,-0.002,1e-06,0.02739,0.022801,0.0,0.328333,-0.3465,0.025667,19.0,13.08,0.02357,0.0,0.0,0.0,,,,0.0,,,,0.0,,
2025-10-12 07:00:00,0.042833,0.001333,0.003167,-0.002333,-0.0065,1e-06,0.070833,0.0055,-0.010167,-0.024,1.1e-05,0.015,-0.0035,-0.004,4e-06,0.008495,0.0155,0.0,-0.066833,-0.6635,0.007,19.305,13.195,0.023748,0.0,0.0,0.0,,,,0.0,,,,0.0,,
2025-10-12 07:30:00,0.042667,-0.01,0.001833,-0.001,0.004,-1e-06,0.038,0.0035,-0.001167,0.0,6e-06,0.012333,-0.0005,0.001,4e-06,0.00156,0.003364,0.0,0.112167,-0.682333,0.004167,19.463333,13.57,0.024065,0.0,0.0,0.0,,,,0.0,,,,0.0,,
2025-10-12 08:00:00,0.064333,0.0075,-0.002,0.000167,,2e-06,0.064667,0.006333,0.000167,,3e-06,0.0175,0.002667,,6e-06,0.002687,,0.0,0.161667,-0.8585,-0.000167,19.833333,,0.024192,0.0,0.0,0.0,,,,0.0,,,,0.0,,
2025-10-12 08:30:00,0.094167,0.0075,0.0045,-0.001,,-1e-06,0.133333,0.007333,0.0065,,4e-06,0.0345,0.010167,,1.6e-05,0.01738,,0.0,0.072333,-1.048833,-0.023333,20.303333,,0.024083,0.0,0.0,0.0,,,,0.0,,,,0.0,,
2025-10-12 09:00:00,0.198833,-0.0555,0.016167,0.001667,-0.0015,1e-05,0.3095,0.0115,0.029167,0.06,1.1e-05,0.061667,0.013,0.003,2e-05,0.028561,0.0225,0.0,-0.252333,-0.8565,-0.0105,20.77,15.065,0.024137,0.0,0.0,0.0,,,,0.0,,,,0.0,,
2025-10-12 09:30:00,0.27,-0.041167,0.042167,0.009333,0.031667,3.5e-05,0.719167,0.039,0.086333,0.090667,8.1e-05,0.114167,0.024833,0.026,3.9e-05,0.041684,0.065536,0.0,-0.407167,-1.306,0.002667,21.186667,15.65,0.024312,0.0,0.0,0.0,,,,0.0,,,,0.0,,
2025-10-12 10:00:00,0.218,-0.090833,0.016,-0.007667,,9e-06,0.564833,0.023,0.046,,3.5e-05,0.090333,0.019333,,3.5e-05,0.031981,,0.0,-0.2955,-1.454,0.0005,21.283333,,0.023953,0.0,0.0,0.0,,,,0.0,,,,0.0,,
2025-10-12 10:30:00,0.381,-0.119333,0.032833,-0.003,-0.0185,1.5e-05,0.544667,0.029,0.0315,0.073,3e-05,0.121167,0.013833,0.0145,2.9e-05,0.023307,0.037636,0.0,-0.278667,-1.840167,-0.018833,21.28,15.68,0.024305,0.0,0.0,0.0,,,,0.0,,,,0.0,,
2025-10-12 11:00:00,0.299667,-0.092333,0.033833,-0.007167,-0.0055,1e-06,0.697667,0.042333,0.053,0.073833,5.2e-05,0.128833,0.023,0.020333,3.3e-05,0.03591,0.0308,0.0,-0.386833,-1.595333,-0.005333,21.316667,15.596667,0.024412,0.0,0.0,0.0,,,,0.0,,,,0.0,,
2025-10-12 11:30:00,0.271667,-0.067,0.0335,0.007,0.055,2.1e-05,0.625833,0.046167,0.05,0.004,3.8e-05,0.1225,0.026333,0.019,3.7e-05,0.038285,0.056169,0.0,-0.3855,-1.476,0.007667,21.376667,15.64,0.0245,0.0,0.0,0.0,,,,0.0,,,,0.0,,
2025-10-12 12:00:00,0.293667,-0.072,0.0415,0.023333,0.033667,3.2e-05,0.5565,0.0385,0.0385,0.054667,2.6e-05,0.11,0.027,0.025333,3.1e-05,0.045369,0.045015,0.0,-0.604,-0.914333,0.0175,21.668333,16.016667,0.024735,0.0,0.0,0.0,,,,0.0,,,,0.0,,
2025-10-12 12:30:00,0.3155,-0.076167,0.031667,0.008167,0.0245,1.6e-05,0.4725,0.0255,0.019833,0.04,1.9e-05,0.103167,0.013333,0.012,2.2e-05,0.028505,0.022052,0.0,-0.528667,-1.252333,-0.003667,21.521667,15.71,0.02476,0.0,0.0,0.0,,,,0.0,,,,0.0,,
2025-10-12 13:00:00,0.253833,-0.075,0.0255,-0.0005,0.01,1.6e-05,0.616,0.030333,0.051,0.0465,2.4e-05,0.0895,0.019833,0.0185,2.4e-05,0.03783,0.027308,0.0,-0.258167,-1.782167,-0.0035,21.481667,15.6575,0.02505,0.0,0.0,0.0,,,,0.0,,,,0.0,,
2025-10-12 13:30:00,0.212667,-0.026,0.025,0.0005,0.002667,1e-05,0.3865,0.030667,0.028167,0.034333,3e-05,0.093167,0.012333,0.0125,2.3e-05,0.019275,0.016214,0.0,-0.295333,-1.386333,-0.008167,21.465,15.581667,0.025187,0.0,0.0,0.0,,,,0.0,,,,0.0,,
2025-10-12 14:00:00,0.208,-0.043167,0.021,-0.002167,0.000833,5e-06,0.405667,0.0195,0.019167,0.026,1.6e-05,0.091333,0.005167,0.006167,1.6e-05,0.007891,0.006779,0.0,-0.373333,-0.961,0.008667,21.63,15.683333,0.025453,0.0,0.0,0.0,,,,0.0,,,,0.0,,
2025-10-12 14:30:00,0.302333,-0.101833,0.025667,0.003333,0.006,2.1e-05,0.5835,0.044833,0.011333,0.017333,-1.6e-05,0.096167,0.005,0.007667,1.6e-05,0.007511,0.008556,0.0,-0.3055,-1.45,0.006667,21.286667,15.235,0.0253,0.0,0.0,0.0,,,,0.0,,,,0.0,,
2025-10-12 15:00:00,0.098,-0.013667,0.018,0.005,-0.001333,5.4e-05,0.210333,0.012,0.0035,0.0095,2e-06,0.050167,0.0055,0.008,5e-06,0.004784,0.013148,1e-06,-0.363833,-0.668333,-0.018,20.926667,14.558333,0.016537,0.0,0.0,0.0,,,,0.0,,,,0.0,,
2025-10-12 15:30:00,0.098833,-0.02,0.015333,0.001833,0.002667,6e-06,0.148,0.001167,0.003167,0.008833,2e-06,0.0345,0.004333,0.006667,5e-06,0.004356,0.010472,0.0,-0.235833,-0.8295,-0.050167,21.131667,14.833333,0.006161,0.0,0.0,0.0,,,,0.0,,,,0.0,,
2025-10-12 16:00:00,0.108,-0.043833,0.010167,0.001833,-0.001333,-1.6e-05,0.216667,0.006667,-0.0025,0.007667,-2.5e-05,0.0405,-0.0005,0.000667,1.3e-05,0.001248,0.006507,1e-06,-0.371,-0.574,-0.001833,21.24,15.005,0.009141,0.0,0.0,0.0,,,,0.0,,,,0.0,,
2025-10-12 16:30:00,0.119167,-0.033833,0.006333,0.000167,0.001,-7.4e-05,0.142667,0.005333,0.002,0.004,3.6e-05,0.037167,-0.000833,0.001167,1e-05,0.00207,0.001951,0.0,-0.3275,-0.413833,-0.018333,21.345,15.178333,0.024862,0.0,0.0,0.0,,,,0.0,,,,0.0,,
2025-10-12 17:00:00,0.089667,-0.003833,0.006333,-0.0005,-0.002167,2e-06,0.103833,0.006333,-0.0055,-0.002667,4e-06,0.03,-0.001833,0.0,2e-06,0.004096,0.00182,0.0,-0.254667,-0.3395,-0.007,21.291667,15.12,0.025647,0.0,0.0,0.0,,,,0.0,,,,0.0,,
2025-10-12 17:30:00,0.037167,-0.000333,0.003667,-0.002333,-0.002833,2e-06,0.097,0.007667,-0.0085,-0.005667,4e-06,0.0185,-0.003667,-0.001167,2e-06,0.006561,0.003211,0.0,-0.168,-0.460667,0.027833,21.18,15.001667,0.025638,0.0,0.0,0.0,,,,0.0,,,,0.0,,
2025-10-12 18:00:00,0.123667,-0.006667,0.015167,-0.004333,-0.0045,-2e-06,0.191,0.011167,-0.001833,-0.000167,1.2e-05,0.047,-0.002833,0.000167,7e-06,0.004692,0.00364,0.0,-0.441833,-0.471833,-0.021,21.058333,14.883333,0.025265,0.0,0.0,0.0,,,,0.0,,,,0.0,,
2025-10-12 18:30:00,0.043,0.004833,0.008167,-0.001,-0.000167,1e-06,0.110333,0.0015,-0.005333,-0.003667,3e-06,0.0245,-0.002667,0.0,2e-06,0.004534,0.00198,0.0,-0.153333,-0.5675,0.012167,20.91,14.73,0.025378,0.0,0.0,0.0,,,,0.0,,,,0.0,,
2025-10-12 19:00:00,0.048,-0.004833,0.007167,-0.001667,-0.001,-4.2e-05,0.124667,0.008,0.0025,0.005833,6.1e-05,0.0265,-0.000667,0.001167,-6e-06,0.003741,0.002934,1e-06,-0.193667,-0.6015,-0.002167,20.625,14.325,0.021438,0.0,0.0,0.0,,,,0.0,,,,0.0,,
2025-10-12 19:30:00,0.128,-0.023833,0.0105,0.0005,0.000167,2e-06,0.2365,0.014667,-0.002833,0.0015,7e-05,0.0475,-0.000333,0.000833,4e-06,0.001613,0.000455,0.0,-0.155167,-1.222333,-0.0245,20.385,13.906667,0.006014,0.0,0.0,0.0,,,,0.0,,,,0.0,,
2025-10-12 20:00:00,0.088833,-0.024167,0.004167,-0.000167,0.000333,5.1e-05,0.142667,0.011667,-0.001,0.000167,3.1e-05,0.030667,-0.001167,0.000667,2.8e-05,0.004444,0.000348,3e-06,-0.069167,-1.009333,-0.036667,20.916667,13.971667,0.00395,0.0,0.0,0.0,,,,0.0,,,,0.0,,0.0755
2025-10-12 20:30:00,0.070333,-0.002667,0.004833,-0.003,0.001167,2.1e-05,0.138667,0.006833,0.000667,0.001667,3.9e-05,0.027167,-0.001333,0.0005,1e-05,0.009152,0.000374,2e-06,-0.149167,-0.948,-0.075833,21.208333,14.031667,0.00545,0.0,0.0,0.0,,,,0.0,,,,0.0,,0.077333
2025-10-12 21:00:00,0.092833,0.0225,0.021,-0.000167,0.000333,3.6e-05,0.190833,0.030333,0.015,0.001333,-9.9e-05,0.038667,0.000333,0.000833,1e-06,0.029412,0.000469,1e-06,-0.206833,-0.556333,-0.0325,21.733333,14.065,0.001489,0.0,0.0,0.0,,,,0.0,,,,0.0,,0.079167
2025-10-12 21:30:00,0.181,0.158167,0.071,0.003833,0.000333,8e-06,0.343167,0.099333,0.009,0.0015,1.7e-05,0.0655,0.005167,0.000167,1e-05,0.04818,0.000499,0.0,-0.099833,-0.319167,0.004167,22.75,13.988333,-0.001299,0.0,0.0,0.0,,,,0.0,,,,0.0,,0.084
2025-10-12 22:00:00,0.199833,0.159333,0.070667,0.005833,-0.000667,-4e-06,0.370667,0.099333,0.010167,0.002,-1.3e-05,0.069833,0.005333,0.000333,-6e-06,0.049136,0.000568,0.0,-0.058333,-0.406667,0.010833,22.596667,13.978333,0.005689,0.0,0.0,0.0,,,,0.0,,,,0.0,,
2025-10-12 22:30:00,0.199,0.159167,0.075167,0.006667,0.0005,4e-06,0.3385,0.097667,0.01,0.001667,-1.6e-05,0.069,0.006,0.000667,3e-06,0.047524,0.000521,0.0,-0.189833,-0.2585,-0.004167,22.418333,13.935,0.008101,0.0,0.0,0.0,,,,0.0,,,,0.0,,
2025-10-12 23:00:00,0.357833,0.132667,0.091667,-0.000833,-0.0265,-4.5e-05,0.463833,0.101333,0.0085,-0.007667,-3.5e-05,0.113667,0.008667,-0.0045,0.0,0.05206,0.137888,0.0,-0.614833,-0.417167,0.017833,22.358333,14.076667,0.011885,0.0,0.0,0.0,,,,0.0,,,,0.0,,
2025-10-12 23:30:00,0.2535,0.116333,0.061833,-0.009333,0.0015,2.8e-05,0.309167,0.073167,0.005,0.002,1.8e-05,0.071333,0.002167,0.002833,-7e-06,0.04958,0.010404,0.0,-0.464333,-0.360667,-0.041167,21.946667,13.928333,0.015565,0.0,0.0,0.0,,,,0.0,,,,0.0,,
2025-10-13 00:00:00,0.177667,0.094,0.050333,0.000333,0.002,7e-06,0.242333,0.065,0.0085,-0.006667,-9e-06,0.049667,0.002833,0.002167,3e-06,0.044944,0.005955,0.0,-0.305167,-0.324667,-0.041,21.575,13.775,0.019852,0.0,0.0,0.0,,,,0.0,,,,0.0,,
2025-10-13 00:30:00,0.148667,0.106167,0.052833,0.001167,0.000167,6e-06,0.266667,0.065833,0.005667,-0.001167,-1e-06,0.047667,0.001833,-0.001167,2e-06,0.044451,0.004053,0.0,-0.303,-0.371,-0.029,21.3,13.72,0.020173,0.0,0.0,0.0,,,,0.0,,,,0.0,,
2025-10-13 01:00:00,0.1415,0.1055,0.040667,-0.001333,0.012667,1e-06,0.228167,0.061,0.0075,0.003833,-1e-06,0.042833,0.001333,0.0005,0.0,0.0441,0.28569,0.0,-0.259333,-0.313667,-0.043667,21.048333,15.656667,0.019625,0.0,0.0,0.0,,,,0.0,,,,0.0,,
2025-10-13 01:30:00,0.173333,0.129667,0.067,0.008333,0.0314,4e-06,0.3585,0.076667,0.002833,-0.0498,-3e-05,0.0595,0.002167,0.0098,2e-06,0.042162,0.376014,0.0,0.0145,-0.572167,0.001833,20.883333,14.762,0.02,0.0,0.0,0.0,,,,0.0,,,,0.0,,
2025-10-13 02:00:00,0.156833,0.105,0.054167,0.006,0.000833,-3e-06,0.309167,0.058667,0.004667,-0.0015,4e-06,0.053,0.002,0.000167,5e-06,0.040669,0.002401,0.0,-0.065667,-0.549667,0.0085,20.703333,13.6,0.021588,0.0,0.0,0.0,,,,0.0,,,,0.0,,
2025-10-13 02:30:00,0.162167,0.0375,0.036167,0.0045,-0.105667,7e-06,0.300167,0.040167,-0.0035,0.052333,-1.4e-05,0.049167,0.000333,-0.001333,2e-06,0.034163,0.682827,0.0,-0.187833,-0.416833,-0.0235,20.521667,13.94,0.022095,0.0,0.0,0.0,,,,0.0,,,,0.0,,
2025-10-13 03:00:00,0.152,0.0665,0.028833,0.0005,0.0015,-0.0,0.1975,0.036,0.003,-0.006833,-4e-06,0.045,-0.0015,0.001333,1e-06,0.029127,0.03796,0.0,-0.542667,-0.343333,-0.061,20.523333,13.905,0.02213,0.0,0.0,0.0,,,,0.0,,,,0.0,,
2025-10-13 03:30:00,0.287667,-0.027833,0.038,0.007,0.74275,8e-06,0.419667,0.055333,0.002833,-0.885,-8e-06,0.0825,-0.001167,0.23025,3e-06,0.030102,70.21602,0.0,-0.695667,-0.579167,-0.037167,20.563333,20.5025,0.022203,0.0,0.0,0.0,,,,0.0,,,,0.0,,
2025-10-13 04:00:00,0.282,0.032333,0.0375,0.005833,-0.3454,0.0,0.332833,0.042,0.009167,-0.1344,2e-06,0.075333,-0.000833,-0.1262,4e-06,0.033124,6.408999,0.0,-0.7735,-0.498333,-0.065333,20.601667,15.464,0.022088,0.0,0.0,0.0,,,,0.0,,,,0.0,,0.080667
2025-10-13 04:30:00,0.213833,0.027333,0.023,0.004167,0.026167,-1e-06,0.332667,0.025333,0.008167,-0.256,-2e-06,0.059,-0.002167,0.016667,3e-06,0.030218,5.397103,0.0,-0.542833,-0.4775,-0.069833,20.721667,15.715,0.021763,0.0,0.0,0.0,,,,0.0,,,,0.0,,
2025-10-13 05:00:00,0.1295,0.024833,0.019833,-0.002667,0.005,-1.8e-05,0.185333,0.018333,0.000667,-0.000333,-2.1e-05,0.033833,-0.001667,0.001333,2e-06,0.026515,0.00368,0.0,-0.409833,-0.475167,-0.074,20.79,13.288333,0.02171,0.0,0.0,0.0,,,,0.0,,,,0.0,,
2025-10-13 05:30:00,0.125,-0.009833,0.0155,-0.000667,0.0005,5e-06,0.192833,0.012833,0.0,0.0015,-4e-05,0.0405,-0.001667,0.001667,-4e-06,0.022201,0.00093,1e-06,-0.4515,-0.4945,-0.052333,20.791667,13.091667,0.016603,0.0,0.0,0.0,,,,0.0,,,,0.0,,0.0815
2025-10-13 06:00:00,0.074167,0.0125,0.012167,-0.000167,-0.000333,1.2e-05,0.130333,0.015167,-0.003,-0.001333,-6e-06,0.029,-0.000833,0.000167,4e-06,0.022003,0.001835,0.0,-0.338167,-0.4195,-0.059833,20.465,13.078333,0.000829,0.0,0.0,0.0,,,,0.0,,,,0.0,,
2025-10-13 06:30:00,0.154833,0.038167,0.030833,-0.002,0.008,6e-06,0.213167,0.013667,0.0,0.0104,6e-06,0.062333,0.000167,0.0008,1e-06,0.022751,0.00992,0.0,-0.591167,-0.7145,-0.063167,20.296667,13.21,-0.000945,0.0,0.0,0.0,,,,0.0,,,,0.0,,
2025-10-13 07:00:00,0.184833,-0.035833,0.022333,-0.0005,0.0092,8.6e-05,0.248,0.019167,-0.000333,-0.013,-9e-06,0.047167,0.000333,-0.0006,9e-06,0.023665,0.13235,0.0,-0.491,-0.545833,-0.054,20.215,13.678,0.003649,0.0,0.0,0.0,,,,0.0,,,,0.0,,
2025-10-13 07:30:00,0.104667,0.001833,0.018167,0.002333,-0.0205,5.2e-05,0.228833,0.018833,0.004167,0.006333,-3.9e-05,0.036667,0.003333,-0.002833,1.4e-05,0.026951,0.197136,0.0,-0.4145,-0.6045,-0.041333,20.245,13.345,0.018378,0.0,0.0,0.0,,,,0.0,,,,0.0,,
2025-10-13 08:00:00,0.102,0.0085,0.020333,0.003667,0.006167,-3e-06,0.186,0.020167,0.004167,0.0085,-1.1e-05,0.033833,0.003833,0.005167,3e-06,0.03216,0.010404,0.0,-0.3325,-0.560167,-0.045,20.465,13.53,0.02244,0.0,0.0,0.0,,,,0.0,,,,0.0,,
2025-10-13 08:30:00,0.1425,0.014833,0.015667,0.005667,0.007,-4e-06,0.324167,0.017333,0.011,0.013333,7e-06,0.055333,0.0055,0.007167,6e-06,0.028617,0.010235,0.0,-0.572333,-0.582667,-0.053167,20.89,13.863333,0.023337,0.0,0.0,0.0,,,,0.0,,,,0.0,,
2025-10-13 09:00:00,0.167833,-0.039667,0.009833,0.0015,0.0074,1.1e-05,0.273167,0.0125,-0.006833,0.001,2.7e-05,0.045667,0.005,0.006,9e-06,0.02156,0.018387,0.0,-0.789,-0.232833,-0.038333,21.738333,14.194,0.024265,0.0,0.0,0.0,,,,0.0,,,,0.0,,
2025-10-13 09:30:00,0.309167,-0.075167,0.021333,0.0215,0.044833,5.8e-05,0.432,0.005667,-0.002333,-0.008833,-1.8e-05,0.061333,0.018833,0.015833,2.1e-05,0.039734,0.116054,0.0,-0.942,0.207833,-0.002833,21.77,14.461667,0.024657,0.0,0.0,0.0,,,,0.0,,,,0.0,,
2025-10-13 10:00:00,0.242333,-0.081167,0.011667,0.0175,0.0175,5e-05,0.358167,0.003667,-0.0245,-0.017833,-8e-06,0.042333,0.006833,0.007,1.2e-05,0.015088,0.020401,0.0,-1.173,0.855333,0.012,20.988333,14.28,0.024783,0.0,0.0,0.0,,,,0.0,,,,0.0,,
2025-10-13 10:30:00,0.188333,-0.091333,0.018333,0.018167,0.017,7e-06,0.337667,0.004167,-0.012667,-0.0105,2.4e-05,0.047167,0.012167,0.009333,1.7e-05,0.019553,0.018315,0.0,-0.881167,0.232167,0.0195,20.891667,14.63,0.024998,0.0,0.0,0.0,,,,0.0,,,,0.0,,0.0875
2025-10-13 11:00:00,0.238333,-0.041667,0.008833,0.011833,0.017833,1.6e-05,0.318333,0.005167,-0.013167,-0.005167,-8e-06,0.037833,0.009667,0.007667,1.5e-05,0.019275,0.01909,0.0,-0.805667,0.384167,0.008167,20.715,14.68,0.025157,0.0,0.0,0.0,,,,0.0,,,,0.0,,0.0825
2025-10-13 11:30:00,0.0745,0.0085,0.004833,0.0045,0.008167,-5e-06,0.171667,0.007167,0.0135,0.026667,1.6e-05,0.028333,0.0145,0.013,1.6e-05,0.031035,0.030334,0.0,-0.2065,-0.7535,-0.007167,20.705,14.816667,0.025285,0.0,0.0,0.0,,,,0.0,,,,0.0,,0.0775
2025-10-13 12:00:00,0.089,-0.018333,0.0115,0.009167,0.0095,7e-06,0.137833,0.003333,0.002667,0.0125,1.8e-05,0.027,0.008333,0.007667,1.1e-05,0.017117,0.01703,0.0,-0.456667,-0.434167,-0.009167,20.836667,14.953333,0.025337,0.0,0.0,0.0,,,,0.0,,,,0.0,,0.069833
2025-10-13 12:30:00,0.165,-0.0775,0.014667,0.014,0.006167,1e-05,0.257,0.003833,0.000333,0.002167,7e-06,0.035667,0.016833,0.012833,1.7e-05,0.035281,0.029756,0.0,-0.539,-0.021333,0.019167,21.055,15.216667,0.025747,0.0,0.0,0.0,,,,0.0,,,,0.0,,0.0685
2025-10-13 13:00:00,0.243,0.003667,0.034833,0.010333,0.018167,1.2e-05,0.355,0.028667,0.019,0.034667,1.5e-05,0.068167,0.015,0.013667,1.8e-05,0.024964,0.02418,0.0,-0.887667,-0.428667,-0.013,21.133333,15.351667,0.025533,0.0,0.0,0.0,,,,0.0,,,,0.0,,0.065
2025-10-13 13:30:00,0.222,-0.057,0.021333,0.009833,0.008333,2.4e-05,0.373667,0.016833,0.021,0.040667,4e-06,0.0655,0.012167,0.011333,1.6e-05,0.027778,0.02646,0.0,-0.428667,-0.799667,0.018667,21.38,15.543333,0.025873,0.0,0.0,0.0,,,,0.0,,,,0.0,,0.064
2025-10-13 14:00:00,0.166167,-0.034333,0.020167,0.000167,0.001333,8e-06,0.414333,0.011667,0.035667,0.044333,3.8e-05,0.061833,0.008833,0.007667,1.9e-05,0.014681,0.01456,0.0,-0.2805,-1.142833,0.009333,21.28,15.373333,0.025613,0.0,0.0,0.0,,,,0.0,,,,0.0,,0.0645
2025-10-13 14:30:00,0.161667,-0.063833,0.008667,0.005833,0.003333,3e-05,0.213667,0.0025,-0.001167,0.011,-4e-06,0.025667,0.0025,0.0015,1e-05,0.006294,0.006084,0.0,-0.378333,-0.1535,0.018833,21.483333,15.616667,0.0254,0.0,0.0,0.0,,,,0.0,,,,0.0,,0.0645
2025-10-13 15:00:00,0.146,-0.007667,0.026167,0.005667,0.006833,1.9e-05,0.259333,0.018667,0.0145,0.02,1.3e-05,0.066333,0.0055,0.004333,2e-05,0.007482,0.006267,0.0,-0.431833,-0.729167,0.022833,21.473333,15.605,0.02528,0.0,0.0,0.0,,,,0.0,,,,0.0,,0.065333
2025-10-13 15:30:00,0.154833,-0.0115,0.020667,0.006333,0.005667,2.4e-05,0.232333,0.011333,0.002667,0.008333,-3e-06,0.0565,0.002333,0.001833,1.2e-05,0.003306,0.002467,0.0,-0.694,-0.383833,-0.017667,21.293333,15.423333,0.024908,0.0,0.0,0.0,,,,0.0,,,,0.0,,0.065333
2025-10-13 16:00:00,0.2295,-0.028167,0.025833,0.003167,0.0,2e-05,0.307,0.035833,-0.001333,0.003333,1.3e-05,0.076,-0.001,-0.001667,1.4e-05,0.003117,0.002635,0.0,-0.701,-0.571333,-0.022833,21.02,15.121667,0.024598,0.0,0.0,0.0,,,,0.0,,,,0.0,,0.065667
2025-10-13 16:30:00,0.1415,-0.0065,0.022167,-0.004333,-0.006667,1.2e-05,0.174833,0.013667,0.001,0.004,-0.0,0.0475,-0.002667,-0.002833,7e-06,0.004467,0.004139,0.0,-0.662,-0.460667,-0.025667,20.806667,14.881667,0.024427,0.0,0.0,0.0,,,,0.0,,,,0.0,,0.065667
2025-10-13 17:00:00,0.0735,0.003833,0.011167,-0.009333,-0.009833,8e-06,0.159167,0.014333,-0.006167,-0.005833,0.0,0.0325,-0.006,-0.005833,4e-06,0.010438,0.010167,0.0,-0.2935,-0.364333,0.014667,20.443333,14.471667,0.024508,0.0,0.0,0.0,,,,0.0,,,,0.0,,0.066333
2025-10-13 17:30:00,0.092833,0.012167,0.013167,-0.010833,-0.012167,7e-06,0.1185,0.007667,-0.003667,-0.004333,1e-06,0.033667,-0.004167,-0.004167,3e-06,0.009933,0.009539,0.0,-0.338667,-0.392333,-0.026333,20.173333,14.181667,0.024355,0.0,0.0,0.0,,,,0.0,,,,0.0,,0.065667
2025-10-13 18:00:00,0.07,-0.003,0.006667,-0.007,-0.007667,5e-06,0.075,0.006167,-0.001667,-0.000667,-1e-06,0.025333,-0.004667,-0.0045,3e-06,0.00893,0.008587,0.0,-0.304167,-0.304,0.015667,19.961667,13.988333,0.024215,0.0,0.0,0.0,,,,0.0,,,,0.0,,0.063833
2025-10-13 18:30:00,0.060833,-0.016833,0.007167,-0.007333,-0.006833,4e-06,0.158667,0.004,-0.007833,-0.008833,3e-06,0.022167,-0.004833,-0.003333,2e-06,0.010747,0.008495,0.0,-0.213333,-0.496167,0.012333,19.683333,13.698333,0.02418,0.0,0.0,0.0,,,,0.0,,,,0.0,,0.066667
2025-10-13 19:00:00,0.073833,-0.0185,0.006,-0.001667,-0.001,0.0,0.2275,-0.000667,-0.008167,-0.010833,7e-06,0.028333,-0.003167,-0.002167,3e-06,0.005751,0.004378,0.0,-0.218667,-0.7735,0.025833,19.558333,13.575,0.024102,0.0,0.0,0.0,,,,0.0,,,,0.0,,0.066667
2025-10-13 19:30:00,0.105667,0.007833,0.011333,-0.0035,-0.004,4e-06,0.119,0.009333,-0.0065,-0.0075,4e-06,0.028333,-0.0035,-0.002667,4e-06,0.005575,0.004075,0.0,-0.274,-0.397833,-0.004333,19.416667,13.433333,0.023977,0.0,0.0,0.0,,,,0.0,,,,0.0,,0.066833
2025-10-13 20:00:00,0.056667,-0.023667,0.006,-0.001667,-0.000667,-1e-06,0.140167,-0.0005,-0.002667,-0.003833,5e-06,0.027167,-0.002667,-0.001333,2e-06,0.003481,0.002178,0.0,-0.1605,-0.851667,0.021167,19.29,13.321667,0.023943,0.0,0.0,0.0,,,,0.0,,,,0.0,,0.067667
2025-10-13 20:30:00,0.0975,-0.003667,0.015667,-0.0025,-0.000667,1e-06,0.213167,0.011833,-0.004667,-0.005667,8e-06,0.0465,-0.004333,-0.002167,5e-06,0.002756,0.001863,0.0,-0.211,-1.161,0.018667,19.155,13.201667,0.023838,0.0,0.0,0.0,,,,0.0,,,,0.0,,0.068833
2025-10-13 21:00:00,0.101,-0.032,0.0135,-0.001667,-0.000333,1e-06,0.338333,0.019,-0.008833,-0.0105,1e-05,0.050667,-0.005167,-0.002667,5e-06,0.00356,0.002618,0.0,-0.277167,-1.079833,0.014,19.008333,13.061667,0.023702,0.0,0.0,0.0,,,,0.0,,,,0.0,,0.070833
2025-10-13 21:30:00,0.0805,-0.008833,0.011333,-0.005833,-0.005333,3e-06,0.140167,0.0145,-0.006333,-0.007,-1e-06,0.039,-0.006167,-0.002833,2e-06,0.007511,0.005041,0.0,-0.269667,-0.4135,0.0205,18.726667,12.761667,0.023518,0.0,0.0,0.0,,,,0.0,,,,0.0,,0.0725
2025-10-13 22:00:00,0.0405,-0.0085,0.0065,-0.002,-0.000667,0.0,0.130167,0.003667,-0.007833,-0.007833,2e-06,0.019667,-0.003667,-0.001667,2e-06,0.004467,0.002401,0.0,-0.134833,-0.534333,0.019167,18.626667,12.661667,0.023532,0.0,0.0,0.0,,,,0.0,,,,0.0,,0.072833
2025-10-13 22:30:00,0.062167,-0.011833,0.007,-0.002167,-0.001167,-1e-06,0.209667,0.001,-0.0095,-0.010833,7e-06,0.026167,-0.004333,-0.001167,2e-06,0.005525,0.002739,0.0,-0.129167,-0.784667,0.013,18.371667,12.41,0.0233,0.0,0.0,0.0,,,,0.0,,,,0.0,,0.073167
2025-10-13 23:00:00,0.032,-0.004,0.003,-0.001167,-0.001167,0.0,0.0945,0.003667,-0.003167,-0.001667,2e-06,0.0175,-0.001667,0.000167,2e-06,0.001921,0.001296,0.0,-0.192333,-0.572,0.023167,18.168333,12.221667,0.02321,0.0,0.0,0.0,,,,0.0,,,,0.0,,0.072667
2025-10-13 23:30:00,0.0615,-0.0165,0.008,-0.001,-0.000833,2e-06,0.106667,0.0085,-0.002167,0.000667,1e-06,0.023667,-0.0015,0.000333,2e-06,0.001667,0.00126,0.0,-0.2685,-0.496667,0.001,18.145,12.198333,0.023247,0.0,0.0,0.0,,,,0.0,,,,0.0,,0.073167
2025-10-14 00:00:00,0.038667,-0.011,0.005,-0.001167,0.0,1e-06,0.093167,0.004333,-0.001667,-0.0005,3e-06,0.018667,-0.0015,0.000333,2e-06,0.001482,0.001469,0.0,-0.167667,-0.750667,0.013667,18.14,12.201667,0.02324,0.0,0.0,0.0,,,,0.0,,,,0.0,,0.074167
2025-10-14 00:30:00,0.058833,-0.004833,0.0065,-0.007,-0.006667,2e-06,0.062667,0.003,0.001667,0.002333,-1e-06,0.015833,-0.002167,-0.0005,3e-06,0.00364,0.003461,0.0,-0.155667,-0.4535,0.018833,18.225,12.293333,0.023242,0.0,0.0,0.0,,,,0.0,,,,0.0,,0.0755
2025-10-14 01:00:00,0.031833,-0.0055,0.0045,-0.002833,-0.001833,3e-06,0.0405,0.0035,0.000667,0.0015,-0.0,0.011667,-0.001333,0.0,2e-06,0.003043,0.00201,0.0,-0.244167,-0.314667,-0.0015,18.416667,12.495,0.023345,0.0,0.0,0.0,,,,0.0,,,,0.0,,0.076333
2025-10-14 01:30:00,0.053167,-0.0075,0.007833,-0.005333,-0.004833,6e-06,0.070333,0.004,-0.001167,-0.000333,1e-06,0.015,-0.001667,-0.000333,2e-06,0.004647,0.0036,0.0,-0.201667,-0.278667,0.0085,18.508333,12.591667,0.023368,0.0,0.0,0.0,,,,0.0,,,,0.0,,0.076833
2025-10-14 02:00:00,0.067333,0.014333,0.009833,-0.006,-0.005167,5e-06,0.110333,0.0075,-0.004,-0.003333,2e-06,0.024667,-0.002833,-0.0015,3e-06,0.004467,0.003442,0.0,-0.271833,-0.3415,0.006,18.623333,12.705,0.023328,0.0,0.0,0.0,,,,0.0,,,,0.0,,0.079333
2025-10-14 02:30:00,0.210333,-0.027667,0.0195,-0.0155,-0.017667,1.7e-05,0.1975,0.005667,0.010167,0.011833,-9e-06,0.043333,-0.004667,-0.0035,5e-06,0.007511,0.007744,0.0,-0.540667,-0.390333,0.009833,18.838333,12.953333,0.023183,0.0,0.0,0.0,,,,0.0,,,,0.0,,0.081
2025-10-14 03:00:00,0.074167,0.0025,0.010167,-0.008333,-0.007833,7e-06,0.0915,0.004,0.0,0.000333,4e-06,0.018333,-0.002667,-0.001667,3e-06,0.00399,0.003461,0.0,-0.1955,-0.522833,-0.011,18.738333,12.833333,0.023305,0.0,0.0,0.0,,,,0.0,,,,0.0,,
2025-10-14 03:30:00,0.037667,-0.009167,0.003333,-0.003167,-0.002333,-0.0,0.0965,0.003167,-0.008667,-0.008,9e-06,0.0095,-0.002333,-0.0015,2e-06,0.005776,0.004923,0.0,-0.017667,-0.341,0.000667,18.681667,12.766667,0.023462,0.0,0.0,0.0,,,,0.0,,,,0.0,,
2025-10-14 04:00:00,0.032333,-0.0025,0.001667,-0.002833,-0.003333,3e-06,0.066333,0.002833,-0.004,-0.002667,3e-06,0.009,-0.001667,-0.001,2e-06,0.0044,0.00358,0.0,-0.153833,-0.264667,0.0215,18.763333,12.845,0.023555,0.0,0.0,0.0,,,,0.0,,,,0.0,,
2025-10-14 04:30:00,0.049,0.0115,0.006,-0.004,-0.003,4e-06,0.042,0.006,-0.001,0.0,2e-06,0.0185,-0.0015,-0.001,1e-06,0.002256,0.003823,0.0,-0.325,-0.2945,-0.029,18.835,12.913333,0.023495,0.0,0.0,0.0,,,,0.0,,,,0.0,,
2025-10-14 05:00:00,0.034667,-0.004667,0.002,0.000333,0.000667,,0.058,0.002,-0.007667,-0.008,,0.012333,-0.003,-0.001667,,0.006779,0.005112,,-0.031333,-0.583667,0.033333,18.89,13.001667,,0.0,0.0,0.0,,,,0.0,,,,0.0,,
2025-10-14 05:30:00,0.083,-0.031,0.010667,-0.000333,0.001,,0.1735,0.001,-0.009833,-0.013333,,0.022667,-0.003,-0.002167,,0.00555,0.005088,,-0.105833,-0.689333,0.010167,18.96,13.028333,,0.0,0.0,0.0,,,,0.0,,,,0.0,,
2025-10-14 06:00:00,0.107833,0.0075,0.0105,-0.000833,0.0035,,0.28,0.022,-0.009667,-0.007,,0.041167,-0.0035,0.0,,0.006534,0.011736,,-0.235167,-0.801833,0.016,18.816667,12.808333,,0.0,0.0,0.0,,,,0.0,,,,0.0,,
2025-10-14 06:30:00,0.087667,-0.032667,0.012333,-0.001333,-0.000167,,0.177667,0.005333,0.000667,0.003,,0.037667,-0.001833,0.001167,,0.001213,0.0011,,-0.239333,-0.911833,-0.008,18.36,12.391667,,0.0,0.0,0.0,,,,0.0,,,,0.0,,
2025-10-14 07:00:00,0.097,0.009833,0.002,-0.002667,-0.0005,,0.0985,0.013667,0.001667,0.0055,,0.022833,0.000167,0.002,,0.001248,0.002131,,0.123667,-1.116333,0.009833,18.455,12.518333,,0.0,0.0,0.0,,,,0.0,,,,0.0,,
2025-10-14 07:30:00,0.1035,-0.018333,0.0035,-0.0,0.001667,,0.148667,0.014833,0.003833,0.007833,,0.031,0.002167,0.0035,,0.003025,0.005801,,0.001167,-1.195167,0.004,18.598333,12.668333,,0.0,0.0,0.0,,,,0.0,,,,0.0,,
2025-10-14 08:00:00,0.156333,0.030333,0.003,0.001333,0.003333,,0.171,0.019333,0.018,0.0195,,0.038667,0.008,0.0095,,0.01221,0.01448,,0.051167,-1.234333,0.006333,18.641667,12.72,,0.0,0.0,0.0,,,,0.0,,,,0.0,,
2025-10-14 08:30:00,0.204667,0.021,0.000167,0.000167,0.002167,6e-06,0.172333,0.015833,0.007167,0.0105,5e-06,0.045167,0.0115,0.0105,7e-06,0.020544,0.018678,0.0,0.170333,-1.329,0.005833,18.973333,13.108333,2.017772,0.0,0.0,0.0,,,,0.0,,,,0.0,,
2025-10-14 09:00:00,0.177167,-0.099,0.005667,-0.000333,-0.002833,4e-06,0.262333,0.013833,0.013,0.022833,-2e-06,0.038167,0.010167,0.009333,8e-06,0.02156,0.02088,0.0,-0.180333,-0.9185,0.010667,19.48,13.623333,0.024272,0.0,0.0,0.0,,,,0.0,,,,0.0,,
2025-10-14 09:30:00,0.110333,-0.021667,0.012833,0.010833,0.018833,7.1e-05,0.168667,0.0055,0.002833,0.0095,-4e-06,0.038167,0.007167,0.007,1.4e-05,0.007832,0.016384,0.0,-0.4515,-0.4505,0.012167,19.67,13.776667,0.022307,0.0,0.0,0.0,,,,0.0,,,,0.0,,
2025-10-14 10:00:00,0.153333,-0.0695,0.015833,0.009833,0.008,9e-06,0.277333,0.019833,0.013,0.020167,-1e-06,0.046333,0.013,0.011833,1.2e-05,0.019182,0.019136,0.0,-0.288333,-0.741833,0.021167,20.261667,14.418333,0.02508,0.0,0.0,0.0,,,,0.0,,,,0.0,,
2025-10-14 10:30:00,0.1475,-0.051667,0.014667,-0.0015,0.0134,-3e-06,0.418667,0.019,0.014833,-0.011,7.1e-05,0.058333,0.010333,0.0112,1.5e-05,0.012882,0.043264,0.0,-0.248167,-1.211333,-0.020833,20.545,14.566,0.024392,0.0,0.0,0.0,,,,0.0,,,,0.0,,
2025-10-14 11:00:00,0.187333,-0.056,0.022,0.011167,0.0258,3.8e-05,0.486667,0.009833,0.03,0.032,7.8e-05,0.062167,0.011167,0.0154,3.5e-05,0.020592,0.089521,2e-06,-0.419167,-0.965167,0.005333,20.713333,14.39,0.019885,0.0,0.0,0.0,,,,0.0,,,,0.0,,0.062
2025-10-14 11:30:00,0.141833,0.023833,0.0165,0.013667,0.0285,3.9e-05,0.1985,0.004333,0.0155,0.0325,-1.6e-05,0.059333,0.022667,0.023833,3.7e-05,0.039138,0.070667,0.0,-0.594667,-0.5505,-0.041333,20.93,14.795,0.016237,0.0,0.0,0.0,,,,0.0,,,,0.0,,0.0635
2025-10-14 12:00:00,0.184333,-0.030667,0.0145,0.028333,0.044833,4e-05,0.161667,0.011,0.007833,0.018,3e-05,0.049167,0.031167,0.026167,2.4e-05,0.084293,0.094351,0.0,-0.507667,-0.123833,-0.0145,21.37,15.77,0.015933,0.0,0.0,0.0,,,,0.0,,,,0.0,,0.063167
2025-10-14 12:30:00,0.274167,-0.089833,0.017,0.012,0.011167,2.5e-05,0.5015,0.009,0.003833,0.029333,4.5e-05,0.076167,0.011833,0.009167,2.7e-05,0.01909,0.022751,0.0,-0.497333,-0.601833,0.0035,21.791667,16.078333,0.022025,0.0,0.0,0.0,,,,0.0,,,,0.0,,0.064833
2025-10-14 13:00:00,0.217,-0.015667,0.028833,0.009333,0.014333,2.5e-05,0.4285,0.015,0.026667,0.0365,4.3e-05,0.0895,0.011333,0.009333,2.8e-05,0.015006,0.01428,0.0,-0.516167,-1.1045,-0.005,21.798333,16.048333,0.025118,0.0,0.0,0.0,,,,0.0,,,,0.0,,0.072333
2025-10-14 13:30:00,0.2245,-0.010667,0.032667,0.011833,0.013333,3.3e-05,0.445,0.0245,0.034333,0.045833,5.3e-05,0.081167,0.0125,0.011333,2.9e-05,0.016555,0.015211,0.0,-0.463,-1.371833,-0.026167,21.836667,16.081667,0.025082,0.0,0.0,0.0,,,,0.0,,,,0.0,,0.085833
2025-10-14 14:00:00,0.241667,-0.076833,0.020333,0.008333,0.008833,2.8e-05,0.446667,0.010167,0.0215,0.036,2e-05,0.075667,0.008167,0.0065,2.2e-05,0.011095,0.010747,0.0,-0.499833,-0.7605,-0.007667,21.893333,16.131667,0.025195,0.0,0.0,0.0,,,,0.0,,,,0.0,,0.0994
2025-10-14 14:30:00,0.216667,-0.019333,0.032833,0.000667,0.0005,2.6e-05,0.4705,0.019,0.014167,0.0195,3.7e-05,0.099,0.0005,0.001167,2.3e-05,0.003948,0.003043,0.0,-0.428333,-1.203167,0.037,21.643333,15.82,0.025018,0.0,0.0,0.0,,,,0.0,,,,0.0,,
2025-10-14 15:00:00,0.181667,0.001,0.029833,0.0025,0.0035,1.3e-05,0.242,0.017667,0.008,0.012,2.4e-05,0.060833,0.001333,0.0015,1.7e-05,0.003422,0.002809,0.0,-0.450833,-0.864667,-0.014667,21.576667,15.731667,0.02508,0.0,0.0,0.0,,,,0.0,,,,0.0,,
2025-10-14 15:30:00,0.106167,-0.034167,0.010333,0.0,-0.003667,1.2e-05,0.189333,0.013333,-0.001333,0.003,8e-06,0.036667,-0.001167,-0.0005,8e-06,0.002827,0.002288,0.0,-0.446167,-0.573833,-0.008333,21.371667,15.456667,0.025158,0.0,0.0,0.0,,,,0.0,,,,0.0,,
2025-10-14 16:00:00,0.0625,-0.033667,0.007333,-0.001333,-0.001167,2e-06,0.196333,0.0065,-0.004,-0.002833,2.1e-05,0.0245,-0.002667,-0.001667,7e-06,0.004647,0.004139,0.0,-0.196333,-0.6025,0.017667,21.158333,15.24,0.025162,0.0,0.0,0.0,,,,0.0,,,,0.0,,
2025-10-14 16:30:00,0.081333,-0.005833,0.0095,-0.003,-0.003167,4e-06,0.144,0.004333,-0.0035,-0.001,8e-06,0.031833,-0.003833,-0.002667,5e-06,0.0064,0.004601,0.0,-0.361,-0.511333,-0.0015,20.976667,15.018333,0.025042,0.0,0.0,0.0,,,,0.0,,,,0.0,,
2025-10-14 17:00:00,0.1435,-0.043167,0.003167,-0.005,-0.007333,4e-06,0.1525,0.014667,0.000167,0.001167,-1e-06,0.047833,-0.006833,-0.005,3e-06,0.012694,0.008993,0.0,-0.435,-0.431833,-0.005167,20.57,14.581667,0.024725,0.0,0.0,0.0,,,,0.0,,,,0.0,,
2025-10-14 17:30:00,0.115167,-0.0005,0.0125,-0.0085,-0.008833,2e-06,0.154667,0.006167,-0.003333,-0.004167,-0.0,0.044333,-0.006,-0.0045,2e-06,0.009025,0.006084,0.0,-0.479833,-0.4545,-0.003833,20.033333,14.076667,0.024455,0.0,0.0,0.0,,,,0.0,,,,0.0,,
2025-10-14 18:00:00,0.1065,-0.018167,0.014,-0.0025,-0.004333,-1.6e-05,0.233667,0.014667,-0.002667,-0.002833,9.2e-05,0.051167,-0.002333,-0.0005,-1.4e-05,0.004444,0.008993,1e-06,-0.324667,-0.8865,0.008167,19.805,13.721667,0.022557,0.0,0.0,0.0,,,,0.0,,,,0.0,,
2025-10-14 18:30:00,0.196667,-0.049167,0.015,-0.007167,-0.003,-1.6e-05,0.276333,0.013833,-0.003167,0.001,6e-05,0.0725,-0.006167,-0.0005,8e-06,0.004334,0.001547,0.0,-0.593167,-0.519833,-0.013167,19.541667,13.283333,0.016895,0.0,0.0,0.0,,,,0.0,,,,0.0,,
2025-10-14 19:00:00,0.136167,0.002833,0.020667,-0.0055,-0.003333,-9e-06,0.1645,0.017,-0.003667,-0.002333,-1.9e-05,0.051,-0.004167,-0.000333,2e-06,0.002934,0.0011,0.0,-0.345333,-0.570167,-0.028167,19.281667,13.15,0.021995,0.0,0.0,0.0,,,,0.0,,,,0.0,,
2025-10-14 19:30:00,0.1535,-0.025,0.017,-0.006667,-0.004,-3.5e-05,0.215833,0.017667,-0.004667,-0.002833,-2.1e-05,0.046,-0.004333,-0.001,-2e-06,0.003422,0.0016,0.0,-0.4215,-0.493667,0.011,19.123333,13.103333,0.021467,0.0,0.0,0.0,,,,0.0,,,,0.0,,0.081
2025-10-14 20:00:00,0.064333,-0.009667,0.0095,-0.002167,-0.001333,-7e-06,0.217667,-0.002667,-0.007,-0.010667,-8e-06,0.028667,-0.0025,0.0005,-0.0,0.004422,0.002533,0.0,-0.218333,-0.586833,0.007333,19.056667,13.105,0.022958,0.0,0.0,0.0,,,,0.0,,,,0.0,,
2025-10-14 20:30:00,0.144167,-0.026167,0.0135,-0.0035,-0.004,6e-06,0.210667,0.019167,-0.014167,-0.016333,1.8e-05,0.054,-0.007333,-0.0055,7e-06,0.01099,0.010472,0.0,-0.357,-0.543833,0.001833,18.971667,13.128333,0.023093,0.0,0.0,0.0,,,,0.0,,,,0.0,,
2025-10-14 21:00:00,0.084833,-0.023167,0.007,0.000167,0.001167,-1e-06,0.305,0.0095,-0.02,-0.025,2.4e-05,0.033167,-0.005167,-0.003833,6e-06,0.009152,0.009474,0.0,-0.192667,-0.641167,0.000833,18.928333,13.103333,0.02304,0.0,0.0,0.0,,,,0.0,,,,0.0,,
2025-10-14 21:30:00,0.058333,0.005833,0.001667,-0.003833,-0.003333,-2e-06,0.098667,0.0025,-0.007167,-0.008167,7e-06,0.0205,-0.0035,-0.0025,3e-06,0.008251,0.006751,0.0,-0.033333,-0.784,0.0175,18.766667,12.913333,0.023163,0.0,0.0,0.0,,,,0.0,,,,0.0,,
2025-10-14 22:00:00,0.076,-0.003167,0.006333,-0.013833,-0.012833,-0.0,0.128833,0.009167,-0.020667,-0.020333,4e-06,0.027,-0.006833,-0.003833,3e-06,0.019044,0.013611,0.0,-0.146833,-0.698167,0.019833,18.503333,12.621667,0.023122,0.0,0.0,0.0,,,,0.0,,,,0.0,,
2025-10-14 22:30:00,0.094167,-0.022167,0.009,0.0035,0.005333,1.1e-05,0.194833,0.010833,-0.010833,-0.0125,-1e-05,0.035333,-0.005833,-0.002667,2e-06,0.01221,0.011025,0.0,-0.089,-1.043167,0.015167,18.395,12.498333,0.022698,0.0,0.0,0.0,,,,0.0,,,,0.0,,
2025-10-14 23:00:00,0.0685,-0.005,0.013,-0.0005,0.0015,3e-06,0.1265,0.001,0.001,0.006,-7e-06,0.0385,0.0,0.005,1.8e-05,0.002862,0.002704,0.0,-0.269,-0.886,-0.0165,18.095,11.923333,0.017105,0.0,0.0,0.0,,,,0.0,,,,0.0,,
2025-10-14 23:30:00,0.079,-0.007667,0.009,-0.003,-0.003,,0.133,0.013,-0.001667,0.008,,0.032667,-0.002,0.001,,0.002401,0.00207,,-0.115,-0.857667,0.019667,18.183333,11.97,,0.0,0.0,0.0,,,,0.0,,,,0.0,,0.0726
2025-10-15 00:00:00,0.059333,0.028833,0.001333,-0.0095,-0.008167,,0.138167,0.006,-0.021667,-0.016333,,0.020667,-0.004167,-0.001333,,0.014803,0.006779,,0.1015,-1.041,0.007167,18.158333,12.186667,,0.0,0.0,0.0,,,,0.0,,,,0.0,,0.0735
2025-10-15 00:30:00,0.0645,-0.001167,-0.000667,-0.002833,-0.003167,,0.0735,0.005667,-0.007833,-0.004333,,0.011167,-0.001833,-0.000167,,0.00801,0.002601,,0.139,-0.755167,0.012667,18.235,12.27,,0.0,0.0,0.0,,,,0.0,,,,0.0,,0.072
2025-10-15 01:00:00,0.083833,0.003,0.001,0.002167,0.001,,0.0595,0.008167,-0.005,-0.0015,,0.017667,-0.002833,-0.000333,,0.004669,0.001344,,0.560333,-0.842667,0.0045,18.318333,12.386667,,0.0,0.0,0.0,,,,0.0,,,,0.0,,0.071833
2025-10-15 01:30:00,0.072167,0.022333,-0.001667,-0.002,0.000833,,0.114333,0.011833,-0.004,0.006167,,0.019,-0.0015,0.000667,,0.001936,0.003461,,0.228667,-0.953167,0.001667,18.353333,12.315,,0.0,0.0,0.0,,,,0.0,,,,0.0,,0.0705
2025-10-15 02:00:00,0.049833,-0.007667,0.003167,-0.000833,0.000667,,0.066,0.006833,-0.001833,0.0,,0.0135,-0.002,0.0,,0.002256,0.0011,,0.148,-0.802833,-0.002,18.256667,12.275,,0.0,0.0,0.0,,,,0.0,,,,0.0,,0.065333
2025-10-15 02:30:00,0.024833,0.003333,0.000167,-0.003,-0.000833,,0.023333,0.001167,-0.003333,-0.000833,,0.004833,-0.000333,0.000333,,0.002898,0.000803,,0.259333,-0.332,0.004,18.166667,12.19,,0.0,0.0,0.0,,,,0.0,,,,0.0,,0.062667
2025-10-15 03:00:00,0.028833,-0.001167,-0.001667,0.002833,0.001667,,0.054,0.002333,-0.002333,0.000333,,0.006333,-0.001167,0.0,,0.002739,0.001078,,0.763833,-0.327833,-0.001833,18.206667,12.23,,0.0,0.0,0.0,,,,0.0,,,,0.0,,0.0615
2025-10-15 03:30:00,0.083333,0.014333,-0.007,0.004833,0.001167,,0.075667,0.009,-0.001167,0.0,,0.0165,-0.001333,0.000167,,0.002055,0.000831,,0.673833,-0.7175,0.006333,18.12,12.176667,,0.0,0.0,0.0,,,,0.0,,,,0.0,,0.060833
2025-10-15 04:00:00,0.093333,-0.010167,-0.0025,-0.0005,-0.003167,,0.047833,0.005,-0.000167,0.001833,,0.013,-0.000167,0.000833,,0.000784,0.000576,,0.758667,-0.681,0.016833,18.126667,12.193333,,0.0,0.0,0.0,,,,0.0,,,,0.0,,0.060333
2025-10-15 04:30:00,0.033667,0.002833,-0.0005,-0.0005,-0.001,,0.0355,0.002,-0.0045,-0.0025,,0.004833,-0.000833,-0.000167,,0.00245,0.001045,,0.388,-0.271833,0.011833,18.188333,12.253333,,0.0,0.0,0.0,,,,0.0,,,,0.0,,0.059167
2025-10-15 05:00:00,0.037,-0.003,-0.000833,0.000833,-0.001667,,0.019667,-0.000333,-0.001667,-0.0015,,0.0045,0.0,0.000333,,0.002774,0.001778,,0.378,0.3015,0.018333,18.098333,12.133333,,0.0,0.0,0.0,,,,0.0,,,,0.0,,0.058
2025-10-15 05:30:00,0.027,0.003167,-0.002,-0.0005,-0.001667,,0.0175,-0.000167,0.0005,0.000167,,0.0035,0.0,0.0005,,0.001237,0.001024,,0.4845,-0.087667,0.008167,18.145,12.083333,,0.0,0.0,0.0,,,,0.0,,,,0.0,,0.0555
2025-10-15 06:00:00,0.0135,-0.001833,-0.002,-0.001,-0.002333,,0.006667,-0.000167,0.000167,-0.000333,,0.003,0.000167,0.000667,,0.0009,0.001764,,0.596667,-0.068167,0.006833,18.276667,12.275,,0.0,0.0,0.0,,,,0.0,,,,0.0,,0.055333
2025-10-15 06:30:00,0.016833,0.000667,-0.002333,0.000667,-0.000333,,0.019667,0.002167,-0.0015,0.000167,,0.005333,-0.000167,0.000667,,0.001213,0.001508,,0.5575,-0.355,0.006833,18.475,12.425,,0.0,0.0,0.0,,,,0.0,,,,0.0,,0.054
2025-10-15 07:00:00,0.037333,-0.005167,-0.002667,0.000833,-0.000667,,0.034833,0.003333,-0.002833,-0.000833,,0.008167,0.0,0.001,,0.001284,0.001695,,0.615167,-0.436667,0.008,18.766667,12.796667,,0.0,0.0,0.0,,,,0.0,,,,0.0,,0.053
2025-10-15 07:30:00,0.0865,-0.0055,0.003833,-0.002,-0.001167,,0.149167,0.008667,0.002333,0.003333,,0.0195,0.001333,0.002167,,0.001508,0.002584,,0.0895,-0.752,0.000833,19.1,13.151667,,0.0,0.0,0.0,,,,0.0,,,,0.0,,0.053333
2025-10-15 08:00:00,0.039667,0.001333,0.000667,0.001167,0.003,,0.051,0.006,0.0025,0.003333,,0.013,0.0025,0.002833,,0.00358,0.006058,,0.042,-0.648833,0.0145,19.315,13.41,,0.0,0.0,0.0,,,,0.0,,,,0.0,,0.054167
2025-10-15 08:30:00,0.071667,-0.000167,0.010167,0.005667,0.023,-8.3e-05,0.0745,0.005167,0.005833,0.015167,1.4e-05,0.027167,0.006833,0.0145,-1e-05,0.008464,0.29757,1e-06,-0.364167,-0.388,-0.003167,19.598333,13.901667,2.00676,0.0,0.0,0.0,,,,0.0,,,,0.0,,0.056333
2025-10-15 09:00:00,0.103833,-0.016667,0.009167,-0.000167,0.003167,-4.4e-05,0.180667,0.011,0.015667,0.018167,3.5e-05,0.036,0.008167,0.008667,5e-06,0.010609,0.011845,0.0,-0.321333,-0.589667,0.029333,19.848333,13.998333,0.019602,0.0,0.0,0.0,,,,0.0,,,,0.0,,0.0595
2025-10-15 09:30:00,0.104333,-0.012833,0.012,0.005667,0.0095,0.0,0.215,0.015333,0.010667,0.016667,5e-06,0.034333,0.004833,0.005667,4e-06,0.0056,0.012996,0.0,-0.564333,-0.457833,-0.0105,20.131667,14.205,0.02466,0.0,0.0,0.0,,,,0.0,,,,0.0,,0.062833
2025-10-15 10:00:00,0.144833,-0.041333,0.015667,0.004333,0.003167,2e-06,0.137167,0.001,0.003833,0.010667,6e-06,0.028167,0.005,0.003833,8e-06,0.006373,0.008618,0.0,-0.5055,-0.2815,0.016167,20.343333,14.563333,0.025112,0.0,0.0,0.0,,,,0.0,,,,0.0,,0.068167
2025-10-15 10:30:00,0.119833,-0.006,0.011,0.010667,0.019,3.8e-05,0.135667,0.012,-0.0,0.015,1.7e-05,0.030833,0.0135,0.007,2.2e-05,0.02544,0.013456,0.0,-0.550833,-0.071833,0.005667,20.62,14.74,0.025607,0.0,0.0,0.0,,,,0.0,,,,0.0,,0.074333
2025-10-15 11:00:00,0.155833,-0.017833,0.020833,0.001,-0.012,3e-06,0.402667,0.023333,0.016833,0.0965,0.000144,0.0555,0.003667,0.006,8e-06,0.008495,0.0504,1e-06,-0.470167,-0.711833,0.008833,20.361667,14.825,0.02037,0.0,0.0,0.0,,,,0.0,,,,0.0,,0.076167
2025-10-15 11:30:00,0.133667,-0.052833,0.004,0.003667,,-1.1e-05,0.231667,0.027167,0.0075,,-3.1e-05,0.043333,0.0155,,1.4e-05,0.033367,,0.0,-0.2345,-0.856833,0.008833,20.19,,0.015223,0.0,0.0,0.0,,,,0.0,,,,0.0,,0.076167
2025-10-15 12:00:00,0.206,-0.060333,0.0205,-0.003,0.667,5e-05,0.441,0.012,0.013,-0.167,-9e-06,0.095167,0.011833,0.089,2.2e-05,0.01738,7.946761,0.0,-0.377,-1.308833,-0.013667,20.253333,18.48,0.024287,0.0,0.0,0.0,,,,0.0,,,,0.0,,0.086667
2025-10-15 12:30:00,0.137333,-0.041167,0.018167,0.0045,,1.3e-05,0.148,0.002667,-0.000833,,-7e-06,0.036167,0.003833,,6e-06,0.006806,,0.0,-0.3595,-0.417333,0.014667,20.001667,,0.024547,0.0,0.0,0.0,,,,0.0,,,,0.0,,0.087
2025-10-15 13:00:00,0.0955,-0.0515,0.011667,0.0095,,1.6e-05,0.209,0.003833,-0.002833,,-1.2e-05,0.0315,0.0095,,1.1e-05,0.018815,,0.0,-0.4275,-0.472,0.001833,20.563333,,0.025128,0.0,0.0,0.0,,,,0.0,,,,0.0,,0.09
2025-10-15 13:30:00,0.161333,-0.037,0.017833,0.006167,,1.5e-05,0.284667,0.0145,0.013,,2.3e-05,0.052167,0.005333,,1.3e-05,0.007282,,0.0,-0.368333,-0.980167,-0.007833,20.643333,,0.024902,0.0,0.0,0.0,,,,0.0,,,,0.0,,
2025-10-15 14:00:00,0.204333,-0.0495,0.031,0.009667,,6e-06,0.455333,0.022,0.0155,,4.1e-05,0.070167,0.008833,,1.4e-05,0.008403,,0.0,-0.433833,-0.908333,-0.000167,20.576667,,0.024863,0.0,0.0,0.0,,,,0.0,,,,0.0,,
2025-10-15 14:30:00,0.185667,-0.059333,0.021833,0.003,,1.4e-05,0.359333,0.0305,0.012667,,1.1e-05,0.069167,0.007667,,1.4e-05,0.006806,,0.0,-0.434333,-0.973333,0.003,20.486667,,0.02484,0.0,0.0,0.0,,,,0.0,,,,0.0,,
2025-10-15 15:00:00,0.209833,-0.085167,0.014833,-0.000833,0.000333,3e-06,0.534833,0.037667,0.024667,0.035667,3.5e-05,0.074,0.007,0.006,1.4e-05,0.007253,0.005776,0.0,-0.2605,-1.459667,0.0145,20.346667,14.436667,0.02482,0.0,0.0,0.0,,,,0.0,,,,0.0,,
2025-10-15 15:30:00,0.1525,-0.026667,0.0275,0.004167,0.009333,3e-05,0.302,0.019167,0.008,0.009,4.6e-05,0.064,0.0035,0.007667,1.4e-05,0.00356,0.008587,0.0,-0.385333,-0.982333,0.021667,19.9,14.17,0.023188,0.0,0.0,0.0,,,,0.0,,,,0.0,,
2025-10-15 16:00:00,0.131333,-0.027833,0.009167,-0.003167,-0.0015,3e-06,0.309,0.014667,0.004667,0.00775,2.6e-05,0.055167,0.0025,0.00325,9e-06,0.002162,0.026732,0.0,-0.183667,-1.326833,-0.007667,19.435,13.3675,0.019943,0.0,0.0,0.0,,,,0.0,,,,0.0,,
2025-10-15 16:30:00,0.091333,-0.031,0.010833,-0.000333,0.055667,2.1e-05,0.273333,0.006167,0.001833,-0.104,-0.000112,0.038667,0.0,0.006333,1e-06,0.001695,0.143641,1e-06,-0.227833,-1.1255,-0.014833,19.166667,13.786667,0.015885,0.0,0.0,0.0,,,,0.0,,,,0.0,,
2025-10-15 17:00:00,0.1325,-0.037,0.019167,-0.010333,0.0185,-0.000136,0.3175,0.022,-0.006833,-0.0005,-0.000192,0.049333,-0.0025,0.004667,-3.5e-05,0.004182,0.019693,1e-06,-0.322,-1.0645,-0.029,18.933333,13.348333,0.011223,0.0,0.0,0.0,,,,0.0,,,,0.0,,
2025-10-15 17:30:00,0.112167,-0.041333,0.0135,0.0015,0.009,-2.2e-05,0.153333,0.005167,0.000833,-0.006333,-4.6e-05,0.039167,-0.000167,0.001833,1.4e-05,0.002827,0.009702,2e-06,-0.386667,-0.414667,-0.0615,19.606667,12.938333,0.021422,0.0,0.0,0.0,,,,0.0,,,,0.0,,0.057167
2025-10-15 18:00:00,0.269333,0.007167,0.027667,-0.009667,0.013833,0.000197,0.3295,0.021667,0.003167,-0.003833,0.00013,0.081333,-0.006833,0.003167,7.9e-05,0.02728,0.01575,4e-06,-0.846,-0.571,-0.055167,19.713333,13.165,0.009536,0.0,0.0,0.0,,,,0.0,,,,0.0,,0.0565
2025-10-15 18:30:00,0.117333,-0.013333,0.009167,-0.003333,-0.0075,1e-05,0.242667,0.009167,-0.004833,-0.002,1.3e-05,0.037667,-0.003667,0.001833,7e-06,0.012284,0.017161,0.0,-0.4825,-0.655333,-0.0295,19.365,13.755,0.006592,0.0,0.0,0.0,,,,0.0,,,,0.0,,0.057333
2025-10-15 19:00:00,0.124,-0.033,0.016333,-0.001833,0.0045,-4e-06,0.391667,0.000667,-0.011667,-0.003,2.1e-05,0.052833,-0.007,0.002667,4e-06,0.009637,0.007453,0.0,-0.359,-0.9865,-0.012833,19.358333,14.115,0.008623,0.0,0.0,0.0,,,,0.0,,,,0.0,,0.0585
2025-10-15 19:30:00,0.141833,0.010167,0.013333,-0.006167,-0.002167,-5e-06,0.187833,0.016,-0.0125,-0.0035,1.8e-05,0.048167,-0.0075,0.001,7e-06,0.010235,0.00893,0.0,-0.482167,-0.745,-0.036333,19.446667,14.596667,0.009183,0.0,0.0,0.0,,,,0.0,,,,0.0,,0.059167
2025-10-15 20:00:00,0.033167,-0.002,0.003333,-0.001,0.002833,0.0,0.0525,0.002333,-0.004667,-0.004,0.0,0.011,-0.001667,0.000833,2e-06,0.009216,0.007569,0.0,-0.209333,-0.432,-0.037167,19.523333,14.691667,0.007616,0.0,0.0,0.0,,,,0.0,,,,0.0,,0.059333
2025-10-15 20:30:00,0.041833,0.008333,0.001167,0.0,0.0075,-3e-06,0.056667,0.002667,-0.0105,-0.0035,5e-06,0.009167,-0.0025,-0.0005,-0.0,0.0176,0.01092,0.0,0.115333,-0.770667,-0.024667,19.421667,14.546667,0.006877,0.0,0.0,0.0,,,,0.0,,,,0.0,,0.059333
2025-10-15 21:00:00,0.067667,-0.005667,0.000667,-0.0015,0.003833,-7e-06,0.1385,0.011667,-0.021333,-0.013,-9e-06,0.023167,-0.005333,-0.000333,-0.0,0.021073,0.01099,0.0,-0.116,-0.968667,-0.0065,19.245,14.78,0.006771,0.0,0.0,0.0,,,,0.0,,,,0.0,,0.059333
2025-10-15 21:30:00,0.098833,-0.028333,0.008833,-0.002833,0.001,-1.2e-05,0.194,0.013167,-0.0155,-0.015833,3e-05,0.036,-0.0055,-0.001167,1e-06,0.016214,0.012321,0.0,-0.461833,-0.6695,-0.020333,18.85,14.566667,0.011205,0.0,0.0,0.0,,,,0.0,,,,0.0,,0.058667
2025-10-15 22:00:00,0.086,0.0255,0.014333,-0.011333,-0.009167,1e-06,0.15,0.012667,-0.0165,-0.014167,1.2e-05,0.028333,-0.006667,-0.004167,2e-06,0.020784,0.012656,0.0,-0.46,-0.5505,-0.026833,17.938333,13.811667,0.01177,0.0,0.0,0.0,,,,0.0,,,,0.0,,0.058
2025-10-15 22:30:00,0.0555,-0.047,0.0035,0.0025,0.008,2.8e-05,0.155,-0.0015,-0.0255,-0.0225,-6.1e-05,0.009,-0.004,-0.0005,0.0,0.02907,0.013302,0.0,-0.1295,-0.597,-0.008,17.525,13.861667,0.01225,0.0,0.0,0.0,,,,0.0,,,,0.0,,0.058
2025-10-15 23:00:00,0.031333,-0.007333,-0.000333,0.022667,0.030667,,0.018667,0.000667,-0.022333,-0.024667,,0.002,-0.002,-0.002333,,0.111779,0.033367,,0.287667,-0.225,-0.012,17.073333,13.805,,0.0,0.0,0.0,,,,0.0,,,,0.0,,0.057667
2025-10-15 23:30:00,0.027,-0.004,0.0,0.011,0.015167,,0.019167,0.000333,0.001833,-0.000667,,0.002167,-0.001833,-0.000833,,0.058403,0.036992,,0.091833,-0.364667,-0.002333,16.418333,12.771667,,0.0,0.0,0.0,,,,0.0,,,,0.0,,0.0575
2025-10-16 00:00:00,0.017833,0.003333,0.000167,-0.0015,0.000833,,0.021833,0.000833,-0.0125,-0.009167,,0.003,-0.003167,-0.001333,,0.062834,0.032701,,0.004167,-0.478667,-0.011167,16.596667,13.095,,0.0,0.0,0.0,,,,0.0,,,,0.0,,0.0575
2025-10-16 00:30:00,0.030667,0.000167,0.0,0.000833,0.004,,0.039,-0.001,-0.014333,-0.012667,,0.006833,-0.001833,-0.000667,,0.064855,0.045725,,0.030833,-0.409333,0.002667,16.116667,12.856667,,0.0,0.0,0.0,,,,0.0,,,,0.0,,0.0585
2025-10-16 01:00:00,0.014667,0.002,0.0,-0.006667,0.000833,,0.012667,0.000333,-0.005167,-0.003833,,0.002167,-0.001167,-0.000333,,0.042711,0.022952,,0.1125,-0.281,-0.001333,16.201667,13.013333,,0.0,0.0,0.0,,,,0.0,,,,0.0,,0.059833
2025-10-16 01:30:00,0.055333,-0.004833,0.000167,0.000667,0.008,,0.058,0.002667,-0.034833,-0.025,,0.009167,-0.003833,-0.002167,,0.07462,0.038351,,0.118667,-0.797333,0.004833,16.666667,13.226667,,0.0,0.0,0.0,,,,0.0,,,,0.0,,0.061833
2025-10-16 02:00:00,0.049333,0.006833,-0.001667,-0.005833,-0.001833,,0.0545,0.002,-0.0115,-0.008167,,0.014667,-0.004,-0.002333,,0.01974,0.010033,,0.098333,-0.866333,-0.002,17.071667,13.803333,,0.0,0.0,0.0,,,,0.0,,,,0.0,,0.063167
2025-10-16 02:30:00,0.0795,-0.0065,-0.004,0.003833,0.008833,,0.087333,0.008833,-0.015333,-0.009,,0.022333,-0.003833,-0.000167,,0.015625,0.010678,,0.039667,-1.1565,0.005667,17.615,14.535,,0.0,0.0,0.0,,,,0.0,,,,0.0,,0.063833
2025-10-16 03:00:00,0.1185,0.028833,-0.0075,-0.001667,0.002333,,0.104833,0.006333,-0.016667,-0.011833,,0.022667,-0.003167,-0.001667,,0.024859,0.012694,,0.235833,-1.143167,-0.0025,17.61,14.595,,0.0,0.0,0.0,,,,0.0,,,,0.0,,0.064167
2025-10-16 03:30:00,0.1245,-0.013,-0.007833,0.014,0.016,,0.080667,0.0105,-0.014667,-0.007333,,0.020333,-0.003833,-0.0015,,0.01677,0.010033,,0.538667,-0.929667,-0.006333,17.603333,14.748333,,0.0,0.0,0.0,,,,0.0,,,,0.0,,0.065167
2025-10-16 04:00:00,0.071667,-0.004333,-0.0025,0.003333,-0.000333,,0.068,0.012,-0.015667,-0.007,,0.018167,-0.005333,-0.001667,,0.012996,0.004422,,0.578333,-0.994667,0.010167,17.695,14.97,,0.0,0.0,0.0,,,,0.0,,,,0.0,,0.064
2025-10-16 04:30:00,0.0305,-0.002333,0.001333,0.001833,0.002667,,0.029833,0.004,-0.0075,-0.002667,,0.007667,-0.0035,-0.0005,,0.01199,0.006136,,0.268,-0.521,-0.007833,17.811667,15.26,,0.0,0.0,0.0,,,,0.0,,,,0.0,,0.064
2025-10-16 05:00:00,0.055333,-0.003333,0.001167,0.0,-0.020333,,0.074667,0.008167,-0.008167,-0.077833,,0.016667,-0.002833,-0.0145,,0.009669,1.646517,,0.278667,-0.642833,-0.024333,18.248333,28.106667,,0.0,0.0,0.0,,,,0.0,,,,0.0,,
2025-10-16 05:30:00,0.032,-0.000667,-0.002333,0.007167,0.012167,,0.049833,0.005,-0.013833,-0.002667,,0.010333,-0.004333,-0.001,,0.0196,0.065195,,0.633667,-0.798667,-0.04,18.11,42.331667,,0.0,0.0,0.0,,,,0.0,,,,0.0,,
2025-10-16 06:00:00,0.0475,0.012,-0.001667,0.003333,-0.008,,0.038167,0.001833,-0.0035,-0.009833,,0.003833,-0.0015,0.000333,,0.012882,0.161604,,0.362167,0.044833,-0.027167,17.89,47.806667,,0.0,0.0,0.0,,,,0.0,,,,0.0,,
2025-10-16 06:30:00,0.022167,0.005167,-0.0005,0.009333,0.004333,,0.010833,0.0,0.001167,-0.004,,0.001167,-0.0005,0.000167,,0.01428,0.03234,,0.597667,-0.302833,-0.02,17.833333,52.525,,0.0,0.0,0.0,,,,0.0,,,,0.0,,
2025-10-16 07:00:00,0.043833,-0.007333,-0.000333,0.020667,0.011833,,0.032167,0.003833,-0.015167,-0.010833,,0.006667,-0.004167,-0.0015,,0.037442,0.023665,,0.367833,-0.389333,-0.018833,17.911667,53.94,,0.0,0.0,0.0,,,,0.0,,,,0.0,,
2025-10-16 07:30:00,0.0635,0.0055,0.0025,0.002167,-0.01325,,0.099667,0.003667,-0.0315,-0.028,,0.015333,-0.0035,-0.00075,,0.03355,0.19847,,0.187167,-0.640667,-0.015,18.563333,55.065,,0.0,0.0,0.0,,,,0.0,,,,0.0,,
2025-10-16 08:00:00,0.0815,-0.002,0.0075,-0.009333,0.02,-0.002936,0.060833,0.007833,0.0005,0.01,0.000356,0.015667,0.0,-0.001,-0.000306,0.007656,0.069169,0.000123,-0.363667,-0.147333,-0.021,18.903333,18.27,-1.960586,0.0,0.0,0.0,,,,0.0,,,,0.0,,
2025-10-16 08:30:00,0.116667,-0.0115,0.010833,0.011167,,-3e-06,0.139167,0.0075,0.004667,,0.0,0.032333,0.005833,,0.0,0.01054,,0.0,-0.383,-0.386833,0.000333,19.383333,,-0.002303,0.0,0.0,0.0,,,,0.0,,,,0.0,,
2025-10-16 09:00:00,0.111667,-0.026333,0.010333,0.005667,,-0.0,0.154333,0.009833,0.0055,,1.5e-05,0.041,0.009167,,7e-06,0.01199,,0.0,-0.446167,-0.655333,-0.023,19.53,,-0.000882,0.0,0.0,0.0,,,,0.0,,,,0.0,,
2025-10-16 09:30:00,0.148167,-0.023,0.012667,0.003833,,0.000103,0.286,0.016,0.033833,,-4e-06,0.050333,0.021833,,1.6e-05,0.055932,,1e-06,-0.418333,-0.797333,-0.026833,19.828333,,0.007283,0.0,0.0,0.0,,,,0.0,,,,0.0,,
2025-10-16 10:00:00,0.409333,-0.2395,0.0235,0.047167,0.058,5.6e-05,0.633333,0.027833,-0.026,-0.032,5.7e-05,0.0935,0.029667,0.0215,4.9e-05,0.069784,0.095481,0.0,-0.656667,-0.797333,-0.0075,20.305,15.28,0.020432,0.0,0.0,0.0,,,,0.0,,,,0.0,,
2025-10-16 10:30:00,0.188333,-0.015333,0.018833,0.006,0.009333,-1.6e-05,0.462167,0.023167,-0.008833,0.011833,0.000107,0.074667,-0.000167,0.004333,9e-06,0.004139,0.023256,1e-06,-0.311167,-1.125333,-0.004167,19.683333,14.323333,0.015253,0.0,0.0,0.0,,,,0.0,,,,0.0,,
2025-10-16 11:00:00,0.3465,-0.109167,0.039333,0.025333,0.041333,6.7e-05,0.642167,0.025333,0.0315,0.049667,-9.3e-05,0.094333,0.0225,0.026333,4.1e-05,0.03783,0.085849,1e-06,-0.528667,-0.945,-0.022833,20.263333,15.183333,0.016165,0.0,0.0,0.0,,,,0.0,,,,0.0,,
2025-10-16 11:30:00,0.319667,-0.137333,0.033,0.033333,0.021,1.3e-05,0.609333,0.013667,0.014667,0.01,0.000107,0.086833,0.018,0.006,2e-05,0.031743,0.011236,0.0,-0.742833,-0.965,0.008667,20.748333,15.47,0.023583,0.0,0.0,0.0,,,,0.0,,,,0.0,,0.0794
2025-10-16 12:00:00,0.3245,-0.1055,0.033667,0.015667,0.01475,2.5e-05,0.613,0.039,0.037833,0.0505,5e-05,0.105,0.020167,0.017,3.3e-05,0.026951,0.024492,0.0,-0.5265,-1.227167,0.017667,20.848333,15.62,0.024565,0.0,0.0,0.0,,,,0.0,,,,0.0,,0.078167
2025-10-16 12:30:00,0.313167,-0.070167,0.020333,0.024333,,4.8e-05,0.518667,0.036167,0.019,,5.4e-05,0.088167,0.019333,,3.7e-05,0.035031,,0.0,-0.562667,-0.9875,0.007333,21.146667,,0.024243,0.0,0.0,0.0,,,,0.0,,,,0.0,,0.071667
2025-10-16 13:00:00,0.387167,-0.139833,0.0275,0.017667,0.001333,2.7e-05,0.788833,0.0355,0.007333,0.030667,4.5e-05,0.128333,0.013,0.008,3.7e-05,0.023716,0.008525,0.0,-0.442167,-1.585667,0.009833,21.2,15.86,0.024283,0.0,0.0,0.0,,,,0.0,,,,0.0,,0.0665
2025-10-16 13:30:00,0.584,-0.1085,0.047333,0.0375,0.0425,4.6e-05,0.822833,0.065333,0.023333,0.067667,2.5e-05,0.170333,0.016167,0.015333,3e-05,0.030742,0.045653,0.0,-1.230833,-0.612,-0.004667,20.88,15.571667,0.024152,0.0,0.0,0.0,,,,0.0,,,,0.0,,0.0655
2025-10-16 14:00:00,0.449167,-0.1505,0.048667,0.008667,0.0228,3e-05,1.212833,0.049167,0.104333,0.1938,0.000113,0.155333,0.035833,0.031,4.1e-05,0.0961,0.137938,0.0,-0.567667,-1.9715,-0.002667,21.096667,16.242,0.023987,0.0,0.0,0.0,,,,0.0,,,,0.0,,0.068333
2025-10-16 14:30:00,0.457167,-0.082167,0.068,0.025833,0.011,8.6e-05,0.710667,0.0235,0.054167,0.103333,2.3e-05,0.1755,0.0365,0.023,4.8e-05,0.064685,0.077099,0.0,-0.538667,-1.827333,-0.0085,21.283333,16.486667,0.023648,0.0,0.0,0.0,,,,0.0,,,,0.0,,0.0875
2025-10-16 15:00:00,0.373333,0.0,0.062167,0.0285,,5.3e-05,0.749167,0.029167,0.039167,,4.3e-05,0.138833,0.0175,,3.5e-05,0.029756,,0.0,-0.639833,-1.304833,0.0155,21.18,,0.023622,0.0,0.0,0.0,,,,0.0,,,,0.0,,
2025-10-16 15:30:00,0.207833,-0.0465,0.027667,-0.003167,,1.2e-05,0.505167,0.012333,0.018167,,3.2e-05,0.097167,0.000333,,2e-05,0.004312,,0.0,-0.45,-1.442333,0.0175,20.613333,,0.02388,0.0,0.0,0.0,,,,0.0,,,,0.0,,
2025-10-16 16:00:00,0.198,-0.053,0.029333,-0.004,,1e-05,0.4475,0.004667,0.008333,,1.9e-05,0.071333,0.0,,1.2e-05,0.002687,,0.0,-0.396833,-1.365667,0.004167,20.405,,0.02405,0.0,0.0,0.0,,,,0.0,,,,0.0,,
2025-10-16 16:30:00,0.089333,0.005167,0.012,-0.009167,,5e-06,0.1885,-0.001833,-0.005167,,6e-06,0.0435,-0.006667,,5e-06,0.01436,,0.0,-0.316667,-0.622833,0.004667,19.983333,,0.023918,0.0,0.0,0.0,,,,0.0,,,,0.0,,
2025-10-16 17:00:00,0.068,-0.004167,0.008333,-0.0085,,3e-06,0.123833,0.013333,-0.007333,,1e-06,0.03,-0.007,,2e-06,0.016214,,0.0,-0.3,-0.371,-0.0025,19.595,,0.02377,0.0,0.0,0.0,,,,0.0,,,,0.0,,
2025-10-16 17:30:00,0.084333,0.007833,0.007833,-0.007167,0.041,1e-06,0.163167,0.012,-0.0195,-0.018,5e-06,0.0395,-0.0085,0.011,2e-06,0.02739,0.570025,0.0,-0.298167,-0.6565,0.004333,19.355,16.2,0.023595,0.0,0.0,0.0,,,,0.0,,,,0.0,,
2025-10-16 18:00:00,0.079667,-0.0025,0.009,-0.0075,,0.0,0.2205,0.007,-0.0285,,1e-06,0.040833,-0.0115,,1e-06,0.034534,,0.0,-0.253167,-0.761333,0.016833,19.033333,,0.023423,0.0,0.0,0.0,,,,0.0,,,,0.0,,
2025-10-16 18:30:00,0.111167,-0.007667,0.013,-0.008833,0.10225,-1e-06,0.2765,0.010333,-0.0535,0.00225,6e-06,0.0465,-0.015,0.01325,1e-06,0.037313,8.161021,0.0,-0.233167,-1.451,0.036333,18.52,20.3875,0.023055,0.0,0.0,0.0,,,,0.0,,,,0.0,,
2025-10-16 19:00:00,0.1075,-0.025333,0.013333,-0.009333,,-0.0,0.331167,0.002167,-0.048167,,5e-06,0.0455,-0.0145,,0.0,0.046368,,0.0,-0.241167,-1.066,0.038333,18.053333,,0.022598,0.0,0.0,0.0,,,,0.0,,,,0.0,,
2025-10-16 19:30:00,0.139167,0.017,0.017167,-0.030167,0.291,-3e-06,0.186833,0.014167,-0.039833,0.245,-2e-06,0.049833,-0.023,0.096,-1e-06,0.07299,35.366809,0.0,-0.085,-1.0805,0.016667,17.886667,16.8,0.02242,0.0,0.0,0.0,,,,0.0,,,,0.0,,
2025-10-16 20:00:00,0.096,0.007,0.013333,-0.017167,,-3e-06,0.263,0.0065,-0.0515,,4e-06,0.045667,-0.0175,,-0.0,0.061009,,0.0,-0.144167,-1.072333,0.027,17.77,,0.022347,0.0,0.0,0.0,,,,0.0,,,,0.0,,
2025-10-16 20:30:00,0.062167,-0.001333,0.004333,0.0125,,-3e-06,0.09,0.002833,-0.0115,,-0.0,0.013833,-0.006,,0.0,0.043681,,0.0,-0.058,-0.3675,0.016667,17.678333,,0.022382,0.0,0.0,0.0,,,,0.0,,,,0.0,,
2025-10-16 21:00:00,0.071333,-0.005333,0.006667,-0.01,,4e-06,0.120167,0.008667,-0.013833,,3e-06,0.022667,-0.005833,,2e-06,0.012544,,0.0,-0.202333,-0.511333,0.018,17.826667,,0.022645,0.0,0.0,0.0,,,,0.0,,,,0.0,,
2025-10-16 21:30:00,0.0765,0.006333,0.011,-0.007667,,4e-06,0.105667,0.015833,-0.004167,,0.0,0.035833,-0.005667,,2e-06,0.007803,,0.0,-0.369833,-0.516167,-0.011,18.01,,0.022793,0.0,0.0,0.0,,,,0.0,,,,0.0,,
2025-10-16 22:00:00,0.0315,-0.008,0.000667,-0.001167,,-0.0,0.1315,0.007667,-0.016167,,5e-06,0.0135,-0.004,,1e-06,0.016256,,0.0,-0.026667,-0.494833,0.028667,18.038333,,0.02288,0.0,0.0,0.0,,,,0.0,,,,0.0,,
2025-10-16 22:30:00,0.097833,0.011333,0.0095,-0.011,,2e-06,0.144167,0.006333,-0.022167,,8e-06,0.034167,-0.009333,,4e-06,0.020164,,0.0,-0.055667,-1.162833,0.019167,18.185,,0.022898,0.0,0.0,0.0,,,,0.0,,,,0.0,,
2025-10-16 23:00:00,0.083167,0.0245,0.0145,-0.015,0.089,3e-06,0.168333,0.015167,-0.027167,0.037,1.1e-05,0.032833,-0.009667,0.017,4e-06,0.018045,0.693889,0.0,-0.128833,-1.111,0.018167,18.251667,16.06,0.02291,0.0,0.0,0.0,,,,0.0,,,,0.0,,
2025-10-16 23:30:00,0.070667,0.020167,0.005833,-0.0075,0.02575,1e-06,0.104333,0.01,-0.017,-0.03225,6e-06,0.021,-0.006167,-0.00225,2e-06,0.019553,0.644006,0.0,0.096,-0.971333,0.0135,18.163333,15.2,0.0229,0.0,0.0,0.0,,,,0.0,,,,0.0,,
2025-10-17 00:00:00,0.109333,0.017,0.011667,-0.013833,,3e-06,0.179333,0.014833,-0.023667,,6e-06,0.039333,-0.010167,,4e-06,0.020832,,0.0,-0.033833,-1.134333,0.021167,18.208333,,0.022893,0.0,0.0,0.0,,,,0.0,,,,0.0,,
2025-10-17 00:30:00,0.063167,0.000167,0.010333,-0.005667,,1e-06,0.1885,0.005833,-0.020667,,8e-06,0.029333,-0.008167,,4e-06,0.012731,,0.0,-0.186667,-0.933667,0.023333,18.243333,,0.022935,0.0,0.0,0.0,,,,0.0,,,,0.0,,
2025-10-17 01:00:00,0.059333,-0.009,0.008667,-0.002,,-0.0,0.174833,0.0015,-0.018,,8e-06,0.031167,-0.005667,,3e-06,0.010235,,0.0,-0.182833,-0.906833,0.026,18.186667,,0.022938,0.0,0.0,0.0,,,,0.0,,,,0.0,,
2025-10-17 01:30:00,0.062333,0.0095,0.004667,-0.006833,,1e-06,0.090167,0.005667,-0.0145,,6e-06,0.022333,-0.0065,,3e-06,0.015583,,0.0,0.030833,-0.930167,0.014667,18.06,,0.022937,0.0,0.0,0.0,,,,0.0,,,,0.0,,
2025-10-17 02:00:00,0.086667,-0.036833,0.009167,-0.002667,,-0.0,0.3075,0.01,-0.021,,1.2e-05,0.036833,-0.007,,4e-06,0.009669,,0.0,-0.193667,-0.860167,0.018667,18.071667,,0.022813,0.0,0.0,0.0,,,,0.0,,,,0.0,,
2025-10-17 02:30:00,0.079,-0.002167,0.005,-0.005333,,3e-06,0.126,0.011667,-0.011667,,5e-06,0.028167,-0.006167,,3e-06,0.01,,0.0,-0.238333,-0.503333,0.026333,17.98,,0.02263,0.0,0.0,0.0,,,,0.0,,,,0.0,,
2025-10-17 03:00:00,0.072833,0.0015,0.012,-0.008833,,6e-06,0.178667,0.008333,-0.006333,,3e-06,0.032167,-0.005833,,3e-06,0.010167,,0.0,-0.356667,-0.373833,0.016833,17.98,,0.022528,0.0,0.0,0.0,,,,0.0,,,,0.0,,
2025-10-17 03:30:00,0.0995,-0.014667,0.0025,-0.015667,,3e-06,0.093667,0.000667,-0.003667,,-2e-06,0.013833,-0.004,,2e-06,0.016943,,0.0,-0.530333,0.291,0.025667,17.906667,,0.0226,0.0,0.0,0.0,,,,0.0,,,,0.0,,
2025-10-17 04:00:00,0.103667,-0.0225,0.001333,-0.003167,,-1e-06,0.0915,0.004,-0.005667,,-1e-06,0.013833,-0.003,,1e-06,0.007627,,0.0,-0.5075,0.146,0.024667,17.813333,,0.022767,0.0,0.0,0.0,,,,0.0,,,,0.0,,
2025-10-17 04:30:00,0.025167,-0.000167,0.0005,0.002333,,-1e-06,0.0135,-0.000167,0.005,,-1e-06,0.002,-0.000333,,0.0,0.0225,,0.0,0.280667,0.193667,0.023833,17.208333,,0.02264,0.0,0.0,0.0,,,,0.0,,,,0.0,,
2025-10-17 05:00:00,0.057333,-0.035833,-0.0005,0.011333,,-0.0,0.062333,-0.000833,-0.005333,,0.0,0.001333,-0.0005,,0.0,0.012507,,0.0,0.227167,-0.045667,0.015667,16.961667,,0.022417,0.0,0.0,0.0,,,,0.0,,,,0.0,,
2025-10-17 05:30:00,0.0285,-0.024667,-0.001,-0.003,,0.0,0.0485,0.001,0.004833,,0.0,0.001167,-0.000333,,0.0,0.006347,,0.0,0.019,0.091667,0.021333,16.855,,0.022348,0.0,0.0,0.0,,,,0.0,,,,0.0,,
2025-10-17 06:00:00,0.055,0.019,0.0005,0.003833,,1e-06,0.02,0.000333,-0.001667,,0.0,0.002167,-0.000833,,0.0,0.012769,,0.0,0.159667,-0.105167,0.016,16.891667,,0.022235,0.0,0.0,0.0,,,,0.0,,,,0.0,,
2025-10-17 06:30:00,0.019667,0.002167,0.000667,0.001167,,1e-06,0.015167,-0.000333,-0.003167,,0.0,0.001667,-0.001,,0.0,0.01517,,0.0,0.309333,0.009,0.008167,16.971667,,0.022322,0.0,0.0,0.0,,,,0.0,,,,0.0,,
2025-10-17 07:00:00,0.014333,0.006167,-0.001667,-0.001667,,-1e-06,0.020333,-0.000833,-0.000833,,-1e-06,0.002167,-0.000333,,0.0,0.003211,,0.0,0.031,-0.027667,0.002833,16.958333,,0.022425,0.0,0.0,0.0,,,,0.0,,,,0.0,,
2025-10-17 07:30:00,0.057667,-0.021333,-0.000833,0.012167,,-9e-06,0.09,0.005333,-0.030167,,2.5e-05,0.007833,-0.0025,,3e-06,0.015335,,0.0,0.456167,-0.373,0.004833,17.753333,,0.022625,0.0,0.0,0.0,,,,0.0,,,,0.0,,
2025-10-17 08:00:00,0.043833,0.002167,-0.003167,0.000667,,-1e-05,0.048667,0.008833,-0.002333,,1.2e-05,0.016833,-0.000667,,9e-06,0.001695,,0.0,0.553167,-0.622667,0.025,18.231667,,0.022882,0.0,0.0,0.0,,,,0.0,,,,0.0,,
2025-10-17 08:30:00,0.161833,-0.003833,-0.007,-0.003333,,-7e-06,0.1715,0.023333,-0.001333,,3e-05,0.047667,0.000333,,1.6e-05,0.001495,,0.0,0.456333,-1.469833,-0.010167,18.553333,,0.022627,0.0,0.0,0.0,,,,0.0,,,,0.0,,
2025-10-17 09:00:00,0.189333,0.009167,0.0165,0.003167,,1.7e-05,0.3215,0.032333,0.016333,,4.6e-05,0.063833,0.005333,,2.1e-05,0.006724,,0.0,-0.1705,-1.4965,-0.011,18.686667,,0.02235,0.0,0.0,0.0,,,,0.0,,,,0.0,,
2025-10-17 09:30:00,0.383333,-0.049833,0.042333,0.009833,,2.3e-05,0.618833,0.054167,0.033167,,5.9e-05,0.1495,0.012167,,3.1e-05,0.016727,,0.0,-0.534667,-1.827833,-0.012667,18.428333,,0.022265,0.0,0.0,0.0,,,,0.0,,,,0.0,,
2025-10-17 10:00:00,0.370667,-0.057,0.015167,-0.000333,-0.000333,7.2e-05,0.606833,0.036333,0.019,0.023667,-5.7e-05,0.084333,0.0095,0.011333,2.5e-05,0.013263,0.013611,0.0,-0.036,-1.613333,0.025167,17.915,12.443333,0.021535,0.0,0.0,0.0,,,,0.0,,,,0.0,,
2025-10-17 10:30:00,0.131,-0.044833,0.002833,0.003333,,5e-06,0.178833,0.009,-0.001167,,0.0,0.0345,0.013833,,2e-05,0.027945,,0.0,-0.0135,-0.934167,-0.020667,18.366667,,0.022437,0.0,0.0,0.0,,,,0.0,,,,0.0,,
2025-10-17 11:00:00,0.144333,-0.004167,0.004833,0.0065,,1.9e-05,0.189333,0.019333,0.012833,,1.2e-05,0.037833,0.0175,,2.5e-05,0.043611,,0.0,-0.044833,-0.974833,0.014333,18.965,,0.02262,0.0,0.0,0.0,,,,0.0,,,,0.0,,
2025-10-17 11:30:00,0.319333,-0.041667,-0.002,-0.014833,,1.3e-05,0.297333,0.0245,0.016667,,2.4e-05,0.050833,0.014,,2.6e-05,0.033672,,0.0,0.463833,-1.292167,0.007667,19.316667,,0.022412,0.0,0.0,0.0,,,,0.0,,,,0.0,,
2025-10-17 12:00:00,0.297333,-0.062167,0.006333,-0.010833,,-1.2e-05,0.3215,0.030167,0.001167,,3.3e-05,0.0535,-0.001833,,1.9e-05,0.004075,,0.0,0.035833,-1.348333,0.017167,19.205,,0.022068,0.0,0.0,0.0,,,,0.0,,,,0.0,,
2025-10-17 12:30:00,0.244333,0.005833,-0.0065,-0.004167,,-8e-06,0.220833,0.03,0.001,,3.6e-05,0.051667,0.000167,,1.6e-05,0.004247,,0.0,0.394,-1.520167,0.016333,19.046667,,0.022245,0.0,0.0,0.0,,,,0.0,,,,0.0,,
2025-10-17 13:00:00,0.531167,0.0365,-0.003667,-0.010667,0.004,1e-06,0.341167,0.041333,0.0055,-0.003,3.6e-05,0.093667,0.007,-0.004,2.3e-05,0.006669,0.004356,0.0,0.388,-2.042333,-0.007333,19.2,13.82,0.022492,0.0,0.0,0.0,,,,0.0,,,,0.0,,
2025-10-17 13:30:00,0.441167,0.063167,-0.004167,0.002167,-0.0154,3.4e-05,0.377167,0.044833,0.022833,0.0284,6.8e-05,0.085667,0.0165,0.0152,2.5e-05,0.032942,0.049551,0.0,0.239,-1.720167,0.015333,19.568333,14.388,0.022682,0.0,0.0,0.0,,,,0.0,,,,0.0,,
2025-10-17 14:00:00,0.566333,0.006,-0.005,-0.0015,-0.00575,-7e-06,0.441667,0.047833,0.004333,0.00975,6e-05,0.093833,0.002333,-0.00025,2.6e-05,0.003461,0.00273,0.0,0.399833,-2.009667,-0.017833,19.723333,14.42,0.02213,0.0,0.0,0.0,,,,0.0,,,,0.0,,
2025-10-17 14:30:00,0.343333,0.037667,-0.011333,-0.007167,-0.007167,6e-06,0.289833,0.044,-0.008833,-0.009,5.3e-05,0.074,-0.003,-0.005333,2.4e-05,0.0049,0.004225,0.0,0.380667,-1.816667,0.009333,19.806667,14.46,0.022218,0.0,0.0,0.0,,,,0.0,,,,0.0,,
2025-10-17 15:00:00,0.195667,-0.008,0.008333,-0.003667,-0.0036,-2e-06,0.241167,0.024167,-0.009333,-0.0072,2.6e-05,0.062667,-0.004833,-0.006,1.5e-05,0.006642,0.006626,0.0,-0.036833,-1.386,0.001167,19.628333,14.27,0.022055,0.0,0.0,0.0,,,,0.0,,,,0.0,,
2025-10-17 15:30:00,0.144667,-0.030167,0.0205,-0.001833,-0.001833,1.3e-05,0.434667,0.017,0.004333,0.006,2.9e-05,0.066833,-0.0005,-0.002333,1.2e-05,0.002368,0.00224,0.0,-0.365,-1.039167,-0.000667,19.551667,14.176667,0.022642,0.0,0.0,0.0,,,,0.0,,,,0.0,,
2025-10-17 16:00:00,0.116667,-0.022,0.017167,-0.002,-0.001,3e-06,0.311,0.0075,0.003,0.000333,1.6e-05,0.051167,-0.002167,-0.0045,9e-06,0.002809,0.014201,0.0,-0.311333,-1.02,0.009667,19.431667,14.0,0.023025,0.0,0.0,0.0,,,,0.0,,,,0.0,,
2025-10-17 16:30:00,0.128667,-0.026167,0.0085,-0.006333,0.003667,3e-06,0.191667,0.012333,-0.012,-0.014333,2e-05,0.036333,-0.006167,-0.005,8e-06,0.009248,0.00804,0.0,-0.148167,-1.052,0.003167,19.29,13.89,0.022955,0.0,0.0,0.0,,,,0.0,,,,0.0,,
2025-10-17 17:00:00,0.051333,-0.014333,0.0,-0.0005,0.0125,-3e-06,0.0905,0.004167,-0.013333,-0.0345,1.7e-05,0.011667,-0.003167,-0.0015,3e-06,0.012996,0.0289,0.0,-0.018,-0.700333,0.013167,19.151667,13.69,0.023047,0.0,0.0,0.0,,,,0.0,,,,0.0,,
2025-10-17 17:30:00,0.143167,-0.044833,0.0145,-0.007167,-0.006,6e-06,0.187,0.003667,-0.0015,-0.0065,-0.0,0.040833,-0.0075,-0.006,5e-06,0.011307,0.01334,0.0,-0.415667,-0.571833,0.006833,18.915,13.3825,0.022923,0.0,0.0,0.0,,,,0.0,,,,0.0,,
2025-10-17 18:00:00,0.0435,-0.002833,0.006,-0.003833,-0.003667,2e-06,0.123667,-0.000167,-0.011833,-0.015,6e-06,0.018333,-0.004667,-0.003,2e-06,0.013302,0.011881,0.0,-0.1845,-0.489,0.0195,18.51,12.998333,0.02281,0.0,0.0,0.0,,,,0.0,,,,0.0,,
2025-10-17 18:30:00,0.010833,0.0,0.0005,-0.002833,-0.0024,1e-06,0.0215,0.002167,-0.002333,0.0018,-1e-06,0.005667,-0.001667,-0.001,0.0,0.011236,0.021316,0.0,-0.068667,-0.156,0.014667,18.253333,12.718,0.02279,0.0,0.0,0.0,,,,0.0,,,,0.0,,
2025-10-17 19:00:00,0.038,0.004333,0.0065,-0.003167,-0.000333,-2e-06,0.077833,0.002333,-0.002833,-0.004833,2e-06,0.014333,-0.004167,-0.001,1e-06,0.018496,0.012844,0.0,-0.032333,-0.429167,0.0055,17.965,12.41,0.02271,0.0,0.0,0.0,,,,0.0,,,,0.0,,
2025-10-17 19:30:00,0.050167,0.0135,0.001667,-0.008167,-0.007667,-1e-06,0.087833,0.006667,-0.021167,-0.021167,6e-06,0.0115,-0.0055,-0.003333,1e-06,0.031922,0.023767,0.0,0.15,-0.603667,0.021333,17.783333,12.235,0.02253,0.0,0.0,0.0,,,,0.0,,,,0.0,,
2025-10-17 20:00:00,0.017833,-0.0025,0.001667,0.004167,-0.006,-1e-06,0.023333,0.001167,-0.005833,-0.002,1e-06,0.005833,-0.002167,-0.001,1e-06,0.045867,0.009604,0.0,-0.066167,-0.268,0.005833,17.398333,12.16,0.022058,0.0,0.0,0.0,,,,0.0,,,,0.0,,
2025-10-17 20:30:00,0.029667,0.005167,0.0035,-0.003667,,-0.0,0.044667,0.0075,-0.002833,,0.0,0.014333,-0.004,,-0.0,0.016384,,0.0,-0.267,-0.168167,0.004167,17.295,,0.022035,0.0,0.0,0.0,,,,0.0,,,,0.0,,
2025-10-17 21:00:00,0.078,0.031,0.0135,-0.013833,,2e-06,0.081167,0.011333,-0.013167,,1e-06,0.025833,-0.0065,,1e-06,0.020117,,0.0,-0.466667,-0.366333,0.002333,17.296667,,0.02195,0.0,0.0,0.0,,,,0.0,,,,0.0,,
2025-10-17 21:30:00,0.050333,0.007167,0.005,-0.007333,,1e-06,0.0675,0.006333,-0.004167,,-2e-06,0.018833,-0.0045,,1e-06,0.015376,,0.0,-0.2645,-0.330333,-0.012833,17.133333,,0.02203,0.0,0.0,0.0,,,,0.0,,,,0.0,,
2025-10-17 22:00:00,0.07,0.014167,0.011833,-0.003833,,4e-06,0.0895,0.006833,-0.005333,,3e-06,0.022167,-0.002333,,2e-06,0.003885,,0.0,-0.367833,-0.574833,-0.014667,17.255,,0.022245,0.0,0.0,0.0,,,,0.0,,,,0.0,,
2025-10-17 22:30:00,0.029333,-0.006833,0.003167,-0.002833,,1e-06,0.037333,0.001,0.000333,,-1e-06,0.010333,-0.003,,2e-06,0.01221,,0.0,-0.083,-0.452667,0.015167,17.183333,,0.022277,0.0,0.0,0.0,,,,0.0,,,,0.0,,
2025-10-17 23:00:00,0.116667,-0.011833,0.011333,-0.009,,0.000131,0.125667,0.008667,-0.011167,,5.7e-05,0.0315,-0.0055,,1.1e-05,0.008993,,0.0,-0.493333,-0.268833,-0.018667,17.366667,,0.021717,0.0,0.0,0.0,,,,0.0,,,,0.0,,
2025-10-17 23:30:00,0.021,-0.003167,0.000167,-0.012,,1e-05,0.0405,0.000833,0.007333,,6e-06,0.005,-0.001833,,2e-06,0.053824,,0.0,-0.165,0.5,0.006333,16.88,,0.020192,0.0,0.0,0.0,,,,0.0,,,,0.0,,
2025-10-18 00:00:00,0.011167,-0.004667,0.0005,0.008833,,6e-06,0.0345,-0.000667,0.014167,,-1e-05,0.001167,0.0005,,-1e-06,0.050251,,0.0,0.027667,-0.247167,0.0015,15.99,,0.023295,0.0,0.0,0.0,,,,0.0,,,,0.0,,
2025-10-18 00:30:00,0.0235,0.002,0.002667,-0.023,,-1e-06,0.032,0.003167,-0.008,,-6e-06,0.009333,-0.004833,,-0.0,0.127687,,0.0,-0.077333,-0.3685,-0.0095,15.931667,,0.018515,0.0,0.0,0.0,,,,0.0,,,,0.0,,
2025-10-18 01:00:00,0.0255,-0.002167,0.002167,-0.002167,,0.0,0.054833,0.005333,-0.016167,,-5e-06,0.009333,-0.0035,,0.0,0.061752,,0.0,-0.185,-0.100833,0.006667,16.246667,,0.01726,0.0,0.0,0.0,,,,0.0,,,,0.0,,
2025-10-18 01:30:00,0.044167,-0.010667,0.0055,-0.005,,-1.5e-05,0.056833,0.0025,-0.000333,,1.2e-05,0.013167,-0.0025,,4e-06,0.006453,,0.0,-0.319,-0.470167,-0.016167,16.506667,,0.01423,0.0,0.0,0.0,,,,0.0,,,,0.0,,
2025-10-18 02:00:00,0.04,-0.0045,0.0015,-0.006167,,1.6e-05,0.058667,0.003667,-0.0035,,-3.6e-05,0.009333,-0.002167,,-4e-06,0.006453,,0.0,-0.1755,-0.027667,0.008,16.336667,,0.014172,0.0,0.0,0.0,,,,0.0,,,,0.0,,
2025-10-18 02:30:00,0.055,-0.009333,0.002833,-0.004333,,-4e-06,0.0655,0.000667,-0.003333,,1.4e-05,0.009667,-0.001333,,-1e-06,0.00804,,0.0,-0.310667,0.297167,0.015833,16.31,,0.021188,0.0,0.0,0.0,,,,0.0,,,,0.0,,
2025-10-18 03:00:00,0.0195,-0.007667,0.0,-0.006,,2e-06,0.026833,0.002333,0.003,,0.0,0.004,-0.000167,,0.0,0.013689,,0.0,-0.147333,0.0325,0.0115,16.2,,0.021197,0.0,0.0,0.0,,,,0.0,,,,0.0,,
2025-10-18 03:30:00,0.010667,0.002833,0.0,-0.001333,,2e-06,0.018833,0.000667,-0.0045,,4e-06,0.0015,-0.000333,,1e-06,0.012694,,0.0,-0.019833,0.325333,0.015667,16.071667,,0.02113,0.0,0.0,0.0,,,,0.0,,,,0.0,,
2025-10-18 04:00:00,0.0395,-0.002833,0.005167,-0.008333,,1e-06,0.041167,0.000667,0.000333,,2e-06,0.010833,-0.002833,,1e-06,0.008495,,0.0,-0.474333,0.5195,0.024,16.008333,,0.020868,0.0,0.0,0.0,,,,0.0,,,,0.0,,
2025-10-18 04:30:00,0.0515,-0.012333,0.005667,-0.011333,,1e-06,0.058667,-0.001667,0.002333,,-1e-06,0.013667,-0.002667,,0.0,0.009088,,0.0,-0.595667,0.651,0.026667,15.961667,,0.020818,0.0,0.0,0.0,,,,0.0,,,,0.0,,
2025-10-18 05:00:00,0.032667,-0.006833,0.0035,-0.007833,,1e-06,0.025167,-0.001667,0.004833,,0.0,0.008333,-0.002167,,0.0,0.01106,,0.0,-0.277833,0.6665,0.026167,15.758333,,0.020398,0.0,0.0,0.0,,,,0.0,,,,0.0,,
2025-10-18 05:30:00,0.063167,-0.012167,0.003667,-0.011667,,-0.0,0.051667,-0.0025,0.007833,,1e-06,0.010667,-0.003667,,1e-06,0.01334,,0.0,-0.5005,0.7015,0.034167,15.695,,0.02057,0.0,0.0,0.0,,,,0.0,,,,0.0,,
2025-10-18 06:00:00,0.0755,0.002167,0.002333,-0.006833,,0.0,0.083333,-0.003333,0.008833,,1e-06,0.018167,-0.003833,,1e-06,0.008587,,0.0,-0.485667,0.819833,0.031,15.556667,,0.02048,0.0,0.0,0.0,,,,0.0,,,,0.0,,
2025-10-18 06:30:00,0.087,0.007167,0.004,-0.008333,,1e-06,0.064167,-0.0005,0.004,,-0.0,0.016333,-0.003167,,1e-06,0.006751,,0.0,-0.437167,0.7975,0.030167,15.421667,,0.020398,0.0,0.0,0.0,,,,0.0,,,,0.0,,0.068
2025-10-18 07:00:00,0.064667,-0.002167,0.004833,-0.006833,,1e-06,0.096167,-0.003,0.0055,,3e-06,0.0145,-0.002667,,1e-06,0.006724,,0.0,-0.5035,0.870333,0.041,15.338333,,0.02021,0.0,0.0,0.0,,,,0.0,,,,0.0,,0.066667
2025-10-18 07:30:00,0.057333,-0.014,0.006167,-0.007667,,3e-06,0.0605,-0.003833,0.0025,,-2e-06,0.016333,-0.004167,,2e-06,0.008805,,0.0,-0.565833,0.552167,0.032833,15.431667,,0.020558,0.0,0.0,0.0,,,,0.0,,,,0.0,,0.064
2025-10-18 08:00:00,0.183333,-0.057333,0.012833,-0.006167,,1e-05,0.2355,-0.012167,0.000833,,-5e-06,0.042167,-0.001667,,6e-06,0.003762,,0.0,-1.043,0.817,0.036167,15.713333,,0.020748,0.0,0.0,0.0,,,,0.0,,,,0.0,,0.062167
2025-10-18 08:30:00,0.282667,0.012333,0.011833,0.000333,,1.4e-05,0.284333,0.000667,-0.009833,,-1.4e-05,0.058,0.002833,,9e-06,0.00232,,0.0,-1.016833,1.254833,0.035667,16.011667,,0.021127,0.0,0.0,0.0,,,,0.0,,,,0.0,,0.0625
2025-10-18 09:00:00,0.354833,-0.046333,0.016833,0.035333,,4.6e-05,0.26,-0.010833,-0.027667,,-1.8e-05,0.052167,0.0125,,1.6e-05,0.023511,,0.0,-1.164,1.0795,0.045667,16.416667,,0.021462,0.0,0.0,0.0,,,,0.0,,,,0.0,,0.0685
2025-10-18 09:30:00,0.364833,-0.0265,0.0095,0.017833,,1e-05,0.363333,-0.014167,-0.036167,,-4.6e-05,0.067167,0.021167,,2.9e-05,0.040267,,0.0,-1.017833,1.536,0.0235,16.89,,0.021172,0.0,0.0,0.0,,,,0.0,,,,0.0,,0.073667
2025-10-18 10:00:00,0.4395,0.023333,0.022,0.032667,,8.7e-05,0.409833,-0.020833,-0.047,,-4.8e-05,0.0715,0.025833,,4.4e-05,0.061504,,0.0,-1.025833,1.5845,0.042333,17.575,,0.020348,0.0,0.0,0.0,,,,0.0,,,,0.0,,
2025-10-18 10:30:00,0.306667,-0.055833,0.025,0.004167,,5.7e-05,0.472167,-0.001,-0.0345,,-3.3e-05,0.0775,0.0,,3.3e-05,0.008251,,0.0,-1.486667,1.078667,0.030167,17.373333,,0.0191,0.0,0.0,0.0,,,,0.0,,,,0.0,,
2025-10-18 11:00:00,0.446,-0.076833,0.023667,0.007667,,8e-05,0.497833,-0.003167,-0.023833,,-3.5e-05,0.09,0.005667,,4e-05,0.009057,,0.0,-1.561333,1.384833,0.029167,17.33,,0.018652,0.0,0.0,0.0,,,,0.0,,,,0.0,,
2025-10-18 11:30:00,0.461167,0.011333,0.007333,0.034,0.07,8.8e-05,0.54,-0.020667,-0.050833,-0.061,-3.8e-05,0.096333,0.020167,0.003333,5.2e-05,0.040067,0.083521,0.0,-1.256,1.507,0.0425,17.601667,13.156667,0.018952,0.0,0.0,0.0,,,,0.0,,,,0.0,,
2025-10-18 12:00:00,0.593,0.011,0.006667,0.018833,0.144,3.6e-05,0.592333,-0.024333,-0.111,-0.102,-0.000135,0.099667,0.058667,-0.006,8.2e-05,0.187345,0.300304,0.0,-0.680167,2.000667,0.057333,17.978333,14.22,0.018847,0.0,0.0,0.0,,,,0.0,,,,0.0,,
2025-10-18 12:30:00,0.9115,0.0125,-0.012167,-0.004833,,-1.8e-05,0.830167,-0.059,-0.122167,,-0.000175,0.128333,0.062,,9.3e-05,0.165378,,0.0,0.028,2.734833,0.0245,17.958333,,0.018418,0.0,0.0,0.0,,,,0.0,,,,0.0,,
2025-10-18 13:00:00,0.924333,-0.251833,-0.016,0.032333,,5.8e-05,0.981167,-0.058,-0.094333,,-0.00018,0.125833,0.034333,,6.8e-05,0.060107,,0.0,0.0125,2.803667,0.037833,17.793333,,0.018463,0.0,0.0,0.0,,,,0.0,,,,0.0,,
2025-10-18 13:30:00,0.671167,0.063667,0.012333,0.0145,0.337,3.8e-05,0.713833,-0.015,-0.044667,-0.231,-7.1e-05,0.096167,0.016833,0.036,4.1e-05,0.029699,1.151329,0.0,-1.157167,1.945,0.048333,17.726667,13.67,0.018523,0.0,0.0,0.0,,,,0.0,,,,0.0,,
2025-10-18 14:00:00,0.292667,-0.019167,-0.000167,0.012333,,3.3e-05,0.242167,-0.006667,-0.0115,,-5.8e-05,0.049833,0.007,,4e-05,0.009834,,0.0,-0.395,1.5465,0.044333,17.715,,0.01853,0.0,0.0,0.0,,,,0.0,,,,0.0,,
2025-10-18 14:30:00,0.366833,0.012167,-0.0155,0.000833,0.042,1.9e-05,0.287,-0.023833,-0.005,0.007,-4.8e-05,0.059833,-0.000167,-0.024,3.4e-05,0.002467,0.0484,0.0,0.009167,1.534333,0.027833,17.488333,13.09,0.018525,0.0,0.0,0.0,,,,0.0,,,,0.0,,
2025-10-18 15:00:00,0.470333,0.044833,0.011333,-0.0145,0.022667,3.5e-05,0.540333,-0.038333,0.014667,0.006,-0.000109,0.089333,-0.011833,-0.016333,4e-05,0.015293,0.029814,0.0,-0.762333,2.097167,0.043667,17.298333,12.696667,0.018337,0.0,0.0,0.0,,,,0.0,,,,0.0,,
2025-10-18 15:30:00,0.325833,0.047833,0.0105,-0.033167,-0.001333,3.3e-05,0.330833,-0.0185,0.024167,0.036,-4.9e-05,0.064167,-0.015667,-0.014333,2.1e-05,0.039468,0.145669,0.0,-0.686333,1.557833,0.037167,16.915,12.26,0.018385,0.0,0.0,0.0,,,,0.0,,,,0.0,,
2025-10-18 16:00:00,0.168333,-0.009,0.001,-0.016167,,1e-05,0.1775,-0.012,0.033833,,-4e-05,0.034,-0.013,,1.3e-05,0.051529,,0.0,-0.592833,1.1905,0.039333,16.598333,,0.018672,0.0,0.0,0.0,,,,0.0,,,,0.0,,
2025-10-18 16:30:00,0.097833,-0.033167,0.002667,-0.0205,-0.025,1.4e-05,0.114167,-0.007167,0.027,0.0385,-2.1e-05,0.024667,-0.008167,-0.0045,5e-06,0.05267,0.042436,0.0,-0.432667,0.899333,0.02,16.168333,11.085,0.01885,0.0,0.0,0.0,,,,0.0,,,,0.0,,
2025-10-18 17:00:00,0.078333,-0.018667,0.0025,-0.015667,-0.022,8e-06,0.059,-0.001167,0.0045,0.01475,-4e-06,0.015167,-0.009833,-0.0065,3e-06,0.076729,0.10595,0.0,-0.478833,0.670167,0.033833,15.691667,10.5725,0.018925,0.0,0.0,0.0,,,,0.0,,,,0.0,,
2025-10-18 17:30:00,0.053667,-0.005833,0.0055,-0.028333,-0.027333,9e-06,0.047167,-0.002833,0.012167,0.014833,-7e-06,0.014333,-0.007667,-0.006,2e-06,0.063336,0.073803,0.0,-0.591333,0.631333,0.0275,15.176667,10.001667,0.018935,0.0,0.0,0.0,,,,0.0,,,,0.0,,
2025-10-18 18:00:00,0.028667,0.001,0.0005,-0.015667,-0.0152,6e-06,0.023667,-0.001,0.002167,0.003,-2e-06,0.007167,-0.0035,-0.0024,1e-06,0.046728,0.065331,0.0,-0.456833,0.5005,0.035167,14.821667,9.616,0.018803,0.0,0.0,0.0,,,,0.0,,,,0.0,,
2025-10-18 18:30:00,0.057667,-0.002667,0.002333,-0.023667,-0.024,1e-05,0.054167,-0.001167,0.0065,0.007333,-1e-06,0.014833,-0.005833,-0.003,1e-06,0.068469,0.067773,0.0,-0.462,0.797667,0.038167,14.488333,9.288333,0.018822,0.0,0.0,0.0,,,,0.0,,,,0.0,,
2025-10-18 19:00:00,0.105833,-0.0265,0.0045,-0.029333,-0.027,8e-06,0.110167,-0.005667,0.019,0.017833,-6e-06,0.025,-0.011333,-0.007167,3e-06,0.059862,0.056248,0.0,-0.4095,0.865167,0.029167,14.231667,9.01,0.01889,0.0,0.0,0.0,,,,0.0,,,,0.0,,
2025-10-18 19:30:00,0.173333,-0.026667,0.0065,-0.027,-0.026333,9e-06,0.163667,-0.003,0.022833,0.026167,-9e-06,0.035833,-0.012167,-0.0085,4e-06,0.049655,0.049284,0.0,-0.797833,1.0835,0.050333,14.006667,8.775,0.018775,0.0,0.0,0.0,,,,0.0,,,,0.0,,
2025-10-18 20:00:00,0.226667,-0.004,0.006,-0.022,-0.019,8e-06,0.223333,-0.013333,0.025333,0.025667,-1.6e-05,0.0545,-0.015833,-0.012833,7e-06,0.0398,0.04223,0.0,-1.05,1.229,0.0395,14.056667,8.825,0.018587,0.0,0.0,0.0,,,,0.0,,,,0.0,,
2025-10-18 20:30:00,0.185167,-0.035833,0.007167,-0.023667,-0.0205,1.1e-05,0.2305,-0.008667,0.026667,0.028167,-1.9e-05,0.047,-0.016,-0.013333,7e-06,0.042711,0.045298,0.0,-1.1235,1.0865,0.032333,14.015,8.791667,0.018382,0.0,0.0,0.0,,,,0.0,,,,0.0,,
2025-10-18 21:00:00,0.101333,-0.009833,0.008,-0.014167,-0.012,6e-06,0.109,-0.0045,0.008,0.0095,-6e-06,0.028667,-0.0095,-0.008,4e-06,0.039006,0.041752,0.0,-0.965,0.861,0.038333,13.835,8.591667,0.018272,0.0,0.0,0.0,,,,0.0,,,,0.0,,
2025-10-18 21:30:00,0.112333,-0.019167,0.008667,-0.025333,-0.024833,1.1e-05,0.1435,-0.004833,0.0235,0.0265,-1.2e-05,0.027667,-0.008333,-0.007167,3e-06,0.038416,0.042436,0.0,-0.988167,1.092333,0.039167,13.626667,8.383333,0.018268,0.0,0.0,0.0,,,,0.0,,,,0.0,,
2025-10-18 22:00:00,0.0865,-0.013167,0.002167,-0.014,-0.013167,3e-06,0.107167,-0.009833,0.0115,0.015167,-6e-06,0.029333,-0.009333,-0.008333,4e-06,0.04223,0.047234,0.0,-0.732333,0.84,0.031833,13.543333,8.273333,0.018312,0.0,0.0,0.0,,,,0.0,,,,0.0,,
2025-10-18 22:30:00,0.102333,-0.002167,0.001833,-0.016667,-0.0155,5e-06,0.0875,-0.0025,0.012667,0.013667,-7e-06,0.020333,-0.005833,-0.003833,2e-06,0.041412,0.042093,0.0,-0.828167,0.917167,0.0515,13.48,8.2,0.0184,0.0,0.0,0.0,,,,0.0,,,,0.0,,
2025-10-18 23:00:00,0.129667,0.0205,-0.000667,-0.012833,-0.0095,1e-06,0.109333,-0.001667,0.021167,0.0225,-6e-06,0.024667,-0.008167,-0.006,2e-06,0.052288,0.052594,0.0,-0.713,0.993667,0.035833,13.455,8.165,0.018515,0.0,0.0,0.0,,,,0.0,,,,0.0,,
2025-10-18 23:30:00,0.160333,-0.006667,0.005167,-0.021,-0.017667,3e-06,0.183333,-0.013167,0.025667,0.0275,-1e-05,0.041833,-0.014667,-0.012167,4e-06,0.047815,0.046728,0.0,-1.047667,1.227333,0.050667,13.548333,8.256667,0.018677,0.0,0.0,0.0,,,,0.0,,,,0.0,,
2025-10-19 00:00:00,0.215833,-0.0065,0.004167,-0.008333,0.000167,3e-06,0.215667,-0.010333,0.033833,0.0335,-1.1e-05,0.046833,-0.014167,-0.0085,4e-06,0.049062,0.050251,0.0,-0.504,1.67,0.045833,13.605,8.33,0.018778,0.0,0.0,0.0,,,,0.0,,,,0.0,,
2025-10-19 00:30:00,0.248667,-0.005,0.004167,-0.010667,0.009167,3e-06,0.285,-0.017,0.0465,0.045333,-1.6e-05,0.0455,-0.015,-0.008333,5e-06,0.056327,0.055853,0.0,-0.368833,1.686667,0.049,13.603333,8.328333,0.018868,0.0,0.0,0.0,,,,0.0,,,,0.0,,
2025-10-19 01:00:00,0.197667,0.007833,0.004167,-0.010833,-0.002,4e-06,0.328,-0.019667,0.0465,0.047,-1.4e-05,0.059,-0.015667,-0.009667,5e-06,0.047888,0.046872,0.0,-0.592333,1.836167,0.0345,13.615,8.323333,0.018875,0.0,0.0,0.0,,,,0.0,,,,0.0,,
2025-10-19 01:30:00,0.137,-0.013667,0.003167,-0.020333,-0.017667,6e-06,0.1645,-0.008167,0.028833,0.030833,-1e-05,0.036333,-0.009333,-0.0075,2e-06,0.039734,0.040602,0.0,-0.8705,1.1765,0.042,13.533333,8.213333,0.018883,0.0,0.0,0.0,,,,0.0,,,,0.0,,
2025-10-19 02:00:00,0.1145,0.0025,-0.003333,-0.011833,-0.0075,3e-06,0.162667,-0.007,0.027833,0.025833,-8e-06,0.036667,-0.009667,-0.0045,2e-06,0.051076,0.045298,0.0,-0.561167,1.4035,0.0465,13.39,8.063167,0.018845,0.0,0.0,0.0,,,,0.0,,,,0.0,,
2025-10-19 02:30:00,0.246333,-0.008833,-0.001333,-0.026,-0.019,6e-06,0.226667,-0.010167,0.042,0.041167,-1.1e-05,0.045667,-0.015833,-0.0095,3e-06,0.068121,0.061091,0.0,-0.559833,1.532167,0.06,13.411667,8.11,0.01873,0.0,0.0,0.0,,,,0.0,,,,0.0,,
2025-10-19 03:00:00,0.175833,0.020833,0.003833,-0.0105,-0.002,1e-06,0.228167,-0.009833,0.033167,0.035667,-8e-06,0.043833,-0.013667,-0.008667,4e-06,0.051378,0.047597,0.0,-0.551667,1.388167,0.045833,13.318333,8.003,0.01869,0.0,0.0,0.0,,,,0.0,,,,0.0,,
2025-10-19 03:30:00,0.1705,-0.000333,-0.002667,-0.0045,0.001333,2e-06,0.236833,-0.012333,0.033,0.035333,-1e-05,0.043833,-0.014333,-0.009667,4e-06,0.043681,0.04403,0.0,-0.584667,1.581167,0.040667,13.27,7.969,0.0187,0.0,0.0,0.0,,,,0.0,,,,0.0,,
2025-10-19 04:00:00,0.245833,0.015833,0.005667,-0.0125,-0.004667,4e-06,0.405667,-0.025,0.040167,0.042,-2e-05,0.067333,-0.016333,-0.011333,7e-06,0.032882,0.037571,0.0,-0.633,1.890667,0.033,13.291667,8.004833,0.018698,0.0,0.0,0.0,,,,0.0,,,,0.0,,
2025-10-19 04:30:00,0.290167,0.015,0.003167,-0.006333,0.006333,2e-06,0.425667,-0.018667,0.041167,0.0465,-1.8e-05,0.079167,-0.014,-0.0075,6e-06,0.030683,0.035847,0.0,-0.603333,1.8925,0.0515,13.253333,7.971167,0.018667,0.0,0.0,0.0,,,,0.0,,,,0.0,,
2025-10-19 05:00:00,0.2475,0.007667,-0.006167,-0.007167,0.004667,4e-06,0.244833,-0.017833,0.030167,0.030167,-1.2e-05,0.056667,-0.0135,-0.009,6e-06,0.028617,0.033489,0.0,-0.524833,1.848333,0.046333,13.15,7.862333,0.018663,0.0,0.0,0.0,,,,0.0,,,,0.0,,
2025-10-19 05:30:00,0.202667,0.003167,0.0075,-0.008333,0.005333,3e-06,0.183333,-0.007667,0.014667,0.015,-8e-06,0.043333,-0.011167,-0.006333,5e-06,0.025228,0.028787,0.0,-0.443833,1.4705,0.0585,13.023333,7.727833,0.018697,0.0,0.0,0.0,,,,0.0,,,,0.0,,
2025-10-19 06:00:00,0.165,-0.003667,0.007,-0.0155,-0.01,7e-06,0.198833,-0.0155,0.025167,0.025833,-1.1e-05,0.0445,-0.011333,-0.008167,4e-06,0.028168,0.031329,0.0,-0.618,1.473833,0.0375,12.921667,7.614167,0.018695,0.0,0.0,0.0,,,,0.0,,,,0.0,,
2025-10-19 06:30:00,0.197667,0.0265,-0.003833,0.001333,0.015833,-1e-06,0.182,-0.013667,0.023,0.024667,-1.1e-05,0.037,-0.0085,-0.005833,4e-06,0.026896,0.031093,0.0,-0.393833,1.413833,0.042,12.865,7.587833,0.018703,0.0,0.0,0.0,,,,0.0,,,,0.0,,
2025-10-19 07:00:00,0.186833,0.004833,0.002667,-0.008,-0.004167,4e-06,0.151667,-0.0065,0.013833,0.014167,-8e-06,0.037,-0.007333,-0.004,4e-06,0.017911,0.02156,0.0,-0.702833,1.280833,0.0425,12.905,7.617,0.018743,0.0,0.0,0.0,,,,0.0,,,,0.0,,
2025-10-19 07:30:00,0.222167,0.007333,0.009667,-0.005167,-0.0005,6e-06,0.263667,-0.009,0.014667,0.0145,-1.6e-05,0.050167,-0.005833,-0.0035,7e-06,0.007891,0.05728,0.0,-0.711,1.558667,0.0425,13.065,7.8355,0.01881,0.0,0.0,0.0,,,,0.0,,,,0.0,,
2025-10-19 08:00:00,0.3925,0.016333,0.000333,-0.003667,0.024833,4e-06,0.3555,-0.028,-0.0005,0.004,-2.6e-05,0.085667,-0.001167,-0.002667,1.4e-05,0.00175,0.011664,0.0,-0.586167,2.255,0.052667,13.408333,8.318333,0.01892,0.0,0.0,0.0,,,,0.0,,,,0.0,,
2025-10-19 08:30:00,0.594833,-0.022333,-0.008667,0.000333,0.022333,1.7e-05,0.554167,-0.036333,-0.008,-0.002667,-4.1e-05,0.100333,0.003833,-0.0005,1.8e-05,0.002055,0.004534,0.0,-0.731667,2.485167,0.056833,13.816667,8.796667,0.019085,0.0,0.0,0.0,,,,0.0,,,,0.0,,
2025-10-19 09:00:00,0.5475,-0.074,-0.014,0.0205,0.049167,3.7e-05,0.622167,-0.041667,-0.033333,-0.033667,-6.4e-05,0.091833,0.009,0.000833,2e-05,0.009312,0.016002,0.0,-0.644667,2.4635,0.066167,14.43,9.485,0.019393,0.0,0.0,0.0,,,,0.0,,,,0.0,,
2025-10-19 09:30:00,0.554667,-0.033167,-0.014,0.002667,0.013333,1e-05,0.592667,-0.05,-0.0205,-0.022333,-5.5e-05,0.109833,0.009833,0.000333,2.5e-05,0.00611,0.009025,0.0,-0.013333,2.611333,0.0455,14.856667,9.933333,0.01958,0.0,0.0,0.0,,,,0.0,,,,0.0,,
2025-10-19 10:00:00,0.749333,0.0085,-0.0345,0.005333,0.034667,5e-06,0.550833,-0.054167,-0.03,-0.029167,-5.9e-05,0.105167,0.011667,0.000167,2.5e-05,0.011201,0.015542,0.0,-0.272833,2.811833,0.049167,15.228333,10.34,0.01976,0.0,0.0,0.0,,,,0.0,,,,0.0,,
2025-10-19 10:30:00,0.823833,-0.056,-0.03,-0.0005,0.0405,1.5e-05,0.826,-0.0465,-0.0555,-0.061833,-8.7e-05,0.118333,0.0165,0.0015,2.9e-05,0.0224,0.028392,0.0,-0.163667,2.729,0.066833,15.768333,10.94,0.020027,0.0,0.0,0.0,,,,0.0,,,,0.0,,
2025-10-19 11:00:00,0.830833,-0.111167,-0.019,0.009167,0.053667,2.7e-05,0.746333,-0.049833,-0.0555,-0.0655,-9.7e-05,0.118333,0.0225,0.003667,3.8e-05,0.029355,0.039867,0.0,-0.058333,2.714333,0.054167,16.318333,11.575,0.020267,0.0,0.0,0.0,,,,0.0,,,,0.0,,
2025-10-19 11:30:00,1.0665,-0.048333,-0.029667,-0.000667,0.011,5e-06,0.855667,-0.073167,-0.0835,-0.0722,-0.000116,0.148667,0.034167,0.0124,4.8e-05,0.05609,0.050535,0.0,0.3235,3.048667,0.058167,16.918333,12.262,0.020563,0.0,0.0,0.0,,,,0.0,,,,0.0,,
2025-10-19 12:00:00,0.9495,-0.1325,-0.0245,0.025833,0.078667,3.5e-05,0.9315,-0.055333,-0.106833,-0.129333,-0.000137,0.15,0.034167,0.007,4.5e-05,0.065963,0.07868,0.0,-0.010167,3.0105,0.057667,17.425,12.818333,0.020828,0.0,0.0,0.0,,,,0.0,,,,0.0,,
2025-10-19 12:30:00,1.0005,-0.103167,-0.0405,-0.0345,,-4.2e-05,1.046167,-0.0765,-0.152333,,-0.00016,0.173667,0.056333,,6.2e-05,0.126143,,0.0,0.975833,2.938,0.034167,17.976667,,0.021103,0.0,0.0,0.0,,,,0.0,,,,0.0,,
2025-10-19 13:00:00,1.139833,-0.087333,-0.061167,-0.0485,-0.084667,-5.6e-05,1.040167,-0.094333,-0.104667,-0.116667,-0.000113,0.1925,0.0505,0.044,6e-05,0.078867,0.119255,0.0,0.769667,3.394333,0.0235,18.195,14.18,0.021137,0.0,0.0,0.0,,,,0.0,,,,0.0,,
2025-10-19 13:30:00,0.945667,-0.16,-0.024333,0.005667,0.0302,1.5e-05,1.017833,-0.066667,-0.088,-0.0624,-0.000114,0.1625,0.031333,0.0054,4.5e-05,0.052517,0.090601,0.0,0.227167,3.199833,0.0365,18.593333,14.412,0.021447,0.0,0.0,0.0,,,,0.0,,,,0.0,,
2025-10-19 14:00:00,1.2415,0.020167,-0.027,-0.007833,-0.056,-1.9e-05,1.468833,-0.108,-0.062833,-0.0395,-0.000116,0.203,0.0155,-0.0065,4e-05,0.01809,0.0484,0.0,0.4245,3.5395,0.0455,18.231667,14.04,0.021333,0.0,0.0,0.0,,,,0.0,,,,0.0,,
2025-10-19 14:30:00,0.694667,-0.067167,-0.033833,-0.006167,,8e-06,0.652333,-0.043167,0.003167,,-8.6e-05,0.111,-0.003167,,2.3e-05,0.008962,,0.0,-0.007167,2.730167,0.051667,18.406667,,0.021505,0.0,0.0,0.0,,,,0.0,,,,0.0,,
2025-10-19 15:00:00,0.682667,-0.179833,-0.0305,0.009833,,2.6e-05,0.7645,-0.043,0.006167,,-9e-05,0.108,-0.005333,,2.6e-05,0.008464,,0.0,-0.017167,2.741,0.056833,18.615,,0.02177,0.0,0.0,0.0,,,,0.0,,,,0.0,,
2025-10-19 15:30:00,0.320833,-0.107833,-0.008667,-0.017833,,2e-05,0.405833,-0.025667,0.049833,,-4.2e-05,0.064333,-0.0155,,1.3e-05,0.031625,,0.0,-0.1545,2.2855,0.048167,18.508333,,0.021757,0.0,0.0,0.0,,,,0.0,,,,0.0,,
2025-10-19 16:00:00,0.451667,-0.051667,-0.023667,-0.010167,,1.1e-05,0.566167,-0.041667,0.064167,,-4.7e-05,0.092,-0.018833,,1.2e-05,0.041141,,0.0,-0.329,2.554333,0.0645,18.536667,,0.021878,0.0,0.0,0.0,,,,0.0,,,,0.0,,
2025-10-19 16:30:00,0.325833,0.015333,-0.005,-0.007833,,5e-06,0.432833,-0.039167,0.065,,-3.2e-05,0.071,-0.019833,,9e-06,0.04958,,0.0,-0.398333,2.545833,0.046333,18.286667,,0.021863,0.0,0.0,0.0,,,,0.0,,,,0.0,,
2025-10-19 17:00:00,0.297833,-0.0015,-0.0095,-0.000333,,1e-06,0.294,-0.022833,0.044667,,-1.5e-05,0.066667,-0.0195,,7e-06,0.048327,,0.0,-0.390333,2.439333,0.046167,17.903333,,0.021827,0.0,0.0,0.0,,,,0.0,,,,0.0,,
2025-10-19 17:30:00,0.277333,-0.018,-0.0115,-0.020333,,5e-06,0.348167,-0.0295,0.065667,,-1.6e-05,0.057667,-0.0175,,4e-06,0.055853,,0.0,-0.456,2.2985,0.048167,17.441667,,0.021765,0.0,0.0,0.0,,,,0.0,,,,0.0,,
2025-10-19 18:00:00,0.348667,-0.0405,-0.007,-0.016667,,6e-06,0.462333,-0.0285,0.078167,,-2.2e-05,0.074333,-0.02,,5e-06,0.047306,,0.0,-0.465833,2.4365,0.057333,17.126667,,0.021653,0.0,0.0,0.0,,,,0.0,,,,0.0,,
2025-10-19 18:30:00,0.4625,-0.124167,-0.024167,-0.022833,,1.6e-05,0.551,-0.035667,0.037167,,-3e-05,0.0935,-0.007833,,8e-06,0.012769,,0.0,-0.317,2.3365,0.0685,17.201667,,0.021758,0.0,0.0,0.0,,,,0.0,,,,0.0,,
2025-10-19 19:00:00,0.363,-0.0335,-0.0195,-0.003167,,-1.5e-05,0.3645,-0.031833,0.015167,,-1.5e-05,0.083333,-0.006667,,1.2e-05,0.006615,,0.0,-0.426333,2.464667,0.0615,17.353333,,0.02196,0.0,0.0,0.0,,,,0.0,,,,0.0,,
2025-10-19 19:30:00,0.301333,-0.028667,-0.011,-0.0045,,7.5e-05,0.328,-0.0365,0.020333,,-4.9e-05,0.063667,-0.005833,,-2e-06,0.006267,,0.0,-0.5175,2.181333,0.056833,17.531667,,0.021972,0.0,0.0,0.0,,,,0.0,,,,0.0,,
2025-10-19 20:00:00,0.3935,-0.0435,-0.005333,-0.0035,,-7.8e-05,0.533167,-0.038333,0.025167,,-2.3e-05,0.086833,-0.0065,,1.3e-05,0.007803,,1e-06,-0.495833,2.557167,0.028833,17.71,,0.018292,0.0,0.0,0.0,,,,0.0,,,,0.0,,
2025-10-19 20:30:00,0.472667,-0.032667,-0.002667,0.000667,,3.2e-05,0.515667,-0.039,0.021,,5.3e-05,0.0935,-0.008167,,9e-06,0.006642,,0.0,-0.571667,2.630333,0.034833,17.666667,,0.017073,0.0,0.0,0.0,,,,0.0,,,,0.0,,
2025-10-19 21:00:00,0.540167,-0.0335,-0.004,-0.002167,-0.118,1.8e-05,0.630333,-0.044,0.0255,0.286,-2.5e-05,0.098,-0.007833,0.016,7e-06,0.008836,2.4336,0.0,-0.205,2.702,0.078667,17.866667,14.18,0.020192,0.0,0.0,0.0,,,,0.0,,,,0.0,,
2025-10-19 21:30:00,0.521167,-0.041,-0.019833,-0.001167,,-6.4e-05,0.591833,-0.036167,0.0295,,-4.9e-05,0.108667,-0.009833,,3e-06,0.012769,,0.0,-0.193833,2.617167,0.065833,18.093333,,0.02219,0.0,0.0,0.0,,,,0.0,,,,0.0,,
2025-10-19 22:00:00,0.387167,0.003667,-0.0195,0.003333,,-3.1e-05,0.445833,-0.028333,0.025167,,-2.8e-05,0.084333,-0.01,,6e-06,0.012173,,1e-06,-0.1395,2.405333,0.063667,18.158333,,0.017448,0.0,0.0,0.0,,,,0.0,,,,0.0,,
2025-10-19 22:30:00,0.5615,-0.0265,-0.026667,-0.003333,,6.1e-05,0.627333,-0.044833,0.047833,,1.4e-05,0.123333,-0.014333,,1.1e-05,0.021904,,1e-06,-0.298167,2.725167,0.069167,18.356667,,0.011287,0.0,0.0,0.0,,,,0.0,,,,0.0,,
2025-10-19 23:00:00,0.575667,-0.045833,-0.015,-0.002,-0.043,3.6e-05,0.645167,-0.0425,0.049,-0.024,-1.8e-05,0.112167,-0.0165,0.007,1.8e-05,0.021953,0.114244,1e-06,-0.226833,2.784167,0.072167,18.325,14.71,0.018003,0.0,0.0,0.0,,,,0.0,,,,0.0,,
2025-10-19 23:30:00,0.667167,-0.065667,-0.028167,-0.004333,-0.01,4e-06,0.618667,-0.044833,0.031,0.0385,-2e-05,0.112667,-0.0105,-0.0055,8e-06,0.013034,0.011342,0.0,-0.114667,2.659,0.045833,18.493333,13.7,0.023182,0.0,0.0,0.0,,,,0.0,,,,0.0,,
2025-10-20 00:00:00,0.585,-0.147833,-0.022,-0.009167,0.085,-0.0,0.7585,-0.055833,0.0415,-0.1645,-1.1e-05,0.125667,-0.012667,-0.114,1e-05,0.013767,4.3681,0.0,-0.243167,2.9795,0.080833,18.576667,16.0,0.023057,0.0,0.0,0.0,,,,0.0,,,,0.0,,
2025-10-20 00:30:00,0.713833,-0.1,-0.037167,-0.006333,,1e-05,0.713333,-0.04,0.026,,-2e-05,0.132333,-0.0105,,3e-06,0.011271,,0.0,-0.175667,2.807833,0.040833,18.605,,0.023002,0.0,0.0,0.0,,,,0.0,,,,0.0,,
2025-10-20 01:00:00,0.557667,-0.043,-0.019167,-0.005,0.016667,-1.1e-05,0.611333,-0.0555,0.046167,0.042,0.000143,0.109333,-0.0145,-0.005,-2.1e-05,0.018952,0.0223,3e-06,-0.181833,2.822833,0.061333,18.308333,13.91,0.030413,0.0,0.0,0.0,,,,0.0,,,,0.0,,
2025-10-20 01:30:00,0.492333,-0.006833,-0.022333,-0.002333,,6e-06,0.4655,-0.045833,0.032167,,1.5e-05,0.092667,-0.009833,,4e-06,0.013845,,1e-06,-0.264,2.630167,0.053,18.008333,,0.025263,0.0,0.0,0.0,,,,0.0,,,,0.0,,
2025-10-20 02:00:00,0.550333,-0.0395,-0.0195,-0.004333,,-3.5e-05,0.626667,-0.053333,0.0245,,-5.3e-05,0.115,-0.009333,,9e-06,0.009312,,0.0,-0.502667,2.8075,0.039,18.153333,,0.015938,0.0,0.0,0.0,,,,0.0,,,,0.0,,
2025-10-20 02:30:00,0.572167,-0.076667,-0.0205,-0.009833,0.1455,-3.4e-05,0.450333,-0.032833,0.021667,-0.02375,-4.6e-05,0.1005,-0.006833,0.001,1.6e-05,0.008495,0.955018,1e-06,-0.277,2.429667,0.061667,18.158333,18.45,0.01324,0.0,0.0,0.0,,,,0.0,,,,0.0,,
2025-10-20 03:00:00,0.391167,-0.026167,-0.015,0.0025,-0.043,0.000127,0.49,-0.030833,0.013833,0.45375,-4.3e-05,0.075167,-0.005667,-0.07375,1.6e-05,0.009216,11.945664,6e-06,-0.130833,2.260167,0.0185,18.598333,34.3025,0.013246,0.0,0.0,0.0,,,,0.0,,,,0.0,,
2025-10-20 03:30:00,0.368,-0.056833,-0.013,-0.02,-0.423,0.001092,0.496,-0.030333,0.023167,0.250333,-0.001001,0.076333,-0.004667,-0.078333,1.2e-05,0.019787,6.897627,5.5e-05,-0.231333,2.165167,0.017167,19.23,37.17,0.024917,0.0,0.0,0.0,,,,0.0,,,,0.0,,0.073
2025-10-20 04:00:00,0.365167,-0.032667,-0.009167,-0.019167,0.019333,-0.000816,0.4455,-0.027333,0.035,-0.110667,5.8e-05,0.0695,-0.006,0.065,7e-06,0.025122,21.239808,3.3e-05,-0.311833,2.094333,0.045,19.17,42.996667,0.018047,0.0,0.0,0.0,,,,0.0,,,,0.0,,0.069667
2025-10-20 04:30:00,1.61,-2.063167,0.615,-0.002167,,0.000928,4.029833,-1.1655,0.0415,,-0.000665,0.437333,-0.023,,0.000255,1.174695,,0.000136,-0.139667,2.230833,0.096833,18.771667,,0.024782,0.0,0.0,0.0,,,,0.0,,,,0.0,,0.075333
2025-10-20 05:00:00,3.579,-4.013,1.148,-0.665,0.018,-0.000122,6.753,-1.984,-0.053,0.001,4.3e-05,0.675,0.052,-0.001,-6.7e-05,2.785561,0.000803,9e-06,0.622,1.791,0.201,17.85,13.728333,0.014922,0.0,0.0,0.0,,,,0.0,,,,0.0,,
2025-10-20 05:30:00,,,,,,,,,,,,,,,,,0.001835,4e-06,,,,,14.16,0.01017,0.0,0.0,0.0,,,,0.0,,,,0.0,,
2025-10-20 06:00:00,,,,,,,,,,,,,,,,,0.001272,0.0,,,,,15.09,0.008652,0.0,0.0,0.0,,,,0.0,,,,0.0,,
2025-10-20 06:30:00,,,,,,,,,,,,,,,,,0.061752,2e-06,,,,,15.688333,0.009919,0.0,0.0,0.0,,,,0.0,,,,0.0,,
2025-10-20 07:00:00,2.667,-4.141,1.27,-0.851,0.002,1.9e-05,7.564,-2.282,1.542,-0.002,-1.5e-05,0.789,-0.442,0.0,-8e-06,3.606201,0.000251,1e-06,0.912,1.03,-0.153,20.95,15.086667,0.003766,0.0,0.0,0.0,,,,0.0,,,,0.0,,
2025-10-20 07:30:00,1.568167,-1.898,0.581167,0.124167,0.025,0.000582,3.946,-1.125,-0.0285,0.006667,-7.6e-05,0.4335,0.0085,-0.001333,1e-05,0.617272,0.005232,1e-06,1.183833,1.1165,-0.008667,22.98,15.545,0.019551,0.0,0.0,0.0,,,,0.0,,,,0.0,,
2025-10-20 08:00:00,1.743,-2.220667,0.656667,-0.0565,-0.0165,-1.6e-05,4.660167,-1.2335,0.083,-0.025167,-2e-06,0.459333,-0.017,0.001,8e-06,0.692501,0.017733,0.0,1.0905,1.0635,0.012833,20.8,16.506667,0.025918,0.0,0.0,0.0,,,,0.0,,,,0.0,,
2025-10-20 08:30:00,0.652333,-0.405333,0.107667,0.007833,-0.011,-1.6e-05,0.965,-0.2285,-0.011167,0.001333,-4e-06,0.138167,-0.0035,0.002667,8e-06,0.170569,0.003007,0.0,0.999667,0.958833,-0.058333,21.816667,16.521667,0.026262,0.0,0.0,0.0,,,,0.0,,,,0.0,,
2025-10-20 09:00:00,1.5915,-2.1755,0.622667,-0.113667,-0.036,-4e-06,4.413,-1.221833,0.089167,-0.02875,-1.3e-05,0.469333,-0.039167,0.01775,1.5e-05,0.446447,0.054406,0.0,1.008333,1.424833,-0.124667,22.22,18.6875,0.02646,0.0,0.0,0.0,,,,0.0,,,,0.0,,
2025-10-20 09:30:00,0.575667,0.0285,-0.061333,-0.013833,-0.010333,-3.7e-05,0.633,-0.028667,-0.004167,-0.001,-2.1e-05,0.1105,0.006333,0.004667,1.6e-05,0.008464,0.0025,0.0,1.466333,1.415833,-0.012167,21.428333,17.72,0.02641,0.0,0.0,0.0,,,,0.0,,,,0.0,,
2025-10-20 10:00:00,0.7655,-0.111,-0.019333,-0.011667,0.069,-3.5e-05,0.581667,-0.024167,-0.011667,-0.1175,-1.8e-05,0.105833,0.014333,0.011,2e-05,0.014201,0.219258,0.0,1.646667,1.113667,-0.012833,21.361667,22.5375,0.02612,0.0,0.0,0.0,,,,0.0,,,,0.0,,
2025-10-20 10:30:00,0.5805,-0.165833,-0.0155,0.002333,-0.019,-0.00021,0.819667,-0.034167,-0.008333,-0.01325,0.000121,0.124667,0.004667,0.00425,2.9e-05,0.003741,0.04862,1e-06,1.436333,1.185667,-0.0205,21.365,23.2925,0.026325,0.0,0.0,0.0,,,,0.0,,,,0.0,,
2025-10-20 11:00:00,0.331,-0.045,-0.004,0.0,-0.039,-0.000299,0.653,-0.038,-0.031,-0.005,-4.5e-05,0.11,0.02,0.022,0.000139,0.033489,0.0784,1e-05,1.241,1.032,0.001,21.57,17.5,0.03213,0.0,0.0,0.0,,,,0.0,,,,0.0,,
