Time(UTC),batt_v_1,t_log_1,rh_1,rh_2,rh_3,rh_4,rh_5,t_1,t_2,t_3,t_4,t_5,wspd_1,wdir_1,wspd_2,wdir_2,wspd_3,wdir_3,wspd_4,wdir_4,wspd_5,wdir_5
2024-10-22 09:30:00,11.6957,12.8457,49.4877,69.4364,58.2884,79.265,72.9886,-23.1114,-20.7576,-15.3847,-26.6371,-19.3024,2.5349,225.1005,2.0029,219.9803,1.7752,234.0804,1.0211,246.5598,1.2367,240.7905
2025-09-16 07:00:00,13.65,22.35,-18.77,-17.94,-17.37,-16.795,-16.35,-63.805,-63.375,-63.59,-63.55,-64.005,0.0,180.0,0.0,180.0,0.0,180.0,0.0,180.0,0.0,180.0
2025-09-16 11:00:00,,,,,,,,,,,,,,,,,,,,,,
2025-09-16 11:30:00,13.8953,15.3897,90.2533,90.46,91.17,91.1867,90.27,13.9097,13.9813,13.9487,13.9657,14.056,3.3418,203.8795,3.0951,206.7564,2.8063,211.4916,2.4927,213.2055,3.5583,217.4118
2025-09-16 12:00:00,13.8693,15.352,83.9,84.5033,85.2167,85.6933,86.57,14.69,14.8027,14.8703,14.8797,15.0177,5.9843,204.9958,5.3194,209.3129,4.7924,213.4837,4.4884,210.3974,3.8115,210.2514
2025-09-16 12:30:00,13.8243,16.526,75.319,76.0487,76.5787,77.121,78.2243,15.751,15.8237,15.919,15.924,16.0193,6.8637,202.8192,6.1313,207.0638,5.5451,211.095,5.2199,208.741,4.4718,207.6977
2025-09-16 13:00:00,13.8437,17.0977,71.4953,72.266,72.8753,73.6003,74.9343,15.937,15.9423,15.9733,15.9083,15.851,7.2213,204.3884,6.417,207.9032,5.765,212.6351,5.4052,209.4229,4.6249,208.0132
2025-09-16 13:30:00,13.8433,17.2503,67.2943,68.0903,68.7093,69.4013,70.8143,16.4583,16.472,16.475,16.3963,16.3053,6.7722,208.3226,6.0442,215.089,5.4161,218.6352,5.111,214.5324,4.3795,214.3137
2025-09-16 14:00:00,13.723,17.087,75.7917,76.587,76.8383,77.235,78.0973,15.7087,15.7147,15.717,15.6527,15.5577,5.3674,237.3399,4.6415,242.0602,4.0753,245.4734,3.8303,241.7148,3.3054,239.749
2025-09-16 14:30:00,13.8937,15.9993,88.1933,89.08,89.73,90.0467,91.3,14.3097,14.3353,14.308,14.267,14.1707,4.2092,253.8555,3.6495,259.0616,3.1996,260.6802,3.0053,257.0312,2.5493,253.8719
2025-09-16 15:00:00,13.9033,15.261,81.0987,82.259,83.586,83.866,86.0107,15.235,15.2297,15.1857,15.153,15.016,3.521,223.8981,3.0661,228.0973,2.69,231.0942,2.5373,227.8907,2.1292,227.2262
2025-09-16 15:30:00,13.8897,15.3353,70.4243,71.5263,72.6267,73.4253,75.7957,16.3807,16.368,16.3467,16.266,16.0943,4.5457,226.5103,4.0089,230.6663,3.548,234.3007,3.3468,231.2696,2.8925,227.3923
2025-09-16 16:00:00,13.8713,16.2313,66.9093,67.972,68.7143,69.5257,71.3183,16.6203,16.6123,16.5943,16.5027,16.3547,4.7325,221.1174,4.106,225.9453,3.6513,230.0353,3.4587,226.6272,2.9995,224.704
2025-09-16 16:30:00,13.8537,16.913,65.231,66.0357,66.5907,67.376,68.9507,17.043,17.0567,17.0693,16.996,16.883,4.1182,223.8539,3.5957,227.7544,3.2303,230.7643,3.0593,227.1843,2.6162,224.6896
2025-09-16 17:00:00,13.841,17.448,64.587,65.4883,66.1373,66.9903,68.6383,16.974,16.9307,16.8833,16.759,16.5463,4.775,211.7811,4.2055,216.8972,3.768,220.6977,3.5426,217.1531,3.0271,216.5911
2025-09-16 17:30:00,13.5437,16.9673,66.7467,67.841,68.7997,69.7637,71.6417,16.4323,16.3267,16.204,16.0117,15.7063,3.7057,209.2031,3.2377,214.9454,2.8498,218.9415,2.6734,216.5694,2.2451,214.8086
2025-09-16 18:00:00,12.8663,15.84,69.5077,70.503,71.3043,72.2567,74.1153,15.9297,15.8227,15.7173,15.5243,15.2307,3.6534,202.1916,3.2072,207.5304,2.8599,211.5594,2.6658,207.509,2.2246,207.9293
2025-09-16 18:30:00,12.786,15.1057,69.5833,70.542,71.259,72.171,73.8907,15.919,15.8337,15.7527,15.576,15.324,3.3455,202.6613,2.9215,209.5874,2.6038,214.2493,2.4387,210.9806,2.0218,209.1312
2025-09-16 19:00:00,12.7727,14.8243,69.8203,70.751,71.4963,72.4187,74.1373,15.9477,15.8607,15.7827,15.607,15.3567,3.222,198.4719,2.8612,201.9202,2.5391,208.8097,2.357,204.7916,1.9164,204.3077
2025-09-16 19:30:00,12.7687,14.5427,70.6353,71.6543,72.5717,73.665,75.6773,15.704,15.59,15.4487,15.216,14.859,2.7116,192.9333,2.3868,196.9475,2.1277,202.5706,1.963,199.8213,1.4338,198.2435
2025-09-16 20:00:00,12.761,13.8057,72.3457,73.5757,74.9937,76.5623,79.2287,15.313,15.138,14.868,14.5213,13.9953,2.1632,191.4398,1.8439,197.1721,1.5734,202.4656,1.4034,201.0523,0.7402,200.6129
2025-09-16 20:30:00,12.7537,13.101,74.306,75.623,77.2047,78.834,81.2937,14.9227,14.765,14.4797,14.164,13.7083,2.0301,182.0625,1.7422,185.8373,1.458,190.7782,1.2956,188.8351,0.5839,187.9496
2025-09-16 21:00:00,12.7453,12.648,75.611,76.8273,78.1157,79.568,81.9033,14.6617,14.546,14.3233,14.0293,13.6067,2.1434,181.5874,1.8444,186.8272,1.5754,191.3901,1.4127,188.9985,0.7337,188.3189
2025-09-16 21:30:00,12.74,12.542,76.6617,77.7013,78.7253,79.9977,81.8067,14.5197,14.4563,14.305,14.0803,13.8017,2.5397,179.9937,2.2231,184.2081,1.9197,188.7487,1.7342,186.9165,1.1287,186.7402
2025-09-16 22:00:00,12.7323,12.5423,77.7867,78.674,79.5283,80.5643,82.3467,14.5237,14.453,14.3103,14.098,13.77,2.9555,183.4086,2.5963,189.1489,2.2533,194.5446,2.0665,191.6424,1.5482,190.9235
2025-09-16 22:30:00,12.7257,12.5707,82.4133,83.0833,83.63,84.4233,85.8133,14.6517,14.6357,14.5607,14.3997,14.159,3.2039,183.8824,2.8265,187.6635,2.5282,192.035,2.3398,190.5836,1.8683,191.0327
2025-09-16 23:00:00,12.72,12.888,84.9067,85.6,86.1333,86.83,87.9533,14.6037,14.5797,14.484,14.332,14.0993,3.2969,181.7838,2.9359,185.3241,2.5611,191.2538,2.3603,188.3468,1.8849,186.5594
2025-09-16 23:30:00,12.7117,12.8233,85.4967,86.1967,86.9033,87.7467,89.16,14.4603,14.4203,14.289,14.1067,13.8193,3.0722,185.4411,2.7621,189.2751,2.4507,194.5512,2.2734,191.6761,1.7551,190.8819
2025-09-17 00:00:00,12.7063,12.646,85.75,86.55,87.1933,88.0367,89.59,14.4033,14.3393,14.1917,13.9777,13.6273,2.423,191.9207,2.1273,198.9226,1.8799,202.5243,1.7165,201.4239,1.142,201.9622
2025-09-17 00:30:00,12.7,12.3853,86.92,87.71,88.43,89.3367,90.8767,14.2943,14.2103,14.0347,13.794,13.409,2.1982,188.699,1.9509,195.1843,1.7017,200.3166,1.5473,198.348,0.9467,197.7982
2025-09-17 01:00:00,12.6933,12.0733,87.39,88.24,89.1033,90.1033,91.74,14.1163,14.0067,13.7773,13.4923,13.057,2.0101,184.5631,1.6839,190.6081,1.4145,195.5909,1.2594,193.177,0.6305,191.6354
2025-09-17 01:30:00,12.689,11.7317,89.0367,89.9967,90.82,91.79,93.1967,13.8103,13.697,13.4763,13.1737,12.7587,1.7429,183.4403,1.4206,188.9926,1.1804,195.1849,1.0475,192.6235,0.3852,190.607
2025-09-17 02:00:00,12.6813,11.73,88.25,88.9933,89.6733,90.61,92.12,14.0503,14.022,13.9327,13.766,13.5333,2.2109,188.8961,1.928,194.4474,1.6758,198.2973,1.5279,197.9424,0.9687,198.3519
2025-09-17 02:30:00,12.677,12.023,87.1833,87.99,88.66,89.5467,90.8533,14.179,14.1077,13.924,13.6707,13.3063,1.8653,182.3794,1.6216,187.4741,1.3925,192.5074,1.252,189.5598,0.5701,187.2929
2025-09-17 03:00:00,12.67,11.7123,89.3367,90.2733,91.0967,92.09,93.53,13.669,13.5607,13.3287,13.0147,12.5833,1.722,184.4091,1.4236,189.6828,1.1695,195.8414,1.0068,193.0652,0.3635,195.7527
2025-09-17 03:30:00,12.6643,11.5337,89.5267,90.32,90.9633,91.81,93.2633,13.5353,13.481,13.3703,13.1473,12.832,2.0055,182.006,1.7553,186.8623,1.5401,192.7243,1.3916,189.8682,0.809,190.4426
2025-09-17 04:00:00,12.6597,11.723,89.9467,90.6067,91.09,91.7833,92.95,13.5053,13.5037,13.4487,13.3077,13.1273,2.4067,181.7007,2.1473,187.1264,1.8884,190.3203,1.749,188.3618,1.2135,187.186
2025-09-17 04:30:00,12.652,11.9433,90.5133,91.21,91.6167,92.2433,93.2433,13.3533,13.32,13.2437,13.0537,12.831,2.1858,179.7264,1.9369,184.6508,1.6945,188.5348,1.5445,186.5567,0.9166,186.1601
2025-09-17 05:00:00,12.649,11.794,91.8167,92.51,92.94,93.59,94.51,13.0453,12.994,12.899,12.697,12.4667,2.4088,175.7679,2.1371,181.5647,1.8836,187.1618,1.7355,184.1528,1.1793,183.012
2025-09-17 05:30:00,12.6443,11.6827,91.44,92.1067,92.6,93.32,94.2367,13.0663,13.0417,12.9743,12.777,12.602,2.3121,174.6602,2.0016,178.0138,1.7316,182.9272,1.5904,181.1631,1.0003,180.8129
2025-09-17 06:00:00,12.7133,11.8353,90.5533,91.2267,91.7,92.4067,93.41,13.339,13.3393,13.3133,13.159,13.0253,2.5691,167.1469,2.2479,168.2927,1.984,170.7419,1.8154,169.2862,1.2901,167.2198
2025-09-17 06:30:00,12.8807,12.1987,89.1833,89.86,90.32,91.0467,92.14,13.5363,13.5637,13.552,13.4383,13.318,2.381,179.4853,2.0737,183.598,1.8339,188.1472,1.6967,185.7513,1.1486,183.4936
2025-09-17 07:00:00,12.985,12.6083,88.1633,88.86,89.3133,89.9167,91.0033,13.6877,13.7123,13.701,13.634,13.521,2.5373,174.5254,2.2614,177.42,1.9972,180.683,1.8502,180.1186,1.3243,179.2294
2025-09-17 07:30:00,13.038,12.8753,88.5033,89.2333,89.73,90.43,91.4667,13.6953,13.72,13.7233,13.618,13.527,2.7015,169.9478,2.3877,172.6634,2.1074,176.3017,1.9343,174.5785,1.4284,173.7417
2025-09-17 08:00:00,13.2693,13.1733,88.0533,88.7,89.17,89.8333,90.9633,14.0063,14.0503,14.0537,13.9893,13.8973,2.9165,172.6612,2.6514,175.7,2.3326,178.3538,2.1455,174.6285,1.605,173.6872
2025-09-17 08:30:00,13.332,13.49,88.2633,88.8233,89.17,89.7167,90.82,14.1543,14.192,14.2197,14.167,14.0603,2.9894,161.8919,2.7244,163.7271,2.4509,166.8645,2.2817,162.9102,1.7799,161.0955
2025-09-17 09:00:00,13.855,13.843,89.3367,89.8567,90.2333,90.8567,91.8333,14.0793,14.1473,14.2157,14.199,14.164,3.5883,166.8932,3.2251,168.9586,2.8938,171.9214,2.6519,168.7375,2.1368,168.3897
2025-09-17 09:30:00,14.259,14.2767,88.9633,89.47,89.8633,90.48,91.62,14.3153,14.406,14.4933,14.474,14.461,3.4476,166.37,3.1297,167.8124,2.7758,170.5769,2.5706,168.3509,2.0735,167.2987
2025-09-17 10:00:00,14.273,14.847,87.91,88.4333,88.78,89.3533,90.4867,14.724,14.8323,14.9423,14.9393,14.9607,3.4834,169.7523,3.134,172.522,2.7534,176.4349,2.5412,173.3541,2.0765,172.8921
2025-09-17 10:30:00,14.2713,15.2023,88.1033,88.71,89.08,89.7533,90.9033,14.7507,14.8327,14.9263,14.8977,14.8997,3.1667,164.0549,2.8265,165.1418,2.5219,167.1381,2.3259,165.5825,1.8509,164.3662
2025-09-17 11:00:00,14.2603,15.509,86.5033,87.0067,87.2933,87.92,89.1367,15.0213,15.1037,15.1947,15.169,15.1627,3.1173,159.4449,2.8396,160.2811,2.5489,164.0143,2.3533,161.512,1.8524,161.8786
2025-09-17 11:30:00,14.1353,15.582,83.9067,84.5267,85.05,85.8067,87.21,15.1483,15.1963,15.2603,15.2113,15.1647,4.207,164.7752,3.8094,167.0363,3.3967,169.9948,3.146,166.9011,2.5569,165.5573
2025-09-17 12:00:00,13.873,15.475,88.13,88.7233,89.08,89.68,90.71,14.62,14.7073,14.7753,14.7443,14.7397,3.2,153.0699,2.9049,156.2776,2.5539,156.9263,2.3518,154.764,1.8694,154.7258
2025-09-17 12:30:00,13.855,15.7127,87.6033,88.0267,88.1333,88.6833,89.7867,15.025,15.1237,15.2457,15.2493,15.3327,2.8782,142.6478,2.646,144.1443,2.396,147.5638,2.229,146.036,1.8056,147.0208
2025-09-17 13:00:00,13.8443,16.134,84.9267,85.4667,85.52,86.0467,87.3667,15.4823,15.553,15.6537,15.6377,15.65,2.6852,151.0868,2.4093,152.8321,2.1641,154.9754,2.0201,152.6804,1.5721,149.9016
2025-09-17 13:30:00,13.83,16.6143,82.63,83.07,83.2033,83.6433,84.8633,15.939,15.997,16.1187,16.1233,16.137,3.3588,152.42,3.0415,153.5268,2.7279,155.7343,2.5467,152.0369,2.0789,151.7833
2025-09-17 14:00:00,13.8247,17.004,79.2193,79.7863,80.287,80.9163,82.3633,16.3837,16.4307,16.4817,16.43,16.354,4.0903,159.2854,3.7159,158.7148,3.3263,163.2508,3.0698,162.1595,2.5123,161.1751
2025-09-17 14:30:00,13.8407,16.8117,78.7387,79.462,80.0803,80.9013,82.53,16.334,16.3503,16.3677,16.2947,16.1443,4.0999,164.953,3.7166,166.303,3.3043,169.0558,3.0456,167.0785,2.4877,165.6779
2025-09-17 15:00:00,13.8647,16.2333,85.6833,86.3967,87.1333,88.1067,89.25,15.4697,15.4973,15.4833,15.369,15.2667,4.177,170.2041,3.7281,174.1633,3.2987,175.6498,3.0339,172.9626,2.4853,172.8645
2025-09-17 15:30:00,13.8743,15.587,89.0,89.6867,90.0967,90.95,91.81,15.0647,15.099,15.108,15.005,14.9657,2.6292,160.1726,2.3487,163.6169,2.1336,165.2398,1.992,162.8351,1.5763,163.7412
2025-09-17 16:00:00,13.893,15.161,89.0167,89.6467,89.99,90.8233,91.8,15.0527,15.0733,15.097,14.9813,14.9,2.4267,152.5989,2.1874,151.8614,1.9883,154.6626,1.8507,151.8724,1.4142,151.0747
2025-09-17 16:30:00,13.8967,14.9373,87.5533,88.2267,88.4833,89.4867,90.4733,15.3377,15.353,15.3707,15.25,15.1783,2.4435,150.8838,2.2353,152.6055,2.029,153.3552,1.8853,150.4367,1.433,149.8256
2025-09-17 17:00:00,13.1143,14.865,83.9133,84.8933,85.19,86.94,88.1967,15.8897,15.8563,15.8643,15.6477,15.531,2.6667,155.2313,2.3949,158.0868,2.1708,158.1693,2.0046,154.5947,1.5493,155.9183
2025-09-17 17:30:00,12.9353,14.9463,80.346,81.3267,81.8633,83.86,84.9567,16.4933,16.4553,16.4203,16.1557,16.0343,3.3769,161.6865,2.9873,161.7273,2.6351,165.3742,2.4106,163.6386,1.9295,162.7125
2025-09-17 18:00:00,12.872,15.1553,78.846,79.681,80.563,82.53,83.8067,16.9273,16.8867,16.8157,16.539,16.3683,3.9161,167.597,3.5101,170.1019,3.043,173.2902,2.7758,171.3889,2.264,170.6445
2025-09-17 18:30:00,12.8523,15.3033,81.427,82.4,83.2767,84.8133,86.36,16.832,16.7743,16.7067,16.5047,16.2903,3.3324,177.5047,2.9733,181.1371,2.6338,185.7245,2.4274,183.4126,1.955,182.6659
2025-09-17 19:00:00,12.836,15.3127,90.0767,90.81,91.2033,91.9233,92.7533,16.126,16.113,16.087,15.972,15.8473,3.0528,180.0327,2.732,184.1366,2.4448,189.1702,2.2764,185.593,1.8411,185.2814
2025-09-17 19:30:00,12.821,15.3307,91.2233,91.8467,92.2433,93.0833,94.02,16.2127,16.2073,16.2,16.0547,15.942,3.2416,183.3201,2.9004,189.0283,2.5763,194.4222,2.3884,190.518,1.9615,189.2066
2025-09-17 20:00:00,12.8043,15.433,87.3567,88.0133,88.6,89.5167,91.1133,16.8113,16.7993,16.7637,16.6177,16.4187,4.5076,186.5269,4.0365,190.8086,3.6177,195.6423,3.3673,191.362,2.803,190.7927
2025-09-17 20:30:00,12.79,15.584,88.8067,89.3133,89.59,90.2333,91.7133,16.723,16.7203,16.7053,16.606,16.4007,4.2388,183.1231,3.8157,189.1753,3.4296,193.1446,3.1839,189.584,2.6419,188.5385
2025-09-17 21:00:00,12.776,15.7267,89.3967,89.9,90.1533,90.7367,92.0533,16.7007,16.6963,16.6943,16.6057,16.4013,4.29,186.7655,3.8272,192.248,3.4537,195.4635,3.2081,192.6943,2.673,192.779
2025-09-17 21:30:00,12.7633,15.824,89.6267,90.1,90.3833,91.0067,92.2533,16.7113,16.7213,16.709,16.6137,16.426,3.5541,184.6697,3.1787,188.6076,2.859,192.6006,2.6495,189.9157,2.19,190.3141
2025-09-17 22:00:00,12.7487,15.8857,88.8667,89.48,89.8633,90.58,91.88,16.875,16.8703,16.851,16.7407,16.561,3.4564,186.1533,3.0698,190.681,2.749,196.0057,2.5493,192.5357,2.1,193.2678
2025-09-17 22:30:00,12.7353,15.9533,87.4033,88.0167,88.5133,89.32,90.8967,17.2023,17.1883,17.153,17.0347,16.823,3.9805,188.1614,3.5398,193.4462,3.1889,197.3816,2.9875,195.337,2.474,194.2284
2025-09-17 23:00:00,12.7243,16.0723,85.3433,86.0667,86.59,87.44,89.2733,17.585,17.5627,17.5193,17.3933,17.1457,3.7471,192.0147,3.3122,196.5745,2.9376,201.437,2.729,199.7285,2.2551,197.6679
2025-09-17 23:30:00,12.7123,16.2557,86.35,86.95,87.3967,88.15,89.6667,17.6493,17.6393,17.6093,17.4843,17.257,4.243,194.4507,3.8211,198.1321,3.4544,202.2077,3.2205,199.859,2.6621,199.122
2025-09-18 00:00:00,12.702,16.3933,86.5933,87.3367,87.8267,88.6533,90.0467,17.704,17.6833,17.6497,17.522,17.315,3.9335,196.5609,3.4657,200.6208,3.1101,205.5464,2.894,202.2002,2.4084,201.3876
2025-09-18 00:30:00,12.6937,16.5023,84.5067,85.22,85.75,86.5633,88.0933,18.0087,17.978,17.9397,17.7973,17.58,4.2684,191.0733,3.8028,196.265,3.3788,200.979,3.1397,197.29,2.6273,197.6481
2025-09-18 01:00:00,12.684,16.661,83.3233,84.04,84.5767,85.33,86.85,18.1933,18.1613,18.1163,17.992,17.7573,3.7865,194.1053,3.3553,199.0407,3.0001,204.6028,2.7937,202.419,2.3204,200.0329
2025-09-18 01:30:00,12.678,16.874,82.61,83.2933,83.8167,84.56,85.9667,18.3997,18.3647,18.312,18.178,17.9733,4.1302,191.6699,3.6482,194.7804,3.2451,197.0208,2.9964,194.8626,2.4994,194.6732
2025-09-18 02:00:00,12.67,17.1353,82.08,82.65,83.0667,83.7233,85.04,18.519,18.4947,18.4873,18.3317,18.1457,5.1322,194.0004,4.6086,198.8102,4.1341,203.334,3.8309,200.9084,3.1937,199.7522
2025-09-18 02:30:00,12.667,17.372,81.4033,81.9267,82.25,82.87,84.17,18.546,18.5233,18.5233,18.3813,18.1997,5.5076,193.3135,4.9647,196.7962,4.4407,202.5083,4.138,198.9719,3.4738,198.3094
2025-09-18 03:00:00,12.66,17.5423,82.1867,82.6967,82.9833,83.52,84.6633,18.4543,18.441,18.4263,18.3017,18.1143,4.8416,193.7064,4.3418,197.7033,3.9102,202.3608,3.6269,200.22,3.0291,200.5916
2025-09-18 03:30:00,12.659,17.6147,84.1467,84.68,84.9367,85.45,86.46,18.3587,18.3467,18.3307,18.218,18.0353,4.4366,194.6501,3.9688,200.5498,3.5319,204.2587,3.2695,202.511,2.7257,201.4712
2025-09-18 04:00:00,12.6513,17.642,85.3467,85.86,86.08,86.5333,87.4633,18.327,18.315,18.3113,18.2123,18.0407,4.3462,200.7561,3.847,205.2424,3.4535,209.6839,3.2377,207.5339,2.7279,206.1701
2025-09-18 04:30:00,12.65,17.6693,85.7333,86.2567,86.4967,86.97,87.96,18.3307,18.3193,18.3117,18.2077,18.0387,4.3856,199.1239,3.8821,205.1183,3.4618,208.7763,3.2142,206.8332,2.6852,206.4515
2025-09-18 05:00:00,12.6477,17.5987,88.6267,89.15,89.4167,89.9133,90.7933,18.0457,18.0453,18.0347,17.938,17.7787,4.2199,192.1637,3.7403,198.6271,3.3381,203.1718,3.1012,199.6458,2.5639,197.8074
2025-09-18 05:30:00,12.64,17.391,91.5167,92.09,92.43,93.0267,93.9333,17.7553,17.757,17.751,17.6557,17.4897,3.4696,192.2961,3.0918,197.0386,2.7673,200.9309,2.5715,198.6619,2.119,195.5022
2025-09-18 06:00:00,12.641,17.2267,91.7133,92.2567,92.5533,93.1533,94.1167,17.745,17.7463,17.748,17.65,17.4823,3.1732,191.4756,2.8204,196.1254,2.541,200.5784,2.3694,197.6219,1.9489,196.7406
2025-09-18 06:30:00,12.6517,17.1597,89.58,90.2033,90.4967,91.3567,92.5567,17.9447,17.9347,17.945,17.803,17.631,3.4163,190.2735,3.0661,195.4705,2.7542,199.6527,2.5591,197.3776,2.1181,197.4409
2025-09-18 07:00:00,12.6827,17.177,87.7,88.2967,88.65,89.65,90.9533,18.1303,18.137,18.1253,17.9763,17.778,3.5239,189.6966,3.0957,193.3945,2.7584,196.3037,2.5576,193.6434,2.0783,192.7301
2025-09-18 07:30:00,12.7777,17.3193,86.5133,87.1767,87.51,88.29,89.6267,18.275,18.2663,18.2783,18.1483,17.9877,4.1326,194.8144,3.6611,198.9222,3.2619,203.8111,3.0336,200.9442,2.5284,200.4314
2025-09-18 08:00:00,13.0347,17.6127,85.5833,86.17,86.5133,87.1867,88.2867,18.377,18.3813,18.382,18.285,18.1653,3.614,191.2361,3.1998,195.4613,2.8481,200.7661,2.6266,199.5751,2.1682,198.6886
2025-09-18 08:30:00,13.0497,17.8433,87.62,88.2333,88.5133,89.0667,90.0333,18.178,18.1693,18.196,18.1087,17.9797,3.9795,192.7606,3.5119,197.0848,3.1338,202.526,2.9282,200.2985,2.4613,199.4814
2025-09-18 09:00:00,13.1283,17.8103,89.6667,90.2533,90.6833,91.3367,92.3233,17.9707,17.9883,18.0047,17.9087,17.7773,4.0779,185.0241,3.6643,188.9243,3.2458,193.9622,2.9973,190.7266,2.4613,191.3246
2025-09-18 09:30:00,13.1383,17.795,92.4867,92.9567,93.17,93.6067,94.3233,17.762,17.7827,17.8267,17.769,17.678,3.2562,184.9213,2.9603,190.5018,2.6909,195.3021,2.492,193.2874,2.029,191.5898
2025-09-18 10:00:00,13.3417,18.0507,91.3767,91.8333,92.0667,92.58,93.5033,17.9633,18.0013,18.0663,18.0323,17.9697,3.7384,180.4982,3.378,185.2228,2.9992,190.3907,2.7629,187.3752,2.2266,188.8585
2025-09-18 10:30:00,13.3783,18.4427,89.31,89.7867,89.96,90.5267,91.3633,18.2623,18.3023,18.3833,18.3243,18.2933,4.2295,174.8453,3.8196,177.8818,3.3819,182.0964,3.1088,178.4252,2.5576,178.4549
2025-09-18 11:00:00,13.4383,18.8897,88.5033,89.0067,89.24,89.7,90.62,18.5297,18.5627,18.6153,18.5593,18.5163,3.9072,184.7267,3.5559,191.6842,3.16,195.9286,2.9337,193.3963,2.4402,192.827
2025-09-18 11:30:00,13.8583,19.1447,88.5933,89.1433,89.4633,90.01,90.9767,18.6623,18.6947,18.7497,18.6957,18.6643,4.0992,187.9291,3.665,193.1867,3.2745,199.3293,3.0258,197.6436,2.5312,198.1162
2025-09-18 12:00:00,13.638,19.466,85.0867,85.59,85.93,86.3733,87.3767,19.087,19.109,19.1423,19.0877,19.034,4.2867,196.961,3.7804,201.8958,3.3991,207.4384,3.18,205.239,2.6504,205.8369
2025-09-18 12:30:00,14.1333,19.7093,83.5533,84.1167,84.42,84.93,86.0567,19.3813,19.392,19.4393,19.3773,19.2897,3.819,186.8445,3.4254,189.4749,3.048,195.2011,2.8307,192.6599,2.3688,191.983
2025-09-18 13:00:00,14.116,20.0727,82.1967,82.7933,83.22,83.7967,85.0067,19.6633,19.6753,19.7133,19.6667,19.5617,4.025,178.3434,3.6103,181.4274,3.2035,185.7041,2.9703,182.4451,2.455,182.5145
2025-09-18 13:30:00,14.1127,20.479,81.4667,82.0233,82.2967,82.7567,84.03,19.9187,19.9643,20.0583,20.0657,20.0017,4.5311,171.4255,4.0912,174.0066,3.628,177.6698,3.3416,176.2689,2.7516,175.4329
2025-09-18 14:00:00,14.0653,21.3963,79.663,80.2593,80.5917,80.999,82.2033,20.3177,20.3597,20.4473,20.4833,20.396,4.9904,172.4928,4.4435,176.0391,3.9207,180.1566,3.5968,177.3755,2.9557,176.2508
2025-09-18 14:30:00,13.725,21.541,79.19,79.8747,80.337,80.9167,82.2167,20.3173,20.316,20.314,20.269,20.1357,4.3667,174.4165,3.9426,178.1104,3.4444,183.7675,3.1547,181.6764,2.5683,180.971
2025-09-18 15:00:00,13.7077,21.298,78.5217,79.1627,79.6057,80.1957,81.4967,20.3257,20.3087,20.3087,20.248,20.0767,4.3233,179.0308,3.9141,182.1602,3.4908,185.8201,3.2172,182.6597,2.6453,181.337
2025-09-18 15:30:00,13.1717,21.057,77.6043,78.2477,78.6723,79.3043,80.6063,20.342,20.3417,20.315,20.239,20.0703,3.9455,185.8675,3.5406,191.8348,3.151,198.7412,2.9169,195.5085,2.4119,196.0988
2025-09-18 16:00:00,12.9503,20.8403,77.6143,78.2363,78.6973,79.297,80.6417,20.3367,20.325,20.2937,20.2217,20.0387,3.2767,184.0989,2.9441,187.647,2.6355,193.2371,2.4213,191.313,1.9323,190.9539
2025-09-18 16:30:00,12.8617,20.691,77.4507,78.0307,78.4903,79.1723,80.5127,20.3417,20.3333,20.2923,20.2097,20.0127,3.4714,186.2328,3.1249,190.8433,2.7764,196.6045,2.5591,192.51,2.0671,192.6448
2025-09-18 17:00:00,12.7707,20.4817,77.9637,78.6203,79.0517,79.6947,81.0083,20.2457,20.2047,20.185,20.076,19.8797,3.1698,189.8852,2.8331,194.0333,2.5053,199.9174,2.3074,196.9764,1.8692,195.6985
2025-09-18 17:30:00,12.717,20.23,78.8023,79.42,79.8597,80.4573,81.7133,20.142,20.1043,20.0763,19.9713,19.7537,3.1676,188.4818,2.8089,193.3813,2.4844,198.0116,2.3032,195.2613,1.8613,195.4506
2025-09-18 18:00:00,12.667,19.9557,79.777,80.4343,80.8523,81.4267,82.6867,19.9827,19.9453,19.9013,19.7867,19.571,2.5822,185.723,2.2869,190.4599,2.0406,196.1056,1.8905,194.8511,1.4539,193.807
2025-09-18 18:30:00,12.627,19.693,81.0367,81.5767,81.96,82.5733,83.76,19.7863,19.7643,19.7243,19.6043,19.394,3.0177,187.6675,2.7229,193.1721,2.4117,196.9505,2.2211,194.5002,1.7751,194.1077
2025-09-18 19:00:00,12.593,19.4873,80.3657,80.88,81.2,81.7333,82.7833,19.5607,19.5457,19.532,19.4077,19.2213,4.5337,194.0159,4.0404,197.5683,3.5722,203.1119,3.312,200.4213,2.7494,199.7059
2025-09-18 19:30:00,12.566,19.2607,79.6757,80.2457,80.59,81.1667,82.24,19.282,19.253,19.23,19.111,18.9233,3.8682,195.9614,3.4722,201.3348,3.0748,206.0148,2.8352,203.6097,2.3596,201.7953
2025-09-18 20:00:00,12.5473,19.036,79.937,80.546,80.86,81.4067,82.5467,19.0777,19.0437,19.0423,18.9047,18.725,3.1837,194.7179,2.8287,198.504,2.5179,203.2214,2.3287,200.3895,1.884,199.8027
2025-09-18 20:30:00,12.5353,18.8523,79.7237,80.2773,80.6233,81.2267,82.42,19.0327,19.0033,18.9787,18.8393,18.6417,3.1277,190.3103,2.7756,194.4761,2.4994,199.2778,2.3196,197.6466,1.8685,197.325
2025-09-18 21:00:00,12.5263,18.7147,79.547,80.1273,80.5543,81.1633,82.36,19.0017,18.9723,18.938,18.8013,18.6067,2.832,191.9141,2.5121,195.46,2.2065,200.0609,2.0188,197.9039,1.5708,197.8007
2025-09-18 21:30:00,12.5167,18.5877,80.9067,81.49,81.87,82.4733,83.6233,18.865,18.8273,18.8097,18.6697,18.4877,2.5406,186.4481,2.2673,191.0673,1.9898,196.0907,1.8158,193.5278,1.3443,192.3264
2025-09-18 22:00:00,12.507,18.3283,83.09,83.79,84.3533,85.11,86.4367,18.6103,18.5507,18.4887,18.31,18.072,2.0319,184.6706,1.7838,189.1286,1.5427,193.4321,1.3955,191.9656,0.7938,190.3058
2025-09-18 22:30:00,12.496,18.1697,84.0,84.6233,84.9967,85.5933,86.6533,18.607,18.566,18.547,18.4097,18.2387,2.6543,172.9205,2.3241,176.5053,2.0406,180.1517,1.8738,177.6006,1.3578,176.689
2025-09-18 23:00:00,12.4863,18.159,81.4933,82.05,82.5033,83.15,84.2867,18.694,18.66,18.614,18.482,18.2917,3.1628,176.5299,2.8688,180.6367,2.514,185.4064,2.3015,182.8609,1.7958,182.683
2025-09-18 23:30:00,12.4777,18.1243,81.0167,81.65,82.1067,82.7567,83.9933,18.526,18.4903,18.4543,18.3073,18.1047,2.7653,181.9335,2.4755,186.4151,2.1734,192.0088,1.9833,188.9248,1.4702,187.2047
2025-09-19 00:00:00,12.4673,17.7593,82.6167,83.5233,84.2567,85.1833,86.72,18.0567,17.946,17.8027,17.589,17.2333,2.4596,178.7943,2.1418,182.4881,1.8494,187.0881,1.6725,185.62,1.0767,184.7594
2025-09-19 00:30:00,12.457,16.7473,84.83,85.94,87.0733,88.2367,89.7833,17.3823,17.2063,16.9437,16.635,16.215,1.7821,170.6111,1.4968,174.8088,1.22,178.8885,1.0826,176.3976,0.4173,174.169
2025-09-19 01:00:00,12.447,15.702,85.8433,87.0067,88.3,89.6933,91.32,16.9213,16.7403,16.4437,16.064,15.615,1.94,169.0335,1.6042,171.2355,1.3134,175.1666,1.1446,174.5788,0.5164,171.5175
2025-09-19 01:30:00,12.4377,15.0043,85.64,86.69,87.8367,89.16,90.7567,16.728,16.567,16.2977,15.9587,15.5433,1.7993,166.9736,1.5384,171.8131,1.3064,176.0345,1.137,175.9676,0.4889,174.6127
2025-09-19 02:00:00,12.427,14.5163,85.6,86.74,87.87,89.08,90.82,16.4597,16.2787,16.014,15.6823,15.199,1.6479,172.9097,1.3258,177.0459,1.0834,179.0876,0.9358,178.389,0.3454,173.3681
2025-09-19 02:30:00,12.4183,14.0323,85.8767,87.1167,88.34,89.6167,91.7767,16.197,15.9823,15.6733,15.318,14.731,1.4931,176.6698,1.1732,182.5379,0.9351,188.7998,0.7884,187.2721,0.2245,188.6528
2025-09-19 03:00:00,12.408,13.645,85.95,87.1,88.27,89.5267,91.4,16.0203,15.8313,15.544,15.191,14.6797,1.4761,169.0638,1.1636,174.1329,0.9484,178.1456,0.8258,176.9419,0.2461,175.2159
2025-09-19 03:30:00,12.3987,13.3623,86.7433,87.78,88.74,89.9233,91.59,15.8803,15.717,15.4817,15.149,14.6403,1.2592,165.3773,1.0201,169.4599,0.8398,173.6115,0.7056,172.0667,0.2036,169.9894
2025-09-19 04:00:00,12.3893,13.0227,88.14,89.2733,90.32,91.4933,93.2367,15.621,15.4257,15.1217,14.7327,14.0817,0.7498,131.408,0.5758,129.4063,0.4207,126.2965,0.2777,124.2555,0.0518,121.4815
2025-09-19 04:30:00,12.3793,12.5317,90.5933,92.43,93.7067,94.5267,95.6833,15.1853,14.803,14.237,13.7477,12.9713,0.7875,95.1742,0.7119,80.6454,0.5693,75.7925,0.4223,75.2061,0.0971,64.3357
2025-09-19 05:00:00,12.37,12.01,93.5833,94.88,96.45,97.69,98.7533,14.518,14.3613,13.925,13.412,12.458,0.9454,89.8385,0.8493,76.0594,0.7853,69.4142,0.7065,66.76,0.1879,59.7395
2025-09-19 05:30:00,12.362,11.8167,94.57,95.36,95.85,96.67,98.38,14.2777,14.204,14.0507,13.7787,13.1097,0.9123,98.5495,0.7572,87.3659,0.6568,80.9487,0.5767,77.5994,0.1357,70.9014
2025-09-19 06:00:00,12.3857,11.7533,95.4267,96.24,96.6,97.1933,98.47,14.215,14.15,13.9913,13.7533,13.1463,0.7988,90.2731,0.6625,81.4314,0.6133,76.4249,0.5279,74.1611,0.1265,67.1692
2025-09-19 06:30:00,12.532,12.208,94.3733,94.7033,94.8333,95.49,96.7933,14.6247,14.6493,14.6113,14.4553,14.2403,0.7823,114.952,0.6649,110.4367,0.5762,106.6204,0.5011,102.3762,0.1577,96.3305
2025-09-19 07:00:00,12.8067,13.7523,92.2633,92.5633,92.47,92.88,93.64,15.3897,15.448,15.5263,15.464,15.464,1.1122,112.1539,0.9846,111.8973,0.8957,110.4816,0.7949,108.8604,0.3879,107.642
2025-09-19 07:30:00,12.9917,15.3097,91.8067,92.1467,92.1533,92.5267,93.3033,15.82,15.8803,15.9807,15.95,15.9953,1.5048,111.553,1.3648,111.4309,1.2235,112.227,1.1253,109.8029,0.6603,106.6126
2025-09-19 08:00:00,13.1773,16.5827,89.9,90.2933,90.41,90.8867,91.7567,16.4503,16.5507,16.6937,16.6893,16.8013,1.7951,111.0924,1.6072,112.3669,1.4589,115.8747,1.3474,113.3707,0.8587,109.9816
2025-09-19 08:30:00,13.3747,18.0177,86.63,86.9933,87.1833,87.76,88.73,17.2183,17.3177,17.4807,17.522,17.6733,2.4446,107.6815,2.2455,108.6439,1.9829,109.8527,1.8189,106.7697,1.3452,106.0909
2025-09-19 09:00:00,13.9213,19.9773,82.3967,82.6353,82.661,83.1957,83.8873,18.37,18.5277,18.7583,18.8217,19.1357,2.6963,113.0433,2.4674,113.7225,2.2263,117.2807,2.0685,113.1153,1.6257,111.443
2025-09-19 09:30:00,13.9233,23.037,76.0093,76.2783,76.2383,76.7317,77.7357,19.6583,19.7987,20.0443,20.1303,20.3897,2.5879,125.6497,2.3736,125.8243,2.1255,130.1177,1.975,127.8757,1.6205,127.3934
2025-09-19 10:00:00,13.915,25.6763,72.016,72.429,72.4533,73.08,74.141,20.547,20.7067,20.974,21.0753,21.3457,2.7621,118.6019,2.526,119.7101,2.2555,125.103,2.0994,121.3204,1.6906,118.4648
2025-09-19 10:30:00,13.9363,27.586,70.2537,70.6893,70.859,71.5447,72.5237,21.0537,21.1993,21.4547,21.5343,21.8657,3.3388,113.2159,3.0367,115.0247,2.6952,117.1865,2.4953,111.613,2.006,110.1655
2025-09-19 11:00:00,13.9323,28.1717,68.1903,68.6103,68.899,69.679,70.696,21.6257,21.754,22.0237,22.127,22.4633,3.3085,112.2335,3.0676,112.8142,2.744,115.0137,2.5206,111.9525,2.0595,110.9645
2025-09-19 11:30:00,13.7093,28.258,67.1317,67.5627,67.873,68.6387,69.7463,22.141,22.2517,22.503,22.5957,22.925,3.6828,100.8249,3.3758,100.7822,3.0269,102.3836,2.7847,99.0576,2.2503,97.6168
2025-09-19 12:00:00,13.528,28.065,66.5803,67.138,67.4713,68.287,69.5487,22.535,22.6517,22.869,22.9377,23.1787,3.533,111.9254,3.2351,110.7471,2.893,114.7518,2.6747,111.7441,2.1547,109.1813
2025-09-19 12:30:00,13.5123,28.1573,65.5637,66.0927,66.5487,67.4743,68.9833,22.886,22.9743,23.15,23.2023,23.3763,3.7848,109.6982,3.4226,109.3695,3.0731,112.8366,2.8488,109.252,2.2984,107.0759
2025-09-19 13:00:00,13.493,28.8047,63.5293,64.001,64.5653,65.551,67.163,23.483,23.5863,23.7673,23.8307,24.0023,3.8867,112.0405,3.5006,111.5727,3.1253,115.5853,2.8893,111.6305,2.3374,110.2967
2025-09-19 13:30:00,13.4977,29.8447,61.4933,61.9977,62.6007,63.5443,65.1057,23.9017,23.9743,24.1457,24.18,24.3567,3.5086,109.3848,3.2362,108.8654,2.8736,110.9048,2.6449,107.5491,2.1253,105.9726
2025-09-19 14:00:00,13.4967,30.6,58.4537,59.2067,60.1397,61.293,62.9537,24.4823,24.4957,24.583,24.576,24.7657,3.0332,114.5667,2.7769,114.0969,2.4685,116.8587,2.2801,113.4796,1.8415,111.5883
2025-09-19 14:30:00,13.499,31.0163,53.2167,53.9247,54.8007,56.087,58.185,24.9113,24.902,24.93,24.831,24.8217,2.9513,121.2953,2.7168,122.5294,2.421,125.5973,2.2538,121.9789,1.8104,120.5801
2025-09-19 15:00:00,13.498,30.921,54.026,54.5247,55.4393,56.788,59.8833,24.8783,24.949,24.9997,24.8937,24.6327,2.3169,120.6042,2.1033,121.5629,1.8515,124.5339,1.6886,120.1944,1.3093,117.3967
2025-09-19 15:30:00,13.497,30.9153,54.3073,54.949,56.0047,57.3997,60.7383,25.1003,25.1103,25.173,25.08,24.814,2.1969,110.7622,2.0068,111.8789,1.7954,113.9609,1.6717,111.0528,1.2877,109.1873
2025-09-19 16:00:00,13.506,30.6363,55.7573,56.7547,58.1207,59.6723,62.8847,25.1073,25.0367,25.0,24.8473,24.5667,1.9713,83.8383,1.813,81.6387,1.6238,83.1559,1.4896,79.8305,1.0976,78.3608
2025-09-19 16:30:00,13.5287,29.7657,57.394,58.821,60.3877,62.4213,66.4617,24.9027,24.7563,24.6503,24.4393,24.0173,1.3583,83.9529,1.1932,85.7811,1.0196,87.8587,0.9027,83.8227,0.3922,80.3074
2025-09-19 17:00:00,13.404,28.532,59.0613,61.0433,63.7213,66.6667,71.8377,24.629,24.367,24.057,23.6757,23.009,1.2396,77.3132,1.0436,78.1087,0.8746,80.4379,0.747,79.1988,0.1681,77.9872
2025-09-19 17:30:00,12.9687,26.4527,62.5113,65.9303,71.3843,76.1943,81.1727,23.9643,23.4243,22.533,21.629,20.5623,0.9519,42.0828,0.8173,46.9075,0.7306,56.394,0.5686,56.2094,0.0854,42.6837
2025-09-19 18:00:00,12.8837,23.5643,67.6203,77.0307,84.8193,88.8867,93.18,22.8593,21.2933,19.9227,18.8947,17.3967,1.1063,51.9451,0.9332,66.8284,0.8463,83.5501,0.6788,85.8413,0.1324,88.3742
2025-09-19 18:30:00,12.838,20.3743,70.8083,80.1733,89.5,92.8733,96.04,21.8803,20.1923,18.402,17.555,16.1773,1.0778,43.0377,0.6993,61.1053,0.4963,96.613,0.2914,110.5251,0.0279,118.4016
2025-09-19 19:00:00,12.8043,17.9273,70.586,75.2013,83.5393,89.0033,95.3667,21.5207,20.655,19.1,17.76,16.0537,1.3746,54.3547,1.1372,56.0012,0.9944,69.2176,0.8611,73.3688,0.179,72.3126
2025-09-19 19:30:00,12.774,16.419,71.764,77.7123,84.8767,90.19,95.1533,20.8087,19.7933,18.6367,17.707,15.9867,0.9425,73.3825,0.6766,78.7397,0.5,101.6627,0.3493,117.7415,0.0492,111.6697
2025-09-19 20:00:00,12.747,15.3057,71.012,74.863,79.8763,83.58,90.5233,20.514,19.7867,18.832,18.0533,16.4737,1.122,76.0251,0.9086,78.6918,0.7557,87.5686,0.6359,90.5926,0.1272,88.7268
2025-09-19 20:30:00,12.722,14.6357,73.479,76.912,82.067,85.983,91.0033,19.8267,19.2217,18.2233,17.3553,15.748,0.9321,86.5609,0.7102,79.9976,0.5677,83.0602,0.446,86.4054,0.0773,83.2216
2025-09-19 21:00:00,12.7,13.9433,75.1627,78.0327,82.051,85.4767,92.1567,19.3883,18.825,18.028,17.2843,15.7187,0.857,84.7944,0.6196,80.4123,0.517,80.6575,0.4059,83.9345,0.0791,77.5725
2025-09-19 21:30:00,12.6767,13.649,74.4847,76.434,79.7137,82.3983,88.0967,19.3997,19.006,18.2693,17.6213,16.1107,1.1,66.5504,1.0233,61.2262,0.9216,67.4046,0.8668,67.372,0.3127,68.5643
2025-09-19 22:00:00,12.6543,13.575,74.944,78.291,82.1907,85.14,90.8867,19.1033,18.4913,17.723,17.12,15.6087,1.0327,63.2968,0.8657,62.5778,0.8141,71.5098,0.789,74.7497,0.255,73.3539
2025-09-19 22:30:00,12.634,13.4217,77.777,80.8223,84.0,86.5533,92.0267,18.3393,17.8033,17.2213,16.727,15.5133,0.8417,72.4973,0.7404,74.2661,0.6579,80.8229,0.605,83.3012,0.1503,84.1901
2025-09-19 23:00:00,12.613,13.313,77.5117,79.2527,80.972,82.61,86.2867,18.1237,17.8303,17.4807,17.0993,16.1997,0.8994,79.2657,0.7226,78.3661,0.5937,79.5802,0.4985,80.8042,0.1002,80.0409
2025-09-19 23:30:00,12.5947,13.2637,78.1103,79.296,80.7737,82.53,86.5767,17.8513,17.6563,17.337,16.8947,15.8257,1.0166,72.921,0.8452,67.8794,0.7407,65.7978,0.6581,64.0015,0.1546,64.3092
2025-09-20 00:00:00,12.5743,13.2047,77.7637,79.3527,81.29,83.1167,86.91,17.7277,17.4603,17.0247,16.554,15.5563,0.8983,71.7929,0.7524,68.1224,0.637,72.0599,0.541,74.404,0.1233,74.4872
2025-09-20 00:30:00,12.5553,13.096,79.5087,80.87,82.1233,83.4033,86.6667,17.2487,17.0587,16.792,16.472,15.6323,0.836,83.6274,0.6812,82.6673,0.5926,84.618,0.5194,84.2292,0.1115,81.878
2025-09-20 01:00:00,12.5363,13.1773,79.7457,80.7223,81.6033,82.82,86.2267,17.1237,17.019,16.8427,16.549,15.7647,0.7254,84.9608,0.6512,86.4514,0.5704,90.0241,0.4841,90.5947,0.1054,86.208
2025-09-20 01:30:00,12.519,13.2713,80.57,81.9533,82.9933,84.13,87.5767,16.9503,16.779,16.5847,16.2897,15.4197,0.8313,92.9833,0.6975,91.9157,0.6111,93.3235,0.5255,90.8765,0.1304,85.6131
2025-09-20 02:00:00,12.5013,13.2227,81.5167,82.9167,84.61,86.4567,90.5067,16.7337,16.5303,16.135,15.6513,14.649,0.7779,81.3133,0.6642,76.5816,0.5612,75.4571,0.4996,72.0469,0.2152,68.6998
2025-09-20 02:30:00,12.484,13.0273,83.25,84.8533,87.1567,89.54,93.3233,16.373,16.1253,15.6387,15.013,14.0083,0.9852,74.4293,0.8702,69.1886,0.7812,71.7424,0.6753,69.3578,0.2437,60.8245
2025-09-20 03:00:00,12.467,13.0053,84.0667,85.3267,86.4367,87.7567,90.9933,16.2217,16.0527,15.871,15.5897,14.9953,1.0503,100.0741,0.8413,94.1432,0.6694,89.9811,0.5277,86.4784,0.135,74.6953
2025-09-20 03:30:00,12.453,13.354,83.5233,84.5067,85.4667,86.7733,89.65,16.4043,16.3133,16.1793,15.9393,15.4677,1.0423,72.1996,0.924,68.9362,0.8053,68.8253,0.706,65.9844,0.2899,56.4284
2025-09-20 04:00:00,12.4383,13.7897,84.2333,85.2533,86.22,87.4033,89.9,16.4363,16.3537,16.2543,16.0493,15.7183,1.272,101.8808,1.1126,100.2459,0.9687,99.4147,0.8576,95.4002,0.4268,91.8491
2025-09-20 04:30:00,12.427,14.254,84.59,85.4833,86.28,87.3433,89.76,16.637,16.5763,16.4797,16.2883,15.9373,1.0081,81.7839,0.8877,75.6011,0.7725,75.2656,0.6812,73.5442,0.2742,69.1662
2025-09-20 05:00:00,12.4157,14.5333,83.9467,85.0167,86.18,87.4767,90.0833,16.8807,16.7733,16.605,16.357,15.9043,1.3173,49.2034,1.2004,43.974,1.0442,44.1627,0.9388,43.638,0.4811,40.4771
2025-09-20 05:30:00,12.4057,14.6817,84.25,85.1667,86.07,87.1,89.42,16.8817,16.804,16.674,16.481,16.1267,1.5891,89.5619,1.3509,89.3667,1.1573,89.4435,1.0656,87.5233,0.5878,84.922
2025-09-20 06:00:00,12.4023,14.9217,85.15,86.0133,86.7033,87.6333,89.5367,16.806,16.7553,16.6953,16.535,16.286,1.2964,89.6108,1.1361,87.1436,0.9909,88.3751,0.8842,86.2309,0.4188,82.8843
2025-09-20 06:30:00,12.4193,15.243,86.0833,86.79,87.42,88.28,90.02,16.7793,16.7613,16.721,16.5893,16.3883,0.9319,98.2894,0.8617,93.0329,0.7655,92.7308,0.6856,90.3997,0.2298,86.414
2025-09-20 07:00:00,12.5137,15.6153,86.2967,87.07,87.71,88.6,90.3867,17.0153,17.0093,17.003,16.8973,16.7423,1.2448,99.5697,1.1281,99.1991,0.9994,97.4064,0.9097,94.5721,0.4053,91.2607
2025-09-20 07:30:00,12.704,16.2273,84.9867,85.7333,86.2033,86.9967,88.64,17.589,17.5857,17.5957,17.519,17.378,1.5183,94.5518,1.3502,90.8605,1.225,92.9509,1.1307,89.1072,0.6403,86.6449
2025-09-20 08:00:00,12.9307,17.0877,83.0133,83.6633,84.1267,84.9267,86.53,18.3707,18.3853,18.4383,18.3717,18.3117,1.4741,108.4463,1.3282,106.1704,1.1969,106.9157,1.1017,103.6743,0.5969,100.8651
2025-09-20 08:30:00,13.0977,18.2243,78.944,79.5833,80.011,80.82,82.5193,19.5013,19.5273,19.6017,19.552,19.5197,1.1978,132.1556,1.0458,132.1534,0.9201,132.8407,0.8239,130.9554,0.3961,130.2292
2025-09-20 09:00:00,13.266,19.7453,75.208,75.9387,76.2697,77.11,78.8207,20.849,20.9093,21.0043,20.9683,20.9663,0.9737,123.6386,0.8533,121.0832,0.7394,122.1485,0.6429,119.6285,0.2774,114.7531
2025-09-20 09:30:00,13.721,22.111,70.601,71.0567,71.1843,71.9547,73.5533,22.3567,22.439,22.6353,22.6583,22.7563,1.8448,136.1601,1.6649,137.1123,1.4833,136.6159,1.3515,133.5195,0.8968,130.3368
2025-09-20 10:00:00,13.791,24.866,67.7957,68.449,68.8127,69.6337,71.792,22.804,22.8287,22.978,22.9843,22.9143,2.1323,151.1624,1.9722,152.7287,1.7588,155.0627,1.6357,152.2957,1.1958,149.1048
2025-09-20 10:30:00,13.7987,25.9277,67.4007,68.2863,69.0453,70.0007,72.359,23.2083,23.1963,23.2743,23.2623,23.085,2.7606,160.0605,2.4864,161.7601,2.1821,166.979,1.9859,163.2107,1.509,163.6244
2025-09-20 11:00:00,13.7713,25.6397,67.548,68.6047,69.6287,70.8107,73.208,23.2463,23.1557,23.154,23.0327,22.7643,3.3451,177.4428,2.9973,183.4848,2.6353,187.5988,2.4254,185.767,1.8879,186.3528
2025-09-20 11:30:00,13.263,24.625,70.4017,71.537,72.603,73.8283,76.048,22.5707,22.4573,22.366,22.1917,21.8923,5.3103,196.8369,4.7129,201.805,4.177,207.3333,3.8595,205.5598,3.2031,204.3335
2025-09-20 12:00:00,12.994,22.3573,84.482,85.6687,86.7373,87.7633,89.6133,20.3467,20.2643,20.1683,20.0217,19.76,2.4962,192.2165,2.1743,196.8011,1.9047,200.5304,1.7385,198.2612,1.2762,194.938
2025-09-20 12:30:00,13.1073,20.825,90.2833,91.38,91.99,92.9933,93.8833,19.6283,19.5893,19.624,19.5073,19.4137,1.5249,181.3384,1.316,184.2617,1.1283,188.254,0.9937,186.9102,0.5301,189.2002
2025-09-20 13:00:00,13.058,20.073,92.39,93.1567,93.42,94.0433,94.8,19.382,19.3657,19.416,19.3227,19.2627,1.7964,109.414,1.6105,106.045,1.4399,108.5074,1.3202,104.3653,0.8119,100.4719
2025-09-20 13:30:00,13.026,19.4903,90.4433,91.16,91.7233,92.36,93.71,18.8123,18.813,18.8047,18.7133,18.6143,1.6645,123.0985,1.517,123.55,1.3467,126.0144,1.2294,123.2687,0.6917,118.8134
2025-09-20 14:00:00,13.4437,19.1143,93.7533,94.2667,94.5633,95.0533,95.7533,18.9517,18.9727,19.0207,18.971,18.961,1.4744,153.8608,1.3609,155.0773,1.2078,155.5463,1.0976,152.5958,0.5547,151.5144
2025-09-20 14:30:00,14.1227,19.335,88.9367,89.6,89.63,90.68,91.72,19.4193,19.4473,19.5403,19.4403,19.417,2.5733,148.9974,2.3137,150.1919,2.0719,153.8524,1.9419,151.1019,1.4582,150.8471
2025-09-20 15:00:00,14.1017,19.991,85.0433,85.55,85.52,86.9267,87.89,19.4437,19.4967,19.6317,19.4967,19.4973,2.2272,149.4395,2.0436,148.2274,1.82,149.9056,1.6778,148.9641,1.2751,147.97
2025-09-20 15:30:00,13.6873,20.4367,85.62,86.1333,86.0767,87.3333,88.2967,19.4087,19.4293,19.5407,19.4017,19.3807,2.0617,130.3104,1.8692,130.3907,1.6815,132.0254,1.5589,131.5875,1.1412,131.207
2025-09-20 16:00:00,13.683,20.7153,84.3733,84.78,84.7767,85.9667,86.9533,19.7873,19.837,19.945,19.8573,19.855,2.2324,132.0246,2.0373,133.121,1.8313,133.7331,1.7022,130.8645,1.2914,129.0403
2025-09-20 16:30:00,13.6563,21.2433,85.34,85.78,85.9467,86.7767,87.8,19.8933,19.916,19.957,19.8413,19.7413,2.1066,119.4631,1.9683,120.7488,1.7583,121.5516,1.6096,117.8681,1.1366,116.8852
2025-09-20 17:00:00,13.107,20.7317,87.57,88.1367,88.52,89.2167,90.4067,19.7437,19.725,19.6977,19.5747,19.378,1.8056,105.7747,1.6,103.8854,1.4171,104.4113,1.2659,101.1684,0.7548,99.0202
2025-09-20 17:30:00,12.9223,19.9587,89.49,90.09,90.49,91.1567,92.4433,19.5653,19.5247,19.4637,19.3147,19.055,1.6564,99.0332,1.4774,98.3842,1.2934,99.9537,1.1594,96.7514,0.6213,93.2079
2025-09-20 18:00:00,12.8453,19.217,85.8,86.42,86.9133,87.6833,89.3967,19.9583,19.9017,19.835,19.668,19.34,1.7509,126.9425,1.5395,124.7146,1.3461,125.9679,1.213,120.7309,0.7315,119.5524
2025-09-20 18:30:00,12.8163,18.7583,85.1133,85.7333,86.2533,87.0367,88.6367,20.1223,20.069,19.9727,19.8037,19.4757,1.8888,125.6199,1.6869,122.9232,1.4785,124.233,1.3335,120.3068,0.8354,117.8831
2025-09-20 19:00:00,12.7897,18.477,85.3567,85.9533,86.41,87.1033,88.6833,20.115,20.0547,19.9857,19.8157,19.4933,2.0454,119.006,1.869,118.346,1.6817,120.7768,1.5351,117.7303,1.0218,114.8648
2025-09-20 19:30:00,12.763,18.3143,83.6,84.1933,84.72,85.47,87.1533,20.4807,20.4147,20.3203,20.151,19.7847,1.8971,136.01,1.7185,135.965,1.5199,136.553,1.4095,134.0714,0.9726,133.2469
2025-09-20 20:00:00,12.74,18.28,82.2967,82.89,83.3867,84.1533,85.8667,20.6493,20.5937,20.486,20.3163,19.9477,2.1469,134.4862,1.9513,135.4642,1.7379,136.3967,1.6126,132.2986,1.1331,128.658
2025-09-20 20:30:00,12.718,18.2393,82.1433,82.74,83.1967,83.9833,85.5433,20.5897,20.5097,20.437,20.247,19.9143,2.2851,148.615,2.1059,149.2578,1.8635,150.7232,1.7237,148.8106,1.274,148.4135
2025-09-20 21:00:00,12.697,18.3327,81.7667,82.29,82.7167,83.44,84.9067,20.616,20.5897,20.5103,20.379,20.081,2.6906,147.9097,2.3949,149.4278,2.1604,150.7918,2.0009,147.2326,1.4924,145.7025
2025-09-20 21:30:00,12.6757,18.5743,81.39,82.0067,82.4633,83.23,84.5967,20.6467,20.6117,20.5277,20.4017,20.1307,3.5169,156.5769,3.1589,159.2338,2.7889,162.5055,2.5659,159.2521,2.0232,157.9781
2025-09-20 22:00:00,12.6547,18.801,82.1733,82.8133,83.3467,84.23,85.83,20.5523,20.5137,20.452,20.3087,20.026,3.3172,154.2128,3.0225,155.0379,2.698,157.5459,2.492,155.5097,1.9742,156.0158
2025-09-20 22:30:00,12.636,18.7867,83.4833,84.1067,84.58,85.3333,86.9,20.3303,20.2867,20.2283,20.0863,19.808,2.6541,151.3588,2.4003,152.8346,2.1479,156.19,2.0038,154.7216,1.5375,153.3016
2025-09-20 23:00:00,12.6177,18.776,83.3967,83.9767,84.4567,85.21,86.6067,20.3387,20.3017,20.245,20.128,19.884,4.5069,164.3814,4.0511,165.0048,3.5992,166.0132,3.3067,163.9344,2.6671,163.5376
2025-09-20 23:30:00,12.6,18.787,81.3613,82.1467,82.81,83.6867,85.2033,20.1893,20.127,20.0607,19.8993,19.643,5.3521,175.9918,4.804,181.1025,4.2236,184.8628,3.8736,181.9228,3.1534,181.7227
2025-09-21 00:00:00,12.58,18.551,80.2773,81.022,81.7,82.65,84.3133,19.628,19.57,19.5097,19.3283,19.0663,5.1949,181.033,4.635,185.5372,4.0568,188.7428,3.7053,186.1849,3.0051,185.3337
2025-09-21 00:30:00,12.5593,18.24,78.8373,79.506,80.0667,80.9333,82.47,19.174,19.128,19.087,18.9197,18.691,4.422,182.7387,3.9627,186.8862,3.5132,190.2462,3.2288,188.5967,2.6443,188.3413
2025-09-21 01:00:00,12.5433,18.0107,74.669,75.3653,75.9287,76.7647,78.359,18.908,18.86,18.8117,18.6493,18.4117,5.4129,184.1576,4.8839,187.5504,4.3346,191.0752,3.9934,188.1217,3.2702,186.2921
2025-09-21 01:30:00,12.524,17.69,73.7163,74.4973,75.1963,76.16,77.8037,18.305,18.256,18.164,17.981,17.6923,4.7865,181.3618,4.2965,186.6021,3.8068,189.1088,3.503,185.6997,2.8466,184.7305
2025-09-21 02:00:00,12.505,17.0907,72.078,72.84,73.525,74.471,76.2623,17.5557,17.4997,17.3933,17.2213,16.905,6.3543,183.2205,5.6864,189.2505,4.9841,193.1064,4.5742,189.2887,3.7564,188.8308
2025-09-21 02:30:00,12.4863,16.2303,71.7833,72.6147,73.382,74.406,76.2757,16.579,16.4997,16.3883,16.1807,15.8617,4.9246,182.1103,4.4152,185.7457,3.905,189.8081,3.592,186.5866,2.935,187.3842
2025-09-21 03:00:00,12.4687,15.3843,73.745,74.5587,75.3067,76.3047,78.0173,16.1363,16.0623,15.9557,15.7613,15.463,4.9625,175.3373,4.4673,179.6841,3.937,184.6504,3.6118,181.0367,2.9563,180.8289
2025-09-21 03:30:00,12.4517,14.8743,74.22,74.973,75.691,76.6617,78.2947,15.923,15.8733,15.7793,15.581,15.325,6.0168,173.496,5.4414,176.8657,4.7674,181.9265,4.3475,179.1594,3.5348,178.3975
2025-09-21 04:00:00,12.4357,14.5777,74.14,74.894,75.5383,76.4807,78.1273,15.612,15.5587,15.4977,15.299,15.0343,4.8009,179.0308,4.263,183.9585,3.7532,187.6898,3.4631,185.7586,2.8113,184.6632
2025-09-21 04:30:00,12.407,14.3263,72.48,73.2397,73.871,74.7787,76.4413,15.4867,15.4347,15.338,15.172,14.8963,5.1021,185.4006,4.5426,190.3376,4.0454,193.4249,3.7434,190.1748,3.0752,190.0909
2025-09-21 05:00:00,12.4,14.1187,72.865,73.62,74.2147,75.105,76.799,15.2897,15.2413,15.1797,15.002,14.734,5.5357,188.9743,4.9494,192.0341,4.361,196.5473,4.04,194.2282,3.2989,194.4866
2025-09-21 05:30:00,12.3867,14.061,71.573,72.2257,72.7257,73.4973,75.0113,15.1843,15.1697,15.143,14.99,14.7753,5.4897,196.4226,4.934,200.7127,4.3645,204.4576,4.043,202.6804,3.3494,200.0736
2025-09-21 06:00:00,12.3827,14.092,71.1267,71.815,72.3487,73.0923,74.579,14.733,14.7333,14.6973,14.575,14.378,5.2876,194.399,4.6748,199.102,4.1334,203.2175,3.8303,199.9619,3.1658,199.6876
2025-09-21 06:30:00,12.4223,14.063,70.7883,71.4447,71.9653,72.744,74.2793,14.58,14.585,14.5527,14.4537,14.2567,5.2548,190.1352,4.7145,194.5142,4.1931,199.8355,3.869,195.9481,3.2114,195.1918
2025-09-21 07:00:00,12.6383,14.2087,72.528,73.304,73.8907,74.7317,76.3393,14.5303,14.5363,14.522,14.4383,14.283,4.6228,191.8489,4.1613,197.7826,3.6739,201.1556,3.3688,197.8149,2.7627,199.9862
2025-09-21 07:30:00,12.6543,14.467,74.0657,74.8323,75.3557,76.151,77.6547,14.5407,14.571,14.566,14.4707,14.353,5.2049,194.5428,4.5988,200.9398,4.1042,205.3765,3.8124,202.6317,3.1465,200.5417
2025-09-21 08:00:00,12.664,14.2227,88.2933,89.0967,89.63,90.3633,91.7567,13.34,13.388,13.4153,13.3383,13.2767,4.4867,201.7246,4.006,206.8718,3.5341,210.1754,3.3039,208.6239,2.7505,207.7655
2025-09-21 08:30:00,12.9153,14.053,86.87,87.5967,87.9933,88.7367,90.56,13.9063,13.9777,14.0353,13.9993,13.941,3.5186,198.8397,3.1094,204.1767,2.7627,209.3629,2.5713,206.505,2.131,205.6566
2025-09-21 09:00:00,13.192,14.6263,85.2733,86.0067,86.38,86.9867,88.4967,14.3967,14.5123,14.6203,14.625,14.677,3.3878,222.3432,2.9337,228.0595,2.6225,233.2587,2.46,229.4199,2.0369,226.9701
2025-09-21 09:30:00,13.4007,15.5123,81.99,82.7167,83.3933,83.9967,85.8233,14.3843,14.479,14.5633,14.5793,14.6293,3.9004,243.8015,3.3867,247.5321,2.9705,248.1231,2.754,246.6459,2.2884,243.3807
2025-09-21 10:00:00,13.5097,16.2053,78.3717,78.8693,79.2917,79.8023,81.4833,14.5937,14.703,14.7923,14.797,14.8353,3.6534,254.7776,3.214,259.5289,2.8464,260.9602,2.6434,257.3862,2.1782,254.3466
2025-09-21 10:30:00,13.5457,16.7957,74.99,75.697,76.161,76.844,78.559,14.7213,14.804,14.8937,14.8807,14.914,3.9612,256.6686,3.4696,263.2569,3.0284,263.609,2.7843,259.1072,2.2514,255.1904
2025-09-21 11:00:00,13.831,16.7527,81.832,82.6633,83.58,84.11,86.17,14.0353,14.137,14.185,14.212,14.2233,3.1266,250.5118,2.7176,252.1595,2.367,255.6324,2.1919,252.7289,1.7779,249.4185
2025-09-21 11:30:00,13.7713,16.64,76.1683,77.038,77.9003,78.5673,80.553,14.3933,14.4863,14.516,14.5097,14.4923,3.3716,256.7412,2.8721,258.953,2.5047,261.4338,2.3019,256.8476,1.8823,252.4031
2025-09-21 12:00:00,14.1283,16.0473,73.8737,74.8387,75.692,76.5393,79.072,14.1927,14.269,14.3143,14.302,14.2863,2.7793,251.3386,2.426,257.604,2.1355,259.5334,1.9803,255.8831,1.6301,251.5205
2025-09-21 12:30:00,14.1753,16.4983,67.595,68.32,68.9107,69.6487,71.1103,14.8987,15.008,15.142,15.1507,15.2527,3.1205,280.3295,2.6332,282.4457,2.242,284.7509,2.0284,284.2806,1.6192,281.9717
2025-09-21 13:00:00,14.204,16.9143,67.8167,68.5223,69.095,69.978,71.514,14.6993,14.8,14.887,14.8563,14.927,2.6538,262.0367,2.3392,264.5981,2.0312,265.6688,1.8751,262.6926,1.4913,258.816
2025-09-21 13:30:00,14.193,17.4533,67.1763,67.6897,68.111,68.8207,69.8307,15.0357,15.1623,15.3207,15.3347,15.5637,1.9195,278.4228,1.644,279.6301,1.4012,280.9458,1.2879,279.5979,0.9924,277.2602
2025-09-21 14:00:00,13.801,19.1243,62.655,63.2987,63.7357,64.5523,65.4223,15.6323,15.762,15.9137,15.937,16.274,2.5504,272.0913,2.2057,275.075,1.9101,273.8213,1.7581,271.107,1.411,267.1461
2025-09-21 14:30:00,13.7777,20.1467,58.4863,59.111,59.6353,60.511,61.912,15.749,15.8907,16.0043,15.9843,16.163,2.6673,282.1179,2.1675,284.7567,1.9284,286.2258,1.7686,283.5976,1.4047,279.9473
2025-09-21 15:00:00,13.7823,21.0767,56.184,56.7267,57.1397,57.9043,59.366,15.8603,15.9963,16.1223,16.1263,16.2467,3.2344,276.9143,2.678,276.7049,2.3359,275.4356,2.1682,273.7311,1.7461,270.2797
2025-09-21 15:30:00,13.8007,20.9397,56.7663,57.4053,57.9113,58.6627,59.937,15.594,15.682,15.7733,15.731,15.7883,2.4321,285.9319,2.024,286.4583,1.7464,288.6442,1.6024,284.9342,1.2211,282.0876
2025-09-21 16:00:00,13.8,20.9613,57.6637,58.3397,58.7407,59.381,60.386,15.5937,15.697,15.787,15.7557,15.836,2.8135,287.9179,2.2795,293.0627,1.9421,295.7009,1.7488,295.102,1.3289,291.0394
2025-09-21 16:30:00,13.4233,19.507,60.9807,61.825,62.4037,63.2683,64.7517,14.962,14.963,14.955,14.8517,14.7113,2.2407,279.7928,1.9389,282.1435,1.7002,282.0654,1.5423,276.6528,1.0632,273.8421
2025-09-21 17:00:00,13.5343,17.823,61.6327,62.294,62.6937,63.4263,64.5823,14.9857,15.0233,15.0613,14.954,14.8887,2.2468,282.72,1.8725,284.332,1.6131,280.3464,1.4696,273.9577,1.0257,272.6401
2025-09-21 17:30:00,12.9977,16.6703,61.6747,62.5583,63.292,64.229,65.9573,14.6643,14.6537,14.589,14.4263,14.1587,2.024,284.981,1.6584,284.8224,1.4121,284.3178,1.2831,278.9353,0.8158,275.8998
2025-09-21 18:00:00,12.8887,14.9687,68.7733,69.8273,70.5067,71.3793,73.1317,13.7273,13.6937,13.6093,13.4273,13.098,1.4552,286.5399,1.1882,287.8018,0.9637,284.6794,0.8371,278.0493,0.4708,274.4888
2025-09-21 18:30:00,12.838,13.0273,74.0853,75.6233,76.6627,77.742,80.167,13.041,12.9157,12.766,12.5213,12.055,1.0911,288.3925,0.8328,285.8342,0.6387,291.1142,0.5224,286.0802,0.1897,279.2398
2025-09-21 19:00:00,12.8037,11.5727,74.171,75.5953,76.6233,77.7887,80.3333,12.9277,12.847,12.7177,12.477,12.0373,1.4247,278.0789,1.1605,275.852,0.955,275.0401,0.8391,269.0774,0.3802,263.4218
2025-09-21 19:30:00,12.7723,10.7313,74.349,76.002,77.2077,78.4737,81.0893,12.594,12.459,12.3013,12.0447,11.5183,0.8759,285.6198,0.6522,282.8642,0.5187,280.1274,0.4545,271.034,0.2306,263.9109
2025-09-21 20:00:00,12.74,9.6637,78.9767,82.025,83.5227,85.15,87.68,11.7897,11.386,11.0417,10.6063,9.9007,0.576,261.2391,0.2779,250.6077,0.1681,232.3336,0.1008,223.8047,0.0357,192.4173
2025-09-21 20:30:00,12.7103,8.4298,80.2573,84.8567,87.64,89.52,92.4033,11.5537,10.918,10.38,9.858,8.9363,0.7616,264.9891,0.3332,261.4921,0.1546,242.8212,0.086,216.999,0.0233,200.588
2025-09-21 21:00:00,12.6823,7.3973,81.331,84.6833,87.7733,89.9967,93.83,11.4973,10.8743,10.0103,9.4063,8.3243,0.3654,240.2187,0.2522,216.8632,0.1853,201.6534,0.1139,196.6319,0.0272,152.1016
2025-09-21 21:30:00,12.6547,6.5344,87.9867,93.0567,95.35,96.38,97.3767,10.4957,9.4233,8.7593,8.366,7.6952,0.4373,195.2556,0.262,176.8355,0.1267,162.5319,0.0716,153.0979,0.0226,122.2316
2025-09-21 22:00:00,12.6283,5.8197,90.5767,95.6567,97.4633,98.1367,99.01,10.093,9.1647,8.584,8.2152,7.4608,0.233,202.442,0.2291,175.1799,0.1426,172.687,0.0939,166.6245,0.027,123.3986
2025-09-21 22:30:00,12.6037,5.333,89.1433,95.1233,97.7567,98.4133,99.24,10.2673,9.3073,8.382,7.9366,7.3237,0.4674,224.8349,0.3332,196.0124,0.1037,184.0361,0.0348,234.4611,0.022,349.4022
2025-09-21 23:00:00,12.5807,5.0234,84.7767,89.8533,94.42,96.4467,98.7333,10.772,10.0187,9.229,8.6723,7.639,0.7744,254.7689,0.3452,244.1781,0.1951,227.8622,0.1646,203.7155,0.0377,178.2131
2025-09-21 23:30:00,12.558,5.0931,82.65,85.7433,88.8133,91.3,96.4667,11.3057,10.874,10.3117,9.7247,8.5545,1.0266,264.1094,0.7487,261.739,0.5103,248.6318,0.4136,233.8381,0.0817,225.9751
2025-09-22 00:00:00,12.536,5.3317,85.0167,87.5033,89.35,91.4533,95.1433,10.897,10.4967,9.9823,9.3087,7.8212,0.4569,252.1032,0.3543,228.832,0.3038,200.9384,0.2659,173.0399,0.0716,138.7758
2025-09-22 00:30:00,12.512,5.2516,86.2467,89.8567,91.73,93.3833,96.4567,10.5827,10.0193,9.5143,8.9797,7.8547,0.7063,264.6156,0.3548,246.0751,0.1879,223.8788,0.1187,192.0573,0.0396,147.4852
2025-09-22 01:00:00,12.4903,5.3418,86.0867,88.2567,89.7467,91.0733,94.6667,10.6197,10.3737,10.097,9.751,9.0364,1.134,276.3437,0.8419,279.1788,0.6093,274.7085,0.5044,268.038,0.1895,269.6159
2025-09-22 01:30:00,12.4687,5.8458,87.9867,89.2167,89.9333,90.77,93.0567,10.2983,10.225,10.0853,9.851,9.3983,0.5427,300.3295,0.375,317.8882,0.2761,315.959,0.2232,313.0055,0.0875,292.6402
2025-09-22 02:00:00,12.4397,6.1471,90.0367,91.29,91.84,92.5767,94.37,9.954,9.8647,9.7707,9.525,9.0413,0.7302,277.5583,0.5349,277.9332,0.4057,276.1125,0.3352,262.5627,0.1858,261.8145
2025-09-22 02:30:00,12.419,6.5421,88.12,89.36,90.0033,90.62,92.9767,10.367,10.3147,10.2253,10.0383,9.6213,0.5514,288.2102,0.4473,284.5755,0.3561,285.0351,0.3119,276.0166,0.1215,267.6662
2025-09-22 03:00:00,12.403,6.8883,89.1433,90.4367,91.11,91.9033,93.8067,10.431,10.37,10.2407,10.0153,9.59,1.4389,283.258,1.2178,279.8044,0.9918,278.3711,0.8746,273.648,0.4353,266.4729
2025-09-22 03:30:00,12.3843,7.1733,88.79,90.0233,90.7133,91.49,93.3633,10.436,10.3833,10.2827,10.0847,9.7217,1.4338,284.2492,1.1155,286.5958,0.8844,289.83,0.7537,286.5149,0.4131,283.1385
2025-09-22 04:00:00,12.3673,7.4205,89.1667,90.3933,91.05,91.7267,93.43,10.4293,10.3903,10.2887,10.103,9.7827,1.2002,285.7624,0.9334,288.0625,0.7505,285.567,0.6324,281.023,0.3493,274.0633
2025-09-22 04:30:00,12.353,7.6789,87.7533,88.7,89.0733,89.6667,91.5533,10.5667,10.557,10.498,10.326,9.9457,0.8476,302.767,0.686,312.0819,0.5832,320.0682,0.5292,317.1021,0.2679,314.892
2025-09-22 05:00:00,12.3413,7.7954,86.1033,87.2867,87.91,88.6667,90.5133,10.7603,10.722,10.649,10.4717,10.1253,1.3413,288.6867,1.0316,290.1954,0.8707,291.6506,0.7404,289.7741,0.397,287.5724
2025-09-22 05:30:00,12.328,7.847,86.8033,87.8767,88.5333,89.1367,90.9333,10.8873,10.8387,10.72,10.546,10.154,0.7685,299.9933,0.5529,305.4021,0.4199,313.8202,0.3604,312.2286,0.1546,314.6717
2025-09-22 06:00:00,12.329,7.7979,86.9967,88.13,88.7333,89.4333,91.23,10.9023,10.841,10.73,10.548,10.101,0.635,320.547,0.4377,320.6894,0.3047,329.5987,0.2247,332.3993,0.0963,327.4754
2025-09-22 06:30:00,12.3533,7.6419,89.2267,90.3733,91.13,91.8567,93.4567,10.6253,10.5707,10.4403,10.229,9.8167,0.8106,303.5882,0.6298,303.2166,0.4695,302.0454,0.3667,296.4698,0.1085,292.6679
2025-09-22 07:00:00,12.5807,8.0369,88.2067,88.98,89.2233,89.8867,91.0167,10.7953,10.8397,10.8303,10.6983,10.5707,0.7953,300.7312,0.6135,302.3984,0.493,306.9557,0.4118,303.5929,0.1457,301.0938
2025-09-22 07:30:00,13.0707,9.7023,83.68,83.9133,83.85,84.5233,84.97,11.669,11.798,11.91,11.842,12.0033,0.8267,307.4719,0.6988,314.0641,0.5532,322.5272,0.4691,316.7486,0.1958,310.6494
2025-09-22 08:00:00,13.4107,12.2473,76.346,76.5887,76.591,77.2477,77.9457,12.8433,12.961,13.1173,13.0843,13.3567,1.2919,323.5224,1.1113,326.2062,0.9774,328.2835,0.8938,326.7057,0.5669,326.5812
2025-09-22 08:30:00,13.846,14.9267,70.554,70.8143,70.8723,71.522,72.8483,13.6413,13.7667,13.9213,13.9097,14.0553,1.95,329.4659,1.7035,333.601,1.499,339.3421,1.3772,337.4296,0.9654,335.8932
2025-09-22 09:00:00,14.1593,17.2113,65.4093,65.752,65.9657,66.6607,68.187,14.331,14.4617,14.591,14.589,14.7473,2.641,341.5816,2.3152,343.9997,2.0643,348.369,1.8862,344.5808,1.5286,341.0648
2025-09-22 09:30:00,14.1147,19.124,60.5513,60.9117,61.0903,61.814,63.265,14.75,14.869,15.009,15.0193,15.179,2.8646,333.4661,2.5018,339.0524,2.2083,346.6911,2.019,345.1793,1.6952,343.9139
2025-09-22 10:00:00,14.1613,20.979,54.8753,55.276,55.4667,56.2337,57.9723,15.3433,15.4617,15.647,15.7,15.9627,2.4502,341.8611,2.1678,342.6136,1.9193,347.4106,1.7607,344.0422,1.4456,340.7641
2025-09-22 10:30:00,14.207,21.0267,53.477,53.962,54.293,55.0337,56.8997,14.7727,14.85,14.9277,14.8713,14.8447,2.8183,330.5512,2.4944,333.8631,2.2148,337.2833,2.0624,331.4759,1.6786,326.4413
2025-09-22 11:00:00,14.2093,20.448,52.025,52.3783,52.697,53.4057,54.9833,15.241,15.345,15.4917,15.4977,15.649,2.9113,332.2926,2.5169,336.7527,2.2237,337.4864,2.056,335.4299,1.6804,331.5957
2025-09-22 11:30:00,13.9203,20.3797,52.7117,53.1173,53.462,54.2313,55.8703,15.322,15.4333,15.576,15.6,15.7953,2.7055,335.4223,2.3849,339.7832,2.1858,344.1428,2.0186,342.564,1.7126,338.6395
2025-09-22 12:00:00,13.7993,20.4583,52.2487,52.7983,53.0977,53.9127,55.744,15.393,15.488,15.6133,15.612,15.755,2.0192,330.3491,1.7906,333.312,1.5948,338.4368,1.4942,334.3286,1.2089,329.0045
2025-09-22 12:30:00,13.78,21.166,50.2443,50.5853,50.8547,51.5233,52.9597,15.5647,15.7083,15.9057,15.987,16.293,3.2978,323.5172,2.9491,328.7429,2.6392,328.9002,2.4167,325.4706,2.0578,324.5263
2025-09-22 13:00:00,13.778,21.9747,50.0093,50.3443,50.8033,51.5863,53.168,15.6213,15.722,15.882,15.9223,16.128,2.5811,314.7707,2.2771,318.1251,2.0014,322.1318,1.8285,318.3007,1.5094,317.4067
2025-09-22 13:30:00,13.765,23.1357,47.4457,47.9657,48.479,49.2913,50.6617,15.9583,16.1217,16.324,16.4097,16.7463,2.1756,320.5988,1.9454,324.4583,1.7331,328.1829,1.5883,327.1106,1.3219,321.7399
2025-09-22 14:00:00,13.7747,23.993,45.1717,45.718,46.1713,46.9477,48.027,15.616,15.7697,15.917,15.9337,16.2803,3.1299,296.2444,2.6628,297.6895,2.3923,299.3596,2.1843,294.8509,1.7677,292.9964
2025-09-22 14:30:00,13.7773,24.144,45.191,45.6557,46.2117,46.9507,48.195,15.7123,15.8917,16.0193,16.019,16.2467,2.2989,305.4524,1.9811,303.6987,1.7324,304.9905,1.6118,302.0089,1.2973,300.4668
2025-09-22 15:00:00,13.7827,24.14,45.289,45.5827,45.9873,46.7277,48.82,15.61,15.7273,15.8637,15.8587,15.852,2.4332,327.2188,2.0667,335.3031,1.8716,339.3862,1.7006,333.7778,1.3711,336.4219
2025-09-22 15:30:00,13.8053,23.4277,48.2057,48.5427,48.829,49.5177,51.227,15.4467,15.5437,15.6657,15.6503,15.6493,2.4885,339.1573,2.1841,339.4347,1.9095,345.2001,1.754,341.7168,1.406,341.1362
2025-09-22 16:00:00,13.827,22.187,53.6093,53.9897,54.1597,54.7297,55.9743,15.01,15.0917,15.1877,15.1447,15.125,3.3899,326.7565,2.9714,330.7646,2.6253,334.1144,2.3666,328.8334,1.9221,328.7102
2025-09-22 16:30:00,13.8327,20.81,54.961,55.3127,55.5227,56.0657,57.2723,14.8687,14.9297,15.001,14.9493,14.8993,2.3328,316.786,2.0195,323.9908,1.8171,329.4877,1.6532,325.5658,1.2483,319.7552
2025-09-22 17:00:00,13.412,19.2193,56.7797,57.3793,57.7257,58.324,59.699,14.494,14.5133,14.521,14.4253,14.2463,1.5933,309.7957,1.3337,315.9922,1.1919,321.408,1.0693,319.8278,0.6542,316.2838
2025-09-22 17:30:00,12.9923,17.111,60.013,61.0023,61.5167,62.3097,63.9757,13.756,13.7237,13.6663,13.496,13.1853,1.2877,298.125,0.9493,303.6771,0.7372,311.5622,0.6226,304.158,0.3408,306.4177
2025-09-22 18:00:00,12.9133,14.4563,66.2963,67.771,68.765,69.9283,72.3703,12.719,12.5733,12.4067,12.134,11.638,0.8258,296.0372,0.5366,306.9935,0.4051,312.1324,0.3053,302.0047,0.1135,293.1815
2025-09-22 18:30:00,12.8657,12.007,69.241,70.5483,71.5097,72.691,75.244,12.08,11.9827,11.844,11.5997,11.0977,1.3888,281.9878,1.0978,285.7723,0.9286,286.9192,0.8308,281.8625,0.4687,276.6961
2025-09-22 19:00:00,12.8273,10.2777,75.0387,76.2883,77.0777,77.951,80.4217,11.4237,11.3443,11.2247,11.0193,10.4983,0.8001,307.1589,0.5804,312.9811,0.4366,317.0894,0.3489,307.4036,0.1039,314.6788
2025-09-22 19:30:00,12.793,8.923,77.9287,79.61,80.7307,81.814,84.5933,11.0437,10.8767,10.685,10.415,9.8023,0.7174,297.2907,0.5011,297.6494,0.3988,297.7132,0.341,293.3648,0.1777,301.4383
2025-09-22 20:00:00,12.761,8.1538,74.7233,75.8187,76.4407,77.2783,79.7347,11.4397,11.3797,11.2897,11.0893,10.6033,1.1057,320.2766,0.8561,325.6431,0.7208,326.7066,0.6329,319.601,0.3406,311.1423
2025-09-22 20:30:00,12.7327,7.8214,74.5033,75.4977,76.287,77.2323,79.6823,11.3003,11.2663,11.1323,10.928,10.4367,1.2233,325.0948,0.9754,328.6421,0.7938,333.4449,0.7176,325.5198,0.343,317.7899
2025-09-22 21:00:00,12.704,7.5897,78.3263,79.7177,80.7573,81.7617,83.97,10.6713,10.5923,10.439,10.2087,9.7343,0.8615,295.52,0.5793,300.3031,0.4236,302.534,0.3478,299.4867,0.1146,292.7329
2025-09-22 21:30:00,12.6787,7.172,79.9707,81.5533,82.76,83.8133,86.3433,10.4273,10.3137,10.1407,9.8797,9.3167,0.9545,290.4094,0.6496,293.2058,0.4628,292.6328,0.3606,287.9831,0.1204,286.838
2025-09-22 22:00:00,12.6533,6.7729,81.8903,83.8,85.22,86.3367,88.72,10.1753,9.9763,9.733,9.45,8.8933,0.6329,281.2819,0.4358,279.6005,0.2507,280.9887,0.1716,275.1471,0.0549,275.7882
2025-09-22 22:30:00,12.6287,6.2614,84.7033,87.4233,89.3167,90.7033,92.6433,9.7373,9.403,9.021,8.6072,7.756,0.3467,307.119,0.1348,293.7706,0.1544,292.5506,0.1551,40.8973,0.0355,238.9675
2025-09-22 23:00:00,12.603,5.5279,86.1467,90.6233,94.7167,96.1033,97.4133,9.503,8.8273,8.0133,7.5113,6.4621,0.4284,281.7435,0.1986,263.4888,0.0732,263.3071,0.0403,90.6083,0.0216,222.4275
2025-09-22 23:30:00,12.5787,4.8257,88.0933,93.4,97.4,98.85,99.3733,9.2337,8.5087,7.6667,7.1159,6.2219,0.2476,280.9023,0.2803,242.6714,0.2685,233.3158,0.1376,226.7568,0.0303,229.2491
2025-09-23 00:00:00,12.544,4.4272,90.2467,93.3233,96.86,98.5767,99.74,9.2987,8.8333,8.2012,7.654,6.8184,0.6505,268.4715,0.4859,256.1352,0.3214,240.6713,0.1838,233.9664,0.0483,212.4081
2025-09-23 00:30:00,12.5267,4.3502,91.2133,93.39,95.5033,97.0933,98.7733,9.386,8.9893,8.3202,7.6199,6.4352,0.2853,267.2342,0.1688,224.6133,0.1413,193.4231,0.0921,190.8101,0.0379,172.9568
2025-09-23 01:00:00,12.5047,4.0689,93.3767,95.8267,97.11,98.2267,99.22,9.089,8.5365,7.8591,7.0926,5.8785,0.2095,245.1904,0.2685,200.3924,0.3145,188.8841,0.2718,177.2619,0.0505,197.6715
2025-09-23 01:30:00,12.4823,3.8865,93.7567,96.79,98.3567,99.1867,99.7533,9.2453,8.8707,8.454,8.0593,6.8173,0.3948,293.5751,0.1514,288.1687,0.1087,178.0919,0.0987,162.0234,0.0283,161.6475
2025-09-23 02:00:00,12.46,3.769,94.8733,96.9967,98.1533,99.0033,99.8467,8.711,8.0718,7.3755,6.8172,5.7415,0.1041,202.5477,0.2091,192.5563,0.1906,189.8491,0.1285,186.5595,0.0244,206.466
2025-09-23 02:30:00,12.436,3.5363,96.0567,99.0,99.45,99.65,99.6367,8.5807,8.0287,7.5441,6.994,5.634,0.2265,224.9439,0.294,208.2389,0.2195,219.261,0.1518,197.9623,0.0379,217.0243
2025-09-23 03:00:00,12.4137,3.2891,97.9567,99.5367,99.9133,100.0833,100.15,7.9068,7.3727,6.8444,6.3577,5.2646,0.2391,70.4281,0.1387,208.074,0.2163,74.491,0.1919,263.691,0.0446,73.9878
2025-09-23 03:30:00,12.3907,3.0102,98.2767,99.9567,100.04,100.0167,100.0367,7.7577,7.2706,6.7141,6.1112,4.6454,0.3034,353.4305,0.2916,8.2692,0.2929,65.7228,0.2748,91.2814,0.0516,92.1911
2025-09-23 04:00:00,12.37,2.7763,99.0833,100.1267,100.18,100.1733,100.08,7.5031,6.9955,6.5533,5.9516,4.7235,0.083,261.9793,0.0277,50.6593,0.0379,74.4542,0.032,55.0679,0.0279,87.032
2025-09-23 04:30:00,12.3513,2.579,98.2267,100.2,100.21,100.1867,100.2,7.5518,6.9474,6.6641,6.1929,4.8831,0.1381,42.3367,0.2269,50.6621,0.2422,59.5401,0.2374,62.7094,0.0427,62.1728
2025-09-23 05:00:00,12.3363,2.4972,96.0367,100.12,100.2,100.18,100.19,8.4573,7.5717,6.8495,6.4005,5.3533,0.4427,294.1454,0.1653,302.1086,0.073,301.7164,0.0394,312.4952,0.0152,316.859
2025-09-23 05:30:00,12.3233,2.8229,90.54,95.6367,98.8733,99.6067,100.01,9.6417,8.9763,8.2891,7.6715,6.6906,0.6941,332.5839,0.5841,26.2703,0.4817,47.7643,0.3809,46.945,0.1067,343.47
2025-09-23 06:00:00,12.3233,3.2704,95.49,98.61,99.5933,99.9833,100.1967,8.5967,7.6559,6.9495,6.3916,5.5072,0.145,297.5201,0.0449,75.8441,0.0329,80.9656,0.0237,57.9989,0.0128,35.2408
2025-09-23 06:30:00,12.406,3.5161,91.95,98.0033,100.02,100.1333,100.2,9.4497,8.765,7.9889,7.2937,6.3423,0.3628,288.1858,0.0793,284.8523,0.0505,252.1599,0.0137,305.4433,0.0107,254.4168
2025-09-23 07:00:00,12.7853,5.2918,88.83,91.64,96.0667,98.1633,100.0633,10.665,10.5293,10.224,9.9307,9.87,0.8225,301.3536,0.5096,298.4502,0.3643,293.9615,0.2805,286.5553,0.0806,284.4971
2025-09-23 07:30:00,13.1733,8.7686,86.2533,87.1467,89.1567,91.9133,95.0633,11.929,11.968,11.9067,11.6873,11.7133,0.681,297.5764,0.5584,296.409,0.4959,294.8847,0.434,287.1773,0.1662,284.1159
2025-09-23 08:00:00,13.4663,12.38,84.5333,84.79,84.9133,85.9267,87.9933,12.642,12.7797,12.9327,12.902,13.0523,1.036,307.9701,0.8644,305.6172,0.7659,304.414,0.6699,298.8688,0.319,294.8075
2025-09-23 08:30:00,13.919,15.7157,80.659,80.898,80.8913,81.635,82.3573,13.5023,13.6257,13.8197,13.8533,14.1853,1.3622,20.5874,1.2688,22.711,1.1353,25.4152,1.0283,21.7557,0.6429,24.9896
2025-09-23 09:00:00,13.724,17.525,79.6687,80.0317,80.1637,80.791,81.853,13.7283,13.823,13.9353,13.9283,14.061,1.5734,8.6106,1.4552,11.2847,1.3319,17.6456,1.2098,14.4901,0.8025,14.6206
2025-09-23 09:30:00,14.1493,18.2393,73.1297,73.3913,73.4803,74.1057,75.3043,14.888,15.0113,15.1873,15.2277,15.512,1.8343,344.4183,1.6756,349.7974,1.5103,354.9308,1.379,353.3975,1.1102,351.6675
2025-09-23 10:00:00,14.1617,20.8497,66.563,66.8237,66.738,67.1677,67.9793,15.5513,15.715,15.9647,16.064,16.4273,2.6889,331.0367,2.2743,331.2633,2.0314,333.8546,1.8772,328.9898,1.6133,327.7526
2025-09-23 10:30:00,14.1527,22.9857,63.942,64.303,64.3857,64.9737,66.2037,15.9453,16.0683,16.269,16.3347,16.6643,2.3781,359.2979,2.1392,4.6621,1.9038,8.4715,1.752,2.6615,1.4911,4.4365
2025-09-23 11:00:00,14.142,23.8507,59.5673,59.87,60.0563,60.5903,61.76,16.2653,16.4177,16.619,16.683,16.9997,2.2233,341.9419,1.9805,345.6474,1.7588,344.5978,1.6172,340.4995,1.3607,335.1227
2025-09-23 11:30:00,14.0667,22.712,57.7623,58.2567,58.8287,59.8403,61.817,16.3973,16.5323,16.745,16.8397,17.1527,2.4633,19.5168,2.2157,23.1946,1.9779,29.7871,1.8311,28.4103,1.5447,25.7313
2025-09-23 11:30:00,14.17,23.76,57.16,57.715,58.085,59.02,60.8633,16.1667,16.2283,16.3467,16.335,16.3967,2.4239,15.5658,2.1549,12.7353,1.899,19.859,1.7488,18.1389,1.4254,15.2956
2025-09-23 12:00:00,13.745,23.0937,64.8343,65.0857,65.034,65.3843,65.936,16.4427,16.632,16.8213,16.9147,17.247,2.234,310.4474,1.9143,310.2406,1.6843,308.6943,1.5606,306.9817,1.2766,303.3137
2025-09-23 12:30:00,13.745,22.956,59.1293,59.4803,59.804,60.5347,62.1007,16.4873,16.6073,16.7643,16.805,16.9823,2.4206,349.7874,2.1273,353.7779,1.9149,356.9538,1.7782,353.9487,1.4879,351.4621
2025-09-23 13:00:00,13.771,22.4663,62.913,63.3117,63.4397,64.05,65.378,16.329,16.3877,16.468,16.4423,16.441,2.3289,332.4352,2.0197,336.7911,1.7925,340.3294,1.6444,334.515,1.2982,331.1765
2025-09-23 13:30:00,13.8013,21.0777,63.428,63.8167,63.939,64.466,65.6913,16.1577,16.2177,16.3007,16.2793,16.2743,2.4014,331.4522,1.9957,333.719,1.7766,333.5354,1.6266,328.1438,1.2738,324.1838
2025-09-23 14:00:00,13.7993,20.31,62.6893,63.043,63.1017,63.6593,65.1257,16.219,16.2817,16.371,16.3597,16.3907,2.5946,332.9641,2.1763,335.8825,1.9419,336.6421,1.7912,335.1602,1.4443,334.1136
2025-09-23 14:30:00,13.8,20.226,62.8883,63.1,63.3117,63.9557,65.5617,16.474,16.558,16.6373,16.61,16.623,1.9681,335.2728,1.7187,341.8497,1.536,345.7765,1.4193,343.084,1.1242,340.8298
2025-09-23 15:00:00,13.63,21.333,62.28,62.7517,62.9007,63.4627,65.047,16.5687,16.6447,16.7437,16.7443,16.712,2.7882,344.0479,2.2971,345.9367,2.0495,346.5541,1.864,340.9863,1.4929,337.1169
2025-09-23 15:30:00,13.7617,19.549,72.1577,73.1953,74.2253,75.486,77.7083,14.3683,14.3567,14.308,14.1843,14.0173,1.5604,334.2612,1.2862,336.7715,1.1433,338.4089,1.0364,337.1438,0.6283,338.067
2025-09-23 16:00:00,13.8207,17.3307,74.297,74.9583,75.4503,76.049,77.915,14.771,14.7927,14.7983,14.7303,14.598,0.9604,340.2952,0.8112,345.3411,0.6928,350.3253,0.5902,344.7062,0.2844,341.5503
2025-09-23 16:30:00,13.1137,16.0093,74.5083,75.2507,75.7203,76.0443,78.0037,14.8273,14.807,14.7553,14.674,14.381,0.9018,330.132,0.7383,338.0903,0.664,339.302,0.578,333.1134,0.2977,331.9121
2025-09-23 17:00:00,13.5127,15.311,71.1007,71.5527,72.0453,72.4377,74.3273,15.3607,15.3707,15.3743,15.3227,15.123,1.242,337.5576,1.1085,345.6089,0.9859,348.3557,0.8744,345.7221,0.4634,340.9393
2025-09-23 17:30:00,12.9967,15.413,69.412,70.114,70.524,71.311,73.3907,15.2393,15.2093,15.1637,14.999,14.6273,1.8971,354.0241,1.6296,0.2682,1.4565,4.3293,1.3069,3.0011,0.8641,0.8314
2025-09-23 18:00:00,12.921,14.29,69.9747,70.7273,71.3153,72.2013,74.384,14.336,14.2983,14.1973,13.9973,13.5433,1.4151,354.0515,1.1616,357.9639,1.0421,1.0674,0.9432,0.4327,0.62,2.2208
2025-09-23 18:30:00,12.876,12.7797,71.4197,72.4233,73.1637,74.1637,76.5767,13.6577,13.5827,13.4607,13.2183,12.722,1.0871,338.0968,0.8983,342.4839,0.7677,344.6093,0.6542,340.9541,0.3347,342.8673
2025-09-23 19:00:00,12.8377,11.584,73.746,74.5487,75.1633,76.0703,78.3113,13.2177,13.1773,13.0773,12.8513,12.3863,0.9425,339.2663,0.8112,343.1048,0.7372,348.2334,0.6503,342.7748,0.3123,341.9902
2025-09-23 19:30:00,12.8043,10.714,74.9973,75.6813,76.1443,76.949,79.1127,12.865,12.837,12.7633,12.552,12.1097,1.2145,338.1576,1.0153,339.9427,0.911,344.03,0.8308,340.9909,0.4512,337.6148
2025-09-23 20:00:00,12.7727,10.1997,76.0817,76.765,77.2717,78.0873,80.2733,12.627,12.605,12.5113,12.3053,11.8647,1.1455,348.0966,0.9223,350.4455,0.8548,351.4723,0.7483,346.422,0.4053,346.3891
2025-09-23 20:30:00,12.742,9.7993,77.3743,78.077,78.6457,79.42,81.6,12.336,12.3147,12.21,12.0073,11.559,1.2474,347.9857,1.0756,350.7378,0.9415,351.2761,0.8441,347.8253,0.5037,347.7002
2025-09-23 21:00:00,12.7083,9.5677,77.3463,78.004,78.399,79.1093,80.95,12.1573,12.1547,12.0743,11.909,11.5227,1.4095,344.7194,1.2209,345.1607,1.0878,350.1268,0.9839,347.8202,0.5932,348.9728
2025-09-23 21:30:00,12.6787,9.3537,79.993,80.779,81.218,81.98,83.9367,11.65,11.633,11.5607,11.364,10.9407,1.2468,341.246,1.0693,342.1738,0.9419,344.362,0.8402,340.4436,0.4508,340.4353
2025-09-23 22:00:00,12.654,9.0113,82.2233,82.9733,83.3667,84.0433,85.7533,11.1547,11.1527,11.0783,10.9023,10.5417,1.1775,331.5373,0.9844,334.2142,0.8986,338.2309,0.7892,333.9726,0.3981,332.3439
2025-09-23 22:30:00,12.6297,8.6547,81.76,82.4433,82.88,83.5667,85.46,10.913,10.9317,10.8473,10.6787,10.2963,1.4386,342.1208,1.213,345.5002,1.0645,350.8983,0.943,343.4168,0.5743,342.4083
2025-09-23 23:00:00,12.6067,8.3843,81.6333,82.4267,82.7733,83.47,85.3167,10.6843,10.6893,10.63,10.4537,10.0883,1.2803,338.9267,1.0654,341.4431,0.9584,342.878,0.8757,333.8328,0.5266,329.2066
2025-09-23 23:30:00,12.5827,8.149,81.99,82.7767,83.2433,84.04,85.8667,10.5273,10.5183,10.445,10.2403,9.844,1.1174,355.2943,0.9214,353.5429,0.8354,357.1391,0.725,351.4269,0.3794,345.5351
2025-09-24 00:00:00,12.5587,7.9505,81.3133,82.0733,82.6,83.39,85.4233,10.5307,10.5347,10.4637,10.2617,9.889,1.6886,353.63,1.4295,356.0193,1.2738,358.4352,1.1283,355.018,0.7178,353.0849
2025-09-24 00:30:00,12.536,7.9966,81.0867,81.78,82.25,83.0267,84.9633,10.472,10.4953,10.4393,10.2493,9.9033,1.874,355.1962,1.5758,358.346,1.4001,2.5246,1.2437,358.9443,0.8334,359.0102
2025-09-24 01:00:00,12.514,7.9404,81.8067,82.5933,82.9933,83.79,85.7033,10.2083,10.1933,10.1387,9.941,9.568,1.4835,349.8773,1.2476,350.6515,1.1316,354.3113,0.9948,349.7882,0.6004,352.2835
2025-09-24 01:30:00,12.491,7.7714,82.4967,83.13,83.5367,84.2967,86.0967,9.9227,9.9443,9.873,9.6973,9.3483,1.7583,348.0678,1.4931,348.5896,1.3208,351.1383,1.1812,348.5361,0.813,343.4243
2025-09-24 02:00:00,12.471,7.5935,83.26,83.8967,84.1767,84.8567,86.47,9.635,9.65,9.6127,9.4283,9.111,1.3208,343.9218,1.1455,341.6545,1.002,340.8346,0.9127,338.4403,0.5137,334.5508
2025-09-24 02:30:00,12.454,7.3995,83.15,83.75,84.0133,84.68,86.4767,9.4223,9.449,9.4277,9.254,8.934,1.9857,354.0431,1.6971,356.2272,1.5194,357.862,1.3879,355.1094,1.0127,353.1243
2025-09-24 03:00:00,12.4327,7.2452,83.15,83.79,84.2067,85.0133,87.0767,9.2097,9.2293,9.1497,8.944,8.5397,1.5144,7.3071,1.3156,7.7142,1.208,12.2649,1.0723,9.846,0.6507,7.403
2025-09-24 03:30:00,12.411,6.9695,82.62,83.3767,83.82,84.6833,86.8033,9.0773,9.0807,9.0167,8.811,8.3793,1.5861,1.4696,1.3807,5.7981,1.215,8.7595,1.0861,5.6666,0.6712,8.003
2025-09-24 04:00:00,12.3897,6.6625,84.36,85.0767,85.5067,86.3167,88.28,8.654,8.6807,8.595,8.395,8.0045,1.4278,354.3883,1.294,356.8104,1.1573,359.9643,1.0159,356.7453,0.6074,359.4231
2025-09-24 04:30:00,12.369,6.3115,86.0767,86.7467,87.0867,87.76,89.41,8.2843,8.3157,8.241,8.063,7.7125,1.2098,346.1982,1.0131,346.1143,0.926,348.7104,0.8334,344.1774,0.4674,342.8297
2025-09-24 05:00:00,12.35,6.0538,86.2933,86.9767,87.3333,88.0167,89.7133,8.1307,8.158,8.0892,7.9275,7.5864,1.6545,354.5835,1.3975,357.7225,1.2217,0.9382,1.0789,355.3075,0.7237,351.3678
2025-09-24 05:30:00,12.3337,5.8936,86.1967,86.85,87.1733,87.8833,89.69,8.037,8.071,8.0124,7.8343,7.4699,1.4809,350.301,1.271,350.6987,1.117,352.5948,0.9985,348.5709,0.6318,346.4738
2025-09-24 06:00:00,12.33,5.7948,85.8567,86.5,86.7933,87.4367,89.0667,7.9802,8.0179,7.9751,7.8243,7.5437,1.9646,347.7015,1.6133,350.6258,1.4068,349.931,1.2853,347.9344,0.9066,346.0454
2025-09-24 06:30:00,12.3717,6.005,84.1333,84.69,85.01,85.72,87.4567,8.2407,8.2947,8.2683,8.1341,7.883,2.3973,351.9168,2.0772,354.89,1.8278,358.3098,1.6401,356.9075,1.2561,353.8682
2025-09-24 07:00:00,12.6243,6.8743,83.0333,83.42,83.5,84.1233,85.52,8.5537,8.656,8.6967,8.5957,8.48,2.2597,355.1882,1.935,357.5285,1.7241,1.0328,1.543,356.0646,1.1179,356.6675
2025-09-24 07:30:00,13.082,8.5154,80.7203,80.9947,81.0397,81.6493,82.84,9.1197,9.248,9.3393,9.2727,9.3127,2.1876,353.5068,1.9572,356.6111,1.7653,0.5871,1.5865,357.2797,1.1841,354.6782
2025-09-24 08:00:00,13.2897,10.551,76.4537,76.814,76.9573,77.649,78.946,10.105,10.2347,10.3467,10.2973,10.405,1.8799,3.4768,1.6538,5.5756,1.465,10.1,1.3197,7.1333,0.9029,5.4145
2025-09-24 08:30:00,13.6217,12.3423,71.6103,72.0643,72.4463,73.2913,74.974,11.0783,11.2147,11.3357,11.332,11.478,2.406,27.8866,2.2353,31.1494,2.0347,35.7234,1.84,33.5132,1.4225,33.0504
2025-09-24 09:00:00,14.098,14.382,67.6897,68.096,68.2233,68.9383,70.3567,11.985,12.142,12.2943,12.3123,12.5543,2.7392,1.7081,2.3738,3.623,2.1114,4.7719,1.9225,2.6626,1.4376,2.4844
2025-09-24 09:30:00,14.215,16.6833,65.1797,65.413,65.5053,66.1913,67.761,12.6053,12.7273,12.8967,12.926,13.178,3.2527,4.4672,2.8799,5.688,2.619,11.905,2.3901,9.4329,2.0286,7.3717
2025-09-24 10:00:00,14.2337,18.346,61.206,61.5627,61.819,62.581,64.3093,13.175,13.293,13.4437,13.475,13.665,3.7754,6.9765,3.3229,12.5117,3.0221,15.4488,2.7375,11.9544,2.3154,9.3482
2025-09-24 10:30:00,14.246,19.258,57.3193,57.7287,58.1057,58.917,60.785,13.6267,13.754,13.8913,13.9367,14.0743,3.7288,18.7403,3.312,20.3148,2.9901,23.2614,2.7124,21.015,2.2891,17.9944
2025-09-24 11:00:00,14.245,19.625,55.1673,55.6167,56.0103,56.757,58.5437,14.0583,14.1923,14.35,14.405,14.6353,4.5725,32.1314,4.1569,33.8561,3.7815,36.3454,3.5014,35.3363,2.9182,33.0922
2025-09-24 11:30:00,14.0733,19.7763,50.7153,51.154,51.577,52.3847,54.2607,14.503,14.6307,14.7883,14.8463,15.0843,4.4457,29.7891,4.0903,32.6939,3.746,35.7604,3.428,33.4372,2.8627,31.1629
2025-09-24 12:00:00,13.805,19.8253,49.5467,49.9733,50.3863,51.236,53.1643,14.7577,14.8723,15.0313,15.075,15.2963,4.4714,25.2583,4.0633,26.0193,3.7318,28.6481,3.4067,27.3387,2.9076,25.6832
2025-09-24 12:30:00,13.802,20.4697,48.5733,48.9243,49.2477,49.9883,51.6997,15.262,15.3893,15.5513,15.6147,15.865,4.0929,14.4655,3.6608,16.3396,3.3017,18.9012,3.0045,16.3391,2.5323,13.4977
2025-09-24 13:00:00,13.801,20.9997,45.2997,45.7723,46.3167,47.2367,49.3767,15.3713,15.4613,15.5863,15.5983,15.714,4.1652,22.0629,3.6552,23.4564,3.3028,26.3211,3.0417,22.6674,2.5918,19.5153
2025-09-24 13:30:00,13.8003,21.385,45.419,45.8217,46.3083,47.1503,49.1803,15.7593,15.8523,15.9743,15.9957,16.1607,3.9535,25.5132,3.5439,25.436,3.2105,30.0368,2.9352,26.5541,2.4642,24.2589
2025-09-24 14:00:00,13.7937,21.827,45.5397,46.1517,46.7903,47.734,49.965,16.004,16.0623,16.1447,16.1153,16.1727,3.3568,29.9807,3.0517,32.2196,2.7586,36.2002,2.5517,32.6363,2.1551,30.872
2025-09-24 14:30:00,13.8123,21.1773,45.2687,45.7397,46.4097,47.418,49.7567,15.861,15.905,15.9303,15.844,15.7033,3.9178,27.6724,3.4864,29.7886,3.1347,33.6479,2.8494,31.4644,2.3862,28.7969
2025-09-24 15:00:00,13.8357,19.9147,43.503,43.963,44.6587,45.6797,48.171,15.9333,15.9573,15.973,15.8687,15.642,3.758,18.0481,3.3076,18.7527,3.0127,24.6068,2.7521,23.4329,2.2934,23.285
2025-09-24 15:30:00,13.835,19.599,40.9393,41.477,42.1337,43.2087,45.7483,16.089,16.1113,16.128,16.035,15.825,3.9773,23.4463,3.6016,27.1665,3.2094,31.2576,2.9383,29.4179,2.448,28.5146
2025-09-24 16:00:00,13.844,18.9793,41.158,41.678,42.2977,43.2577,45.8397,15.8123,15.7927,15.769,15.6103,15.2717,3.3205,27.3837,2.9328,30.3661,2.6695,32.8749,2.4613,31.0136,2.0086,29.1784
2025-09-24 16:30:00,13.6043,17.4407,42.131,42.8313,43.6407,44.8513,47.9603,15.4787,15.432,15.3453,15.1243,14.621,1.7109,10.1081,1.4872,14.5631,1.3624,19.9723,1.2093,18.4009,0.774,18.6969
2025-09-24 17:00:00,13.1043,15.7243,43.149,44.0767,44.9983,46.2747,49.6773,15.0523,14.965,14.8333,14.5867,13.9707,1.4095,356.5951,1.1605,359.6116,1.0429,0.8811,0.9388,0.0288,0.4732,359.1432
2025-09-24 17:30:00,12.996,14.1047,44.3457,45.2793,46.2853,47.49,50.4603,14.6133,14.5207,14.357,14.092,13.467,1.1527,327.7538,0.9205,328.4507,0.796,331.0919,0.7034,326.0327,0.3356,328.6642
2025-09-24 18:00:00,12.924,12.599,51.3147,52.0393,52.5217,53.3373,55.5483,13.7737,13.7177,13.6133,13.412,12.9193,1.2402,318.4172,0.9874,320.3225,0.8506,318.811,0.7485,311.9075,0.3343,304.7897
2025-09-24 18:30:00,12.883,11.478,58.5567,59.248,59.694,60.4783,62.9157,13.2137,13.176,13.112,12.911,12.3913,1.1305,318.4624,0.9221,318.1005,0.8378,318.0336,0.7537,311.7747,0.3855,307.111
2025-09-24 19:00:00,12.834,10.583,61.122,61.94,62.622,63.4883,65.7663,12.812,12.758,12.6457,12.4343,11.9507,1.0782,320.242,0.8866,318.7581,0.7455,322.0697,0.6472,316.2461,0.2862,312.102
2025-09-24 19:30:00,12.799,9.8423,62.4327,63.206,63.6423,64.3863,66.4663,12.4473,12.405,12.3247,12.141,11.6813,1.2043,319.9233,0.9883,324.5568,0.8968,326.3368,0.8097,322.4861,0.3955,319.6995
2025-09-24 20:00:00,12.7673,9.2497,64.2853,65.0343,65.5563,66.3757,68.5747,12.026,11.9907,11.9077,11.7037,11.221,1.1115,319.3974,0.9515,321.0279,0.8145,321.9585,0.7287,316.6403,0.3071,313.0245
2025-09-24 20:30:00,12.7337,8.8357,66.241,67.0927,67.677,68.478,70.841,11.6987,11.6653,11.5827,11.3843,10.901,0.9891,316.6346,0.8607,311.7938,0.7502,313.612,0.6845,305.4432,0.3371,301.6017
2025-09-24 21:00:00,12.708,8.6023,67.398,68.182,68.707,69.4997,71.5453,11.539,11.5303,11.4587,11.282,10.8827,1.318,328.0325,1.1189,323.9277,0.9974,318.3055,0.9112,313.4242,0.5377,309.4274
2025-09-24 21:30:00,12.68,8.684,65.3193,66.0947,66.6727,67.5323,69.671,11.8043,11.7727,11.707,11.5117,11.134,2.056,350.8068,1.7374,349.7569,1.5401,351.5242,1.3729,349.8191,0.9482,351.2798
2025-09-24 22:00:00,12.6567,9.0103,63.6417,64.4123,65.0107,65.8587,67.9243,11.9303,11.9123,11.8313,11.6437,11.276,2.2394,346.5293,1.9084,346.5584,1.6457,348.383,1.4746,344.0642,1.0423,341.0109
2025-09-24 22:30:00,12.6327,9.1877,64.4163,65.065,65.618,66.4807,68.566,11.7053,11.714,11.6403,11.4473,11.0667,2.283,348.4565,1.9914,350.1956,1.7625,349.9625,1.5791,347.9218,1.1394,345.9533
2025-09-24 23:00:00,12.609,9.2243,65.2073,65.87,66.4023,67.2647,69.3183,11.5127,11.5187,11.4493,11.266,10.8817,2.2636,353.5759,1.9404,357.855,1.7161,0.0296,1.5425,357.5428,1.1087,358.08
2025-09-24 23:30:00,12.586,9.1047,65.6713,66.3603,66.889,67.749,69.9003,11.3837,11.3783,11.2873,11.0953,10.693,1.9931,350.3663,1.6322,352.2311,1.4423,354.4511,1.2958,349.6211,0.8729,349.2179
2025-09-25 00:00:00,12.5647,8.9177,66.771,67.4497,67.981,68.844,70.9503,11.0757,11.0847,11.013,10.816,10.448,2.0508,354.5988,1.7768,355.0097,1.5732,358.9046,1.4236,358.0682,1.0033,356.0665
2025-09-25 00:30:00,12.5463,8.8017,66.432,67.0363,67.5317,68.406,70.413,10.973,10.998,10.945,10.7583,10.4113,2.3161,2.073,2.0523,4.7373,1.81,10.2798,1.6153,6.474,1.232,6.4994
2025-09-25 01:00:00,12.5243,8.789,66.7563,67.3453,67.7267,68.531,70.59,10.8203,10.847,10.7913,10.628,10.2657,2.355,1.505,1.9979,5.5024,1.7779,6.7128,1.5935,3.8245,1.225,2.2824
2025-09-25 01:30:00,12.5027,8.7047,66.6133,67.3333,67.8153,68.6587,70.7487,10.7407,10.7553,10.7053,10.512,10.1417,1.9916,356.4718,1.6636,358.7754,1.4702,1.7058,1.3145,358.0725,0.8785,356.6813
2025-09-25 02:00:00,12.4813,8.5797,67.746,68.4133,68.8583,69.5847,71.4393,10.5573,10.5763,10.5303,10.3647,10.0447,2.0944,346.2827,1.7884,345.0918,1.6081,346.0439,1.4824,342.0177,1.0732,340.1885
2025-09-25 02:30:00,12.4593,8.4443,70.2257,70.816,71.21,71.9367,73.8463,10.1657,10.1903,10.1543,9.9847,9.659,1.9953,345.1388,1.6819,350.93,1.4781,352.1939,1.3263,349.6077,0.8877,348.7247
2025-09-25 03:00:00,12.4373,8.2297,71.6483,72.2613,72.5953,73.2997,75.086,9.9127,9.94,9.924,9.754,9.4533,2.0983,343.2267,1.8356,343.2698,1.6619,345.3667,1.5312,342.7179,1.0821,339.7649
2025-09-25 03:30:00,12.416,8.144,72.7093,73.3287,73.6677,74.349,76.0377,9.741,9.767,9.744,9.6003,9.3347,2.1804,350.2625,1.8705,353.7805,1.6688,356.6583,1.5064,353.9206,1.0856,352.3502
2025-09-25 04:00:00,12.3953,8.0663,74.088,74.5833,74.8193,75.4333,77.0283,9.5443,9.5793,9.5747,9.4187,9.1627,2.6946,348.6138,2.342,350.2535,2.1053,353.922,1.8971,349.5873,1.4728,347.7357
2025-09-25 04:30:00,12.375,7.9472,76.2597,76.7557,77.0357,77.7073,79.3287,9.2537,9.3083,9.278,9.1267,8.8677,2.5983,0.0664,2.2801,4.8574,1.9933,7.9999,1.7853,3.6308,1.3916,2.5555
2025-09-25 05:00:00,12.3577,7.8923,77.2513,77.724,77.9553,78.5943,80.196,9.178,9.2327,9.2077,9.092,8.848,2.7192,354.9148,2.3483,357.1863,2.1037,1.9418,1.8866,0.5684,1.5388,0.4478
2025-09-25 05:30:00,12.341,7.8372,77.7793,78.3747,78.7293,79.453,81.1767,9.1613,9.199,9.163,9.0093,8.7357,2.0515,354.4659,1.7322,355.8696,1.541,357.3842,1.3666,354.2835,0.9632,355.0578
2025-09-25 06:00:00,12.3393,7.6025,77.616,78.1103,78.4597,79.1917,81.0333,9.1643,9.2123,9.179,9.0243,8.737,2.5362,351.5295,2.2202,355.6895,1.9766,355.9598,1.7533,351.9591,1.3605,350.9237
2025-09-25 06:30:00,12.3867,7.6212,77.8413,78.372,78.6377,79.2823,80.8633,9.1383,9.194,9.1877,9.063,8.8543,2.644,349.6015,2.2536,352.6035,1.9999,356.6082,1.8069,354.6852,1.3931,352.758
2025-09-25 07:00:00,12.5463,7.9666,77.764,78.176,78.3457,78.963,80.4153,9.2073,9.284,9.2933,9.199,9.045,2.9152,351.4726,2.5678,354.895,2.2882,355.5487,2.0608,352.2475,1.5817,349.2821
2025-09-25 07:30:00,13.1793,9.37,74.418,74.617,74.6253,75.0893,75.9643,9.972,10.126,10.2443,10.2347,10.3663,2.9971,1.5635,2.6268,6.3828,2.3283,8.8428,2.1181,6.3642,1.6686,4.0659
2025-09-25 08:00:00,13.4303,11.8147,70.821,71.0317,71.0193,71.456,72.408,10.513,10.669,10.7943,10.793,10.926,3.5938,3.3714,3.2046,2.368,2.8514,7.421,2.5883,6.1016,2.1068,5.0366
2025-09-25 08:30:00,13.3187,13.6383,68.799,69.178,69.321,69.8937,71.242,10.92,11.0293,11.1153,11.078,11.0857,3.3749,3.1384,2.9505,5.6223,2.6168,8.0918,2.3727,6.4001,1.8992,1.8641
2025-09-25 09:00:00,13.9887,14.4603,65.1677,65.431,65.579,66.1557,67.4537,11.799,11.957,12.1067,12.1437,12.3723,3.4657,17.87,3.0415,19.2326,2.7549,23.4528,2.502,21.6129,2.0628,20.6056
2025-09-25 09:30:00,13.7557,15.859,62.7467,63.217,63.5773,64.355,66.089,12.3503,12.4483,12.532,12.478,12.4773,2.796,19.6907,2.4792,22.1956,2.2496,25.664,2.0582,21.6439,1.6194,21.7565
2025-09-25 10:00:00,14.2177,16.8127,57.999,58.336,58.5897,59.2777,61.0127,13.3167,13.4577,13.5923,13.6333,13.8307,3.2564,14.2741,2.8472,15.8275,2.599,19.6667,2.3644,14.0537,1.997,13.9065
2025-09-25 10:30:00,14.2347,17.599,56.2627,56.7123,57.1667,58.0487,60.1647,13.5313,13.641,13.7437,13.7403,13.825,3.8061,31.812,3.4485,32.6974,3.1105,34.4504,2.8472,31.17,2.3583,27.7774
2025-09-25 11:00:00,14.229,18.262,54.5363,54.938,55.3657,56.1973,58.12,14.0747,14.2067,14.351,14.385,14.5503,3.5145,19.0535,3.1116,23.5036,2.8424,26.4268,2.607,25.2546,2.181,22.2092
2025-09-25 11:30:00,14.2313,18.5713,52.516,52.9597,53.449,54.329,56.3513,14.4557,14.5633,14.6747,14.6943,14.847,4.6866,36.1737,4.3582,38.4695,3.9703,43.3372,3.6848,40.9938,3.0746,39.8295
2025-09-25 12:00:00,13.8783,19.1763,49.753,50.1647,50.6353,51.4193,53.0623,15.1437,15.2627,15.4337,15.488,15.7293,4.4784,33.1025,4.1042,36.1569,3.6963,38.3347,3.4198,35.714,2.8529,33.429
2025-09-25 12:30:00,13.8127,19.8527,49.263,49.6673,50.1213,50.9327,52.847,15.0673,15.153,15.2807,15.2943,15.4217,4.4442,31.1882,4.0914,31.6851,3.729,36.7723,3.4435,32.4509,2.9134,29.8548
2025-09-25 13:00:00,13.8227,19.691,49.88,50.3267,50.8033,51.6563,53.635,14.854,14.9223,14.987,14.9523,14.9317,4.491,29.3143,4.0744,29.8875,3.6953,33.9009,3.4095,32.9053,2.8483,31.9012
2025-09-25 13:30:00,13.8373,18.9773,49.6577,50.1347,50.6797,51.619,53.748,15.1237,15.2023,15.2833,15.2687,15.3043,4.0491,24.198,3.6754,25.641,3.3303,30.1166,3.0432,28.2788,2.558,24.1893
2025-09-25 14:00:00,13.8017,19.8243,45.8217,46.273,46.79,47.645,49.499,15.6013,15.6847,15.805,15.829,15.9743,4.9921,34.8937,4.609,37.8371,4.2565,40.7153,3.9533,37.8285,3.2952,35.2576
2025-09-25 14:30:00,13.8227,19.7617,47.461,47.9513,48.4673,49.3037,51.392,15.0253,15.0673,15.1017,15.0223,14.9027,5.6751,39.1785,5.218,39.6763,4.7676,45.432,4.459,43.1107,3.7284,40.2834
2025-09-25 15:00:00,13.8533,18.338,48.9373,49.496,50.161,51.1463,53.3257,14.647,14.6853,14.6927,14.5917,14.4427,3.9805,46.5022,3.6081,46.5505,3.2961,46.7671,3.0872,44.2332,2.5234,44.7767
2025-09-25 15:30:00,13.867,16.98,49.9117,50.5443,51.1803,52.1663,54.4027,14.5847,14.5987,14.5933,14.493,14.294,3.0644,42.1258,2.7849,43.3496,2.5325,47.2401,2.3531,44.3148,1.8894,42.3915
2025-09-25 16:00:00,13.3563,16.0367,48.167,48.6927,49.1757,50.007,51.9983,14.6917,14.7093,14.714,14.5833,14.3787,3.4997,27.6342,3.1057,30.0802,2.8028,31.64,2.5613,29.4995,2.1181,28.7304
2025-09-25 16:30:00,13.0967,15.338,47.5413,48.0313,48.475,49.3173,51.241,14.4923,14.506,14.489,14.3637,14.1133,3.2993,33.9673,2.9949,36.6046,2.7608,38.0012,2.5815,35.9886,2.1029,36.4266
2025-09-25 17:00:00,12.986,14.6833,45.0673,45.5247,46.0257,46.8917,48.993,14.391,14.404,14.367,14.2147,13.9207,2.8629,35.2483,2.6085,37.1268,2.3927,40.1395,2.2296,38.4492,1.767,38.7122
2025-09-25 17:30:00,12.9307,14.1527,45.261,45.8637,46.387,47.267,49.54,14.131,14.1133,14.0567,13.9193,13.574,2.2224,43.2529,2.024,43.8205,1.8407,46.4273,1.7228,43.7945,1.298,40.714
2025-09-25 18:00:00,12.8833,13.6743,45.609,46.0717,46.4207,47.0957,48.757,13.8893,13.9037,13.8733,13.755,13.491,4.3756,40.2691,3.9276,39.9382,3.5574,44.2074,3.3202,40.4132,2.7102,38.8853
2025-09-25 18:30:00,12.8437,12.866,51.9423,52.8417,53.934,55.4237,58.834,12.9643,12.9403,12.8447,12.6197,12.212,3.8876,46.8505,3.5341,47.5956,3.222,49.2328,3.0016,47.0676,2.4054,45.3084
2025-09-25 19:00:00,12.808,11.9657,48.985,49.6067,50.3807,51.4087,53.9697,13.1933,13.189,13.1213,12.929,12.5937,3.2081,39.1545,2.9367,42.5716,2.6939,45.5921,2.4988,43.7989,2.026,41.8073
2025-09-25 19:30:00,12.7783,11.8247,48.983,49.5807,50.1197,50.92,52.9493,13.155,13.1613,13.1343,12.976,12.7,2.4774,33.4651,2.19,35.4686,1.9713,36.7316,1.8241,33.9268,1.4376,31.3233
2025-09-25 20:00:00,12.7457,11.878,48.9977,49.4637,49.9267,50.7773,52.7223,13.1593,13.179,13.1503,12.991,12.7187,2.974,40.116,2.7081,42.0983,2.4483,46.6423,2.2697,42.5578,1.7999,41.4641
2025-09-25 20:30:00,12.7197,11.996,49.392,49.8297,50.2283,50.9423,52.7007,13.1137,13.1267,13.1247,12.9673,12.7257,3.5432,37.5845,3.2109,37.2833,2.9531,41.9371,2.7632,38.9772,2.2684,37.3474
2025-09-25 21:00:00,12.6917,12.139,50.1953,50.6173,51.003,51.6953,53.2913,13.0923,13.1113,13.1013,12.9597,12.7457,4.6186,42.3154,4.2001,44.0831,3.8115,46.9616,3.5498,42.9927,2.8917,40.9621
2025-09-25 21:30:00,12.666,12.272,52.5827,52.994,53.4047,54.126,55.78,12.857,12.885,12.873,12.7317,12.5097,3.8784,43.2731,3.5722,44.7776,3.2695,48.8485,3.0326,45.4034,2.4626,43.0288
2025-09-25 22:00:00,12.6453,12.2693,52.4917,52.9317,53.372,54.1437,55.8843,12.8197,12.8267,12.8203,12.658,12.4213,3.2813,44.8002,2.9831,44.374,2.7083,47.4811,2.5079,43.4497,2.0168,41.4883
2025-09-25 22:30:00,12.6233,12.1823,53.3073,53.8717,54.3073,55.075,56.9587,12.6323,12.6473,12.623,12.471,12.2173,2.1133,40.7921,1.9132,44.0608,1.7477,46.1834,1.6194,42.2412,1.2191,41.039
2025-09-25 23:00:00,12.601,11.9473,54.3237,55.009,55.6113,56.633,59.0273,12.3627,12.3433,12.2847,12.1047,11.7743,1.8446,43.7746,1.6403,45.0388,1.4879,48.1602,1.3779,45.9962,0.9199,43.6062
2025-09-25 23:30:00,12.577,11.629,53.773,54.3317,54.84,55.6817,57.7873,12.3513,12.3503,12.313,12.1493,11.8587,2.3655,44.3671,2.1179,43.5214,1.938,47.5345,1.8028,44.7965,1.3618,41.9668
2025-09-26 00:00:00,12.5553,11.5033,54.456,54.9297,55.401,56.2347,58.1973,12.34,12.3557,12.3173,12.147,11.8567,2.6547,39.848,2.3457,38.8496,2.1301,40.6758,1.9587,38.6393,1.5525,35.8448
2025-09-26 00:30:00,12.5343,11.4383,55.787,56.3807,56.898,57.686,59.5927,12.1827,12.199,12.143,12.021,11.7733,2.0687,37.3484,1.8831,41.7895,1.7011,45.6543,1.5789,41.9195,1.1747,39.6638
2025-09-26 01:00:00,12.5133,11.4007,56.679,57.2507,57.7107,58.4323,60.3533,12.0383,12.0627,12.04,11.897,11.6343,2.0218,35.3684,1.8441,38.1908,1.7098,40.5347,1.5734,37.4707,1.2039,36.776
2025-09-26 01:30:00,12.4927,11.2857,58.392,58.898,59.3807,60.153,61.9303,11.8673,11.8983,11.8663,11.7263,11.4747,1.9215,28.249,1.7311,30.7324,1.5697,31.1143,1.428,28.9307,1.0366,29.6249
2025-09-26 02:00:00,12.4707,11.1863,60.2303,60.9083,61.458,62.2137,64.2233,11.6247,11.6567,11.6193,11.5007,11.261,1.191,26.7405,1.0083,29.7874,0.894,33.4409,0.7984,30.3355,0.402,31.1956
2025-09-26 02:30:00,12.4503,11.023,61.3513,62.0767,62.6413,63.4893,65.4427,11.4093,11.443,11.4133,11.2923,11.0513,1.0882,6.4118,0.9062,8.8902,0.8145,12.6957,0.7115,9.7412,0.3687,10.5321
2025-09-26 03:00:00,12.43,10.857,62.913,63.362,63.7177,64.413,66.194,11.1217,11.1877,11.1803,11.0683,10.856,1.6956,7.0456,1.4643,9.8856,1.2975,10.3637,1.1309,6.8032,0.7378,6.3588
2025-09-26 03:30:00,12.4107,10.7167,65.132,65.5343,65.7703,66.4613,68.11,10.8527,10.931,10.9427,10.8223,10.6597,1.7424,12.8642,1.4942,13.7101,1.3724,16.119,1.2182,13.9712,0.8228,13.2064
2025-09-26 04:00:00,12.3907,10.6127,66.7497,67.1743,67.3883,67.9427,69.3863,10.8653,10.9313,10.941,10.8183,10.678,1.9872,33.3482,1.8289,34.215,1.6662,36.9188,1.5281,33.1714,1.1409,34.6682
2025-09-26 04:30:00,12.373,10.571,68.044,68.536,68.8203,69.4193,70.8133,10.818,10.886,10.8793,10.7783,10.6307,2.2388,33.1624,1.9933,35.1745,1.8025,38.2584,1.6682,35.6307,1.2574,33.7911
2025-09-26 05:00:00,12.3547,10.5063,68.9797,69.3777,69.6113,70.1687,71.522,10.745,10.819,10.811,10.731,10.548,2.1647,32.0072,1.9439,33.2214,1.7481,35.3419,1.5937,32.983,1.2483,31.3392
2025-09-26 05:30:00,12.3413,10.4183,69.7613,70.2177,70.489,71.1313,72.5727,10.706,10.763,10.769,10.6697,10.4897,2.457,31.8535,2.2599,34.8784,2.0445,39.4573,1.862,37.8156,1.4582,37.1266
2025-09-26 06:00:00,12.3317,10.3513,71.007,71.439,71.663,72.285,73.775,10.6173,10.6853,10.6933,10.5627,10.437,2.1954,38.4068,2.0192,41.2004,1.8359,44.0908,1.698,40.302,1.3088,39.0554
2025-09-26 06:30:00,12.3427,10.4013,71.5907,72.0357,72.3133,72.948,74.4393,10.6523,10.715,10.736,10.649,10.529,2.1935,34.8323,2.0025,38.043,1.8045,39.665,1.654,37.7517,1.2655,38.0471
2025-09-26 07:00:00,12.3737,10.641,71.9263,72.391,72.6397,73.274,74.7363,10.7807,10.8823,10.913,10.8223,10.7507,2.0456,40.301,1.8269,39.9952,1.6695,42.8627,1.5406,39.4063,1.1396,38.3268
2025-09-26 07:30:00,12.3737,10.9223,72.4537,72.8857,73.113,73.759,75.2677,10.8723,10.9537,10.9977,10.925,10.8093,2.4718,42.2239,2.2725,43.0441,2.0806,44.4475,1.9319,42.1307,1.5099,40.3506
2025-09-26 08:00:00,12.705,11.2863,72.7997,73.141,73.3707,73.9073,75.2397,11.133,11.239,11.3207,11.2967,11.3427,2.2035,38.7891,2.0245,42.2089,1.8315,44.2367,1.6873,41.8872,1.2858,39.2118
2025-09-26 08:30:00,13.3687,12.816,71.3017,71.5827,71.699,72.2667,73.2533,11.9957,12.1307,12.2877,12.3353,12.6117,2.5219,47.2673,2.3346,47.1487,2.1506,51.0892,2.0027,48.3876,1.5552,45.4579
2025-09-26 09:00:00,13.2723,14.751,72.0143,72.4243,72.7287,73.4163,74.771,12.209,12.31,12.4273,12.4433,12.6243,2.7971,58.2828,2.5848,57.2814,2.3544,61.4584,2.1982,57.8918,1.7218,53.6057
2025-09-26 09:30:00,13.1977,15.2187,72.8083,73.3597,73.8383,74.5437,76.178,12.3713,12.481,12.587,12.5743,12.6703,2.2723,52.5121,2.0804,52.7168,1.8894,57.8516,1.7614,54.7961,1.3032,50.694
2025-09-26 10:00:00,13.4183,15.507,72.3033,72.7557,73.1687,73.935,75.4427,12.5983,12.731,12.8877,12.9313,13.171,2.4422,59.9406,2.2427,59.443,2.0497,61.5834,1.908,57.5954,1.4541,54.3764
2025-09-26 10:30:00,13.304,15.7693,72.23,72.8057,73.3597,74.2493,76.1113,12.8687,12.964,13.0567,13.0377,13.1127,2.4624,68.2961,2.2647,71.0946,2.046,74.4019,1.9003,71.3571,1.4053,68.4598
2025-09-26 11:00:00,13.449,15.775,70.608,71.2123,71.8593,72.7597,74.577,13.0113,13.1013,13.2067,13.1937,13.3057,3.077,79.8167,2.8143,78.0265,2.5027,79.57,2.2886,76.3374,1.7187,73.9163
2025-09-26 11:30:00,13.521,15.8003,70.8323,71.5713,72.2293,73.161,75.0557,12.9447,13.0557,13.1533,13.1497,13.237,3.0654,73.3419,2.7723,75.2388,2.4879,78.6015,2.269,74.687,1.7117,72.2707
2025-09-26 12:00:00,13.6783,15.9367,70.4407,70.9357,71.3997,72.198,73.9693,13.1787,13.292,13.4017,13.4037,13.53,2.7161,64.7312,2.5517,65.4855,2.3322,67.8665,2.1697,63.8023,1.6434,61.2568
2025-09-26 12:30:00,13.8823,16.0573,69.17,69.7537,70.3383,71.276,73.264,13.4247,13.5347,13.631,13.641,13.7423,2.3111,59.0714,2.1083,59.0869,1.913,61.0748,1.7716,59.3502,1.3415,57.0174
2025-09-26 13:00:00,14.2073,16.628,68.6903,69.4277,70.0593,71.0857,73.198,13.7237,13.8533,13.9487,13.984,14.1393,2.3285,72.1365,2.176,73.4798,1.9421,76.4948,1.7788,72.6087,1.3354,70.454
2025-09-26 13:30:00,14.1937,17.4363,67.4663,68.0297,68.604,69.5203,71.4817,14.061,14.1963,14.3533,14.4157,14.6883,2.5066,66.0337,2.3466,66.7391,2.1508,70.7245,2.012,67.3709,1.6035,63.086
2025-09-26 14:00:00,14.1777,18.458,67.2263,67.9463,68.698,69.8277,71.7533,14.2577,14.3983,14.552,14.621,14.9323,2.5068,76.0762,2.3102,77.344,2.0813,78.8546,1.9175,75.3112,1.487,73.8651
2025-09-26 14:30:00,14.1457,19.0297,66.8093,67.6237,68.5607,69.8843,72.2507,14.4053,14.4833,14.5687,14.5637,14.639,2.5358,81.8209,2.3518,83.0955,2.0802,87.1453,1.9008,84.0733,1.4336,82.0632
2025-09-26 15:00:00,13.7873,18.3713,67.0817,67.818,68.5967,69.7467,72.221,14.45,14.524,14.584,14.555,14.5497,2.0399,70.5631,1.855,71.8845,1.6717,72.8533,1.5351,71.2482,1.1094,69.3067
2025-09-26 15:30:00,13.8077,17.791,67.8753,68.4847,69.176,70.1457,72.7233,14.4913,14.5677,14.6193,14.567,14.4783,1.5179,71.2489,1.4156,72.4817,1.281,73.9159,1.1808,72.4849,0.7439,70.8441
2025-09-26 16:00:00,13.8113,18.2687,66.36,66.9543,67.721,68.7213,71.0067,14.8653,14.933,15.037,15.0453,15.137,1.3888,66.8347,1.3023,70.1429,1.1823,73.9258,1.0773,72.0292,0.6792,67.2066
2025-09-26 16:30:00,13.8027,18.841,66.008,66.5227,67.0287,67.9713,70.1643,14.9793,15.0223,15.067,14.9853,14.8947,2.0186,39.1868,1.8282,40.1584,1.6503,43.33,1.5197,40.621,1.0882,37.767
2025-09-26 17:00:00,13.406,17.8167,67.5737,68.3367,69.1677,70.5373,73.496,14.779,14.7893,14.779,14.632,14.392,1.4299,52.9254,1.279,54.2281,1.1329,55.5642,1.0338,53.1146,0.4525,50.6734
2025-09-26 17:30:00,13.0593,16.5603,68.4113,69.081,69.6687,70.705,73.273,14.676,14.6773,14.6493,14.499,14.197,1.7111,38.5194,1.499,40.4296,1.3396,42.1014,1.2257,41.5854,0.7677,40.4743
2025-09-26 18:00:00,12.974,15.288,72.089,72.7377,73.1687,74.038,76.0393,13.721,13.718,13.6723,13.5,13.1823,2.2945,38.356,2.0802,40.0429,1.8546,45.6195,1.6984,43.0695,1.2588,41.2088
2025-09-26 18:30:00,12.9207,13.5763,75.9067,76.8493,77.8143,79.2197,82.5287,12.9353,12.8557,12.664,12.3177,11.5957,1.303,44.4719,1.1279,47.4498,0.9783,53.1301,0.8803,52.4335,0.3275,47.497
2025-09-26 19:00:00,12.8737,11.8113,78.138,79.2753,80.5303,82.0567,85.58,12.3413,12.2287,11.9977,11.653,10.9483,0.9225,39.1999,0.7674,46.1797,0.6307,49.8021,0.539,48.1568,0.118,46.1875
2025-09-26 19:30:00,12.8397,10.842,78.773,79.7213,80.5537,81.71,84.5933,12.131,12.0663,11.937,11.699,11.1967,1.3271,45.1967,1.1514,51.9858,1.0257,57.5961,0.9367,56.1074,0.3846,54.9625
2025-09-26 20:00:00,12.8073,10.1903,79.635,80.871,82.1333,83.5867,86.7667,11.905,11.806,11.5463,11.1703,10.3873,0.8003,40.1738,0.6383,45.0887,0.4837,53.761,0.4072,52.0685,0.0706,51.0634
2025-09-26 20:30:00,12.773,9.1767,81.9233,83.72,86.0667,88.6567,92.1533,11.4253,11.2187,10.7207,10.042,9.068,1.085,42.7563,0.9369,53.9549,0.8232,62.49,0.6923,62.7474,0.1524,57.367
2025-09-26 21:00:00,12.7383,8.483,82.2733,84.04,85.4467,87.04,90.2567,11.2757,11.088,10.8053,10.436,9.7033,0.637,31.017,0.5283,46.3229,0.4545,56.6011,0.4033,56.6853,0.0869,52.7915
2025-09-26 21:30:00,12.7087,7.9942,82.8967,85.9333,88.43,90.2067,93.3467,11.211,10.822,10.3793,9.9603,9.0593,0.3983,320.6637,0.1818,337.0084,0.1152,8.8917,0.0754,16.6652,0.0248,37.5
2025-09-26 22:00:00,12.681,7.7061,83.7433,85.25,86.6367,87.9133,91.69,11.18,11.0733,10.8717,10.6273,9.966,0.9595,319.4868,0.806,315.5945,0.6355,315.0598,0.5063,309.6334,0.1335,305.8679
2025-09-26 22:30:00,12.655,7.9935,84.0533,85.23,86.0333,86.98,89.4267,11.2173,11.1703,11.053,10.8747,10.4507,0.7772,323.0018,0.6559,322.827,0.5471,328.9864,0.4347,324.4525,0.1496,323.113
2025-09-26 23:00:00,12.632,8.399,85.2167,86.09,86.62,87.3,89.2033,11.1157,11.1257,11.073,10.9273,10.613,0.8221,312.1548,0.6993,308.6049,0.6078,308.5856,0.5192,302.8769,0.1945,300.7101
2025-09-26 23:30:00,12.6083,8.6863,86.44,87.57,88.1733,88.8133,90.6033,10.8687,10.8357,10.7907,10.6427,10.3157,0.8062,300.6744,0.5719,300.6812,0.4212,304.7752,0.2973,295.0198,0.0714,291.3169
2025-09-27 00:00:00,12.5857,8.7027,87.5267,88.62,89.2533,89.9067,91.7767,10.695,10.6777,10.6027,10.473,10.1313,0.9966,311.5778,0.7561,310.8028,0.5873,314.3585,0.4846,307.2521,0.1302,303.5403
2025-09-27 00:30:00,12.563,8.9237,86.4367,87.49,87.9833,88.6667,90.43,10.8453,10.8467,10.822,10.6997,10.4813,0.9499,343.0155,0.8097,341.4331,0.6699,342.496,0.5682,336.8647,0.2267,339.6569
2025-09-27 01:00:00,12.5413,9.306,83.9367,84.6533,85.17,86.0133,88.08,11.1983,11.2237,11.1893,11.0413,10.802,0.9665,20.0698,0.8029,25.769,0.7032,33.3684,0.6017,33.6425,0.2189,31.0322
2025-09-27 01:30:00,12.5213,9.6687,85.0333,85.67,86.07,86.7733,88.6933,11.1723,11.212,11.2027,11.057,10.857,1.2707,32.8385,1.1144,36.0659,0.9846,38.4444,0.8785,36.4783,0.416,35.8976
2025-09-27 02:00:00,12.5017,9.986,88.3567,88.85,88.9567,89.5067,90.9267,11.0427,11.1093,11.1173,11.0177,10.8447,1.1392,20.9519,1.009,21.1341,0.9051,24.8155,0.7831,21.457,0.3661,23.0095
2025-09-27 02:30:00,12.4803,10.175,91.89,92.47,92.6033,93.1167,94.2367,10.8847,10.941,10.9533,10.8297,10.7023,1.1246,18.7472,0.9868,21.2378,0.8944,24.9285,0.7838,22.2811,0.3232,20.5724
2025-09-27 03:00:00,12.4597,10.2833,94.1367,94.63,94.7,95.08,95.9567,10.796,10.8747,10.877,10.7903,10.686,1.0771,16.7249,1.0061,19.3109,0.8833,23.3915,0.7664,21.9342,0.3423,22.1636
2025-09-27 03:30:00,12.4393,10.3867,95.6967,96.0933,96.0733,96.37,96.99,10.717,10.7863,10.8093,10.7603,10.6907,1.1137,34.6812,1.0253,37.755,0.902,39.2241,0.808,37.5643,0.3628,35.7628
2025-09-27 04:00:00,12.4207,10.5143,96.1533,96.5533,96.5367,96.82,97.4067,10.7757,10.8547,10.8843,10.7963,10.749,1.2,38.4242,1.081,40.6784,0.9754,43.1735,0.9001,41.934,0.4414,40.8326
2025-09-27 04:30:00,12.4017,10.611,96.4733,96.8633,96.82,97.0533,97.63,10.8237,10.916,10.944,10.8657,10.7787,1.0011,13.7524,0.8628,14.6129,0.7511,17.9511,0.6479,15.8322,0.248,20.0768
2025-09-27 05:00:00,12.3837,10.667,96.45,96.8267,96.7467,97.0067,97.63,10.82,10.9057,10.9353,10.8507,10.767,1.1926,45.2915,1.0987,47.2026,1.0022,50.1135,0.9214,48.9121,0.4584,43.6828
2025-09-27 05:30:00,12.3653,10.6693,96.8767,97.28,97.2033,97.4667,98.02,10.7587,10.8363,10.8583,10.775,10.7027,1.049,45.7917,0.9517,47.2194,0.8428,50.7235,0.7655,48.8903,0.2631,46.9582
2025-09-27 06:00:00,12.3503,10.601,96.82,97.22,97.2067,97.54,98.1433,10.7737,10.856,10.8707,10.7947,10.683,0.686,20.7779,0.5734,23.7865,0.4567,27.7659,0.3717,28.0381,0.1509,27.6967
2025-09-27 06:30:00,12.3463,10.6877,96.48,96.7933,96.6567,97.0767,97.7933,10.8803,10.9667,11.0133,10.9583,10.9057,1.1917,39.1327,1.1253,40.916,1.0329,42.893,0.9358,40.2757,0.5192,37.3346
2025-09-27 07:00:00,12.4207,10.9443,96.2633,96.5867,96.36,96.77,97.5267,10.9897,11.101,11.1767,11.1187,11.1387,0.4401,35.5713,0.3689,43.8377,0.3079,47.2606,0.2681,46.6697,0.0721,43.2936
2025-09-27 07:30:00,12.5127,11.4273,94.9967,95.29,95.1133,95.6267,96.5333,11.2143,11.3313,11.436,11.4053,11.4927,0.9526,30.4036,0.8803,32.5179,0.7955,35.9771,0.7189,34.5994,0.2703,31.5355
2025-09-27 08:00:00,12.5947,11.9763,94.5933,94.9033,94.7333,95.0433,95.82,11.4207,11.5083,11.613,11.596,11.7047,1.7747,39.9481,1.6516,40.2332,1.4907,41.9606,1.3502,40.605,0.933,38.1472
2025-09-27 08:30:00,12.7957,12.4397,94.4233,94.6733,94.5433,94.7667,95.41,11.5627,11.6833,11.8063,11.8173,11.9637,1.8365,43.4214,1.6856,47.4415,1.5162,49.4697,1.4121,47.4534,0.965,45.7581
2025-09-27 09:00:00,12.8363,13.0293,93.6833,93.96,93.86,94.0567,94.5067,11.746,11.887,12.037,12.0537,12.206,1.5915,65.2525,1.428,63.6395,1.2527,66.76,1.1562,63.4963,0.6498,58.6093
2025-09-27 09:30:00,12.7513,13.287,92.95,93.28,93.2633,93.5667,94.2167,11.8747,11.9797,12.085,12.0817,12.1653,1.8326,68.7868,1.6606,68.4513,1.475,70.5105,1.3646,67.0046,0.8735,63.554
2025-09-27 10:00:00,13.042,13.5607,91.7833,92.0833,91.9633,92.3033,92.8333,12.1377,12.2943,12.4603,12.497,12.7447,1.2901,88.0109,1.2398,88.3411,1.0967,88.7993,1.0164,85.8523,0.4996,82.6966
2025-09-27 10:30:00,13.4767,14.878,87.2367,87.3133,87.1233,87.6867,87.7367,13.1033,13.254,13.4603,13.5203,13.9693,0.4909,73.6024,0.4841,74.0858,0.4464,84.5734,0.4175,83.8804,0.1629,86.4342
2025-09-27 11:00:00,13.7687,17.5683,82.9007,83.2613,83.057,83.7793,83.7363,14.0663,14.2247,14.5287,14.628,15.2063,1.1281,106.7573,1.0963,107.6982,0.9791,110.448,0.9079,111.9069,0.5662,123.941
2025-09-27 11:30:00,13.8157,19.9253,79.623,79.8933,79.5017,80.0617,80.627,14.51,14.7067,15.0407,15.1673,15.6847,1.3302,129.9982,1.2313,132.3333,1.0922,135.172,1.0283,134.1201,0.639,136.8157
2025-09-27 12:00:00,13.9157,20.7123,77.254,77.6647,77.919,78.662,79.8003,14.8617,14.9997,15.208,15.3037,15.6983,1.9426,71.7265,1.7921,71.9627,1.6146,74.422,1.4837,71.6762,1.1107,69.701
2025-09-27 12:30:00,13.6823,20.5823,74.8137,75.49,76.0683,77.0803,78.9817,15.0473,15.1517,15.268,15.2787,15.4397,2.0717,95.0565,1.9208,94.2982,1.6878,96.157,1.541,92.9517,0.9669,91.7826
2025-09-27 13:00:00,13.5373,19.3843,76.5173,77.1767,77.7473,78.7593,80.776,15.013,15.0803,15.161,15.1277,15.16,1.4761,93.9265,1.3605,92.6951,1.22,94.2261,1.11,90.6016,0.5131,85.9381
2025-09-27 13:30:00,13.896,18.4627,76.3857,77.012,77.5193,78.4147,80.2037,15.1243,15.1947,15.2827,15.257,15.287,2.3302,67.0191,2.1482,66.3762,1.908,68.5353,1.759,66.0707,1.2372,64.4734
2025-09-27 14:00:00,14.187,18.12,74.5743,75.1953,75.6923,76.607,78.4953,15.2797,15.3703,15.4697,15.462,15.5403,2.021,80.6666,1.8195,82.3324,1.6383,84.1741,1.49,80.6476,1.0617,76.9823
2025-09-27 14:30:00,14.1653,18.469,74.0643,74.6043,75.0893,75.9593,77.6393,15.6883,15.813,15.97,16.025,16.2943,1.8424,117.6264,1.6701,118.6654,1.4946,119.8494,1.3766,117.1618,0.9966,116.4392
2025-09-27 15:00:00,13.766,19.589,74.1707,74.786,75.434,76.3743,78.2047,15.832,15.9363,16.0667,16.0897,16.263,1.8535,84.1119,1.6884,83.5834,1.5181,86.9652,1.3903,84.118,0.9497,82.0119
2025-09-27 15:30:00,13.7343,19.949,74.8977,75.422,75.8083,76.6403,78.3477,15.896,15.9763,16.0973,16.129,16.2553,1.8779,70.2354,1.7392,71.4288,1.5488,75.1051,1.4249,71.7162,1.0048,69.7687
2025-09-27 16:00:00,13.5287,19.5767,75.4343,76.1347,76.6963,77.572,79.6743,15.6447,15.681,15.7193,15.6573,15.5907,1.4408,58.6569,1.3454,58.5593,1.2126,60.7842,1.1237,58.6368,0.5444,56.38
2025-09-27 16:30:00,13.1263,18.2403,78.3823,79.1023,79.7127,80.6677,82.6533,15.3007,15.2963,15.29,15.1783,14.9833,1.5689,51.0773,1.4082,52.3176,1.2594,55.9955,1.1568,53.8359,0.6272,51.7455
2025-09-27 17:00:00,13.0203,16.8303,80.7087,81.3667,81.8633,82.7967,84.9067,14.9073,14.9077,14.88,14.7393,14.4853,1.347,47.4112,1.2089,49.8503,1.0911,52.0101,0.9976,49.6915,0.4075,46.2849
2025-09-27 17:30:00,12.9697,15.6933,82.74,83.7167,84.62,85.7933,88.31,14.641,14.5957,14.5097,14.3353,14.0,1.1904,54.1512,1.0013,59.0259,0.8702,64.8062,0.7731,63.004,0.1657,57.8653
2025-09-27 18:00:00,12.9197,14.7097,84.4433,85.4433,86.32,87.4867,90.0933,14.339,14.281,14.1343,13.9077,13.42,1.134,52.8962,0.9406,57.4566,0.7901,63.24,0.6967,61.155,0.1816,52.2539
2025-09-27 18:30:00,12.876,13.756,86.0467,87.1033,88.0033,89.2833,92.1367,14.0297,13.95,13.7927,13.517,12.9533,1.0007,51.3432,0.8389,60.4786,0.7089,67.2746,0.6124,67.0476,0.113,60.0219
2025-09-27 19:00:00,12.8373,13.115,86.64,87.59,88.47,89.6733,92.2433,13.893,13.8273,13.6583,13.3953,12.9097,0.9887,49.4107,0.8132,56.9851,0.6851,65.095,0.5937,64.9195,0.1206,59.6431
2025-09-27 19:30:00,12.8023,12.682,87.2633,88.58,90.44,92.25,94.7933,13.781,13.652,13.3767,13.0107,12.5287,0.8674,55.3257,0.6864,63.0238,0.5706,69.2786,0.4761,66.2924,0.061,67.9189
2025-09-27 20:00:00,12.7683,12.255,88.63,89.9,90.9467,92.29,94.8333,13.5787,13.4577,13.249,12.878,12.0803,1.041,53.8278,0.882,66.1102,0.7833,75.5621,0.7086,77.2275,0.1237,71.556
2025-09-27 20:30:00,12.7377,11.461,90.7333,92.5733,94.43,95.9967,97.2033,13.2073,13.001,12.6323,12.065,10.6863,0.8972,51.1139,0.7426,67.0154,0.6947,81.0115,0.6296,81.046,0.1139,78.1038
2025-09-27 21:00:00,12.7077,10.2877,92.97,95.7667,97.5967,98.6733,99.3067,12.719,12.3583,11.9853,11.4667,9.6433,0.956,47.5557,0.7152,58.5471,0.6307,72.5866,0.593,76.686,0.0819,76.3306
2025-09-27 21:30:00,12.6763,9.0553,94.3233,97.2133,98.27,98.8033,99.33,12.254,11.7437,10.7517,9.81,8.1438,0.8685,54.4577,0.6059,62.8435,0.4349,67.1889,0.3691,68.9918,0.0791,74.3825
2025-09-27 22:00:00,12.6467,8.0756,93.69,95.85,98.6567,99.9533,100.0667,12.081,11.8587,11.3323,10.63,8.749,1.0314,53.5927,0.8589,54.0686,0.7631,60.0694,0.7289,63.2588,0.1448,69.5362
2025-09-27 22:30:00,12.6187,7.5542,93.56,95.57,97.81,99.47,100.1,11.949,11.6013,10.8663,10.0667,8.5192,1.0146,53.9615,0.843,51.0411,0.715,61.5395,0.6342,68.1356,0.0886,70.9245
2025-09-27 23:00:00,12.5903,7.1165,95.1167,97.1367,98.28,99.3833,99.9833,11.4143,10.8657,9.752,9.017,7.4994,0.3219,47.3063,0.2354,61.2592,0.1993,93.128,0.1237,90.0659,0.027,139.2482
2025-09-27 23:30:00,12.5637,6.4527,97.0933,99.04,99.5433,99.9933,100.1167,11.061,10.298,9.0577,8.1537,7.073,0.6882,65.3851,0.5253,83.429,0.3415,80.7652,0.2204,79.2124,0.0311,70.4945
2025-09-28 00:00:00,12.5357,5.8868,98.6667,99.8367,100.02,100.1233,100.13,10.5583,9.665,8.2831,7.7037,6.9729,0.6636,60.7156,0.3861,84.0091,0.0991,95.3748,0.0429,107.214,0.0111,121.459
2025-09-28 00:30:00,12.5093,5.4353,98.4433,100.1167,100.1367,100.1833,100.1467,10.769,9.686,8.1035,7.3855,6.5034,0.7986,43.9518,0.5712,64.5426,0.2082,85.1576,0.0285,107.8059,0.0107,116.834
2025-09-28 01:00:00,12.484,5.044,98.8567,100.1667,100.1567,100.1433,100.13,10.0687,9.224,8.4644,8.0504,6.8576,0.5122,52.2182,0.1768,81.9901,0.0503,90.9683,0.0303,112.5671,0.01,110.1065
2025-09-28 01:30:00,12.4587,4.7644,99.4167,100.1667,100.19,100.1867,100.14,9.9797,9.0703,8.1211,7.2576,5.9845,0.35,45.6496,0.1076,78.8164,0.0492,124.6258,0.0098,112.681,0.0098,119.2652
2025-09-28 02:00:00,12.4347,4.4309,99.43,100.1767,100.2,100.19,100.1433,9.363,8.3377,7.6484,7.1414,5.6738,0.1849,111.3514,0.027,80.2999,0.0179,199.8657,0.0098,112.6928,0.0098,129.4116
2025-09-28 02:30:00,12.4107,4.2161,99.8867,100.1833,100.2033,100.2,100.1567,8.925,8.1733,7.4824,7.1103,6.2687,0.0649,101.8896,0.081,80.143,0.0098,218.7232,0.0098,112.6045,0.01,66.5501
2025-09-28 03:00:00,12.388,4.1609,100.11,100.1867,100.2,100.2,100.1533,8.9427,8.0685,7.5631,6.9222,5.8825,0.6124,47.6968,0.5187,78.1979,0.4913,81.9122,0.4358,85.1272,0.0377,75.7378
2025-09-28 03:30:00,12.3643,4.0862,99.9667,100.1867,100.1833,100.1867,100.16,8.9383,7.8329,7.1116,6.3978,5.4114,0.799,54.4705,0.6263,74.4726,0.5089,87.0018,0.4408,84.9764,0.061,83.0852
2025-09-28 04:00:00,12.343,3.9386,100.1367,100.1967,100.2,100.2,100.1567,7.9013,7.3175,6.8334,6.5622,5.5615,0.1141,81.6091,0.0196,86.1634,0.0098,109.8048,0.0098,91.2497,0.0102,79.5702
2025-09-28 04:30:00,12.3227,3.9265,100.2067,100.1933,100.2,100.2,100.17,8.2818,7.8748,7.3603,7.0013,6.1316,0.5675,50.9459,0.3768,51.5586,0.341,66.6405,0.304,72.7181,0.0335,65.8852
2025-09-28 05:00:00,12.306,4.3756,100.2,100.19,100.2,100.2,100.1333,8.1004,7.9867,7.7087,7.2174,6.2692,0.7313,50.3813,0.5166,62.1278,0.336,74.0294,0.4236,89.742,0.0547,79.9029
2025-09-28 05:30:00,12.2907,4.9396,100.2,100.1867,100.2,100.2,100.1267,8.166,8.1457,7.9966,7.7493,7.3431,1.2916,45.2854,1.1597,44.1303,0.9541,47.9764,0.8223,47.6086,0.2663,42.6005
2025-09-28 06:00:00,12.2887,5.3818,100.21,100.1933,100.2,100.2,100.16,8.0896,7.6443,7.1299,6.6637,5.5201,0.7441,48.0575,0.4153,72.5345,0.3563,110.2949,0.2182,128.9196,0.0277,120.5741
2025-09-28 06:30:00,12.3303,5.1206,100.2033,100.1933,100.2,100.2,100.1767,8.5407,7.7488,7.1291,6.5079,5.432,0.9242,51.2273,0.7945,81.5001,0.74,101.9049,0.5481,104.5432,0.0699,100.4641
2025-09-28 07:00:00,12.5847,5.9372,100.2067,100.1933,100.2,100.1967,100.1233,9.1763,8.8296,8.5911,8.4583,8.4219,0.5116,44.9823,0.2478,81.7925,0.086,106.7178,0.0534,124.5506,0.0107,110.2333
2025-09-28 07:30:00,13.0247,8.6464,99.7367,100.2,100.2,100.19,100.13,10.2753,10.237,10.3417,10.3357,10.6063,0.5667,53.4167,0.47,51.9594,0.4268,55.1327,0.3946,53.2042,0.0902,50.8131
2025-09-28 08:00:00,13.3047,12.0757,95.2167,99.02,97.44,100.16,99.6467,11.6637,11.5433,11.804,11.5593,12.0033,0.4425,121.4224,0.4118,119.9761,0.3548,122.7056,0.2988,121.4879,0.0762,127.9079
2025-09-28 08:30:00,13.6203,15.467,88.3767,91.25,88.4233,95.8,94.3567,12.6847,12.661,13.1417,12.8353,13.3227,1.1684,154.1588,1.0893,157.3815,0.9576,163.3437,0.8692,162.5054,0.338,162.016
2025-09-28 09:00:00,13.8897,18.3537,82.2353,85.39,83.5533,89.3,88.7233,13.571,13.5197,13.8983,13.789,14.3297,1.4007,125.7708,1.3154,128.6132,1.1725,133.9847,1.0671,131.5795,0.5057,124.3843
2025-09-28 09:30:00,14.1497,20.7923,78.5783,78.9843,79.4563,84.74,84.298,14.3677,14.5567,14.7463,14.7733,15.2967,1.3467,118.84,1.2625,119.2523,1.1233,120.1584,1.0342,117.3513,0.7383,113.6669
2025-09-28 10:00:00,14.1263,23.009,73.4673,74.0147,73.9973,75.438,76.9413,15.5707,15.742,15.9807,16.1417,16.5027,1.0301,112.5785,1.0011,114.3564,0.9264,118.499,0.8496,118.1256,0.6727,116.0773
2025-09-28 10:30:00,14.1423,24.8053,70.058,70.597,71.2207,71.9203,73.442,16.1847,16.311,16.5157,16.7193,17.1683,1.4476,90.9174,1.3663,90.3106,1.2479,91.8706,1.1632,89.1591,0.9469,87.019
2025-09-28 11:00:00,14.119,25.4587,67.247,67.9887,68.7103,69.465,71.5397,16.7533,16.925,17.1257,17.3413,17.5993,1.5878,112.3614,1.4892,112.5434,1.3417,115.3734,1.2418,114.3763,0.9918,111.7664
2025-09-28 11:30:00,14.0787,25.2407,65.7793,66.4047,67.0463,67.8203,69.7293,17.0607,17.248,17.4757,17.7117,18.1193,1.938,112.3009,1.754,113.9789,1.6089,117.5615,1.4787,115.103,1.1557,113.8624
2025-09-28 12:00:00,13.675,25.0387,63.091,63.696,64.5543,65.3763,67.0293,17.3803,17.552,17.7663,18.0007,18.5067,1.933,91.3716,1.7457,92.2144,1.6246,93.6829,1.4926,91.6148,1.188,88.873
2025-09-28 12:30:00,13.6463,25.4897,61.618,62.254,63.2097,64.1327,65.648,17.6293,17.793,17.981,18.1947,18.7357,1.7895,101.697,1.6052,100.8328,1.4715,102.6572,1.362,100.6202,1.0985,99.7322
2025-09-28 13:00:00,13.6367,26.3267,60.1303,60.729,61.598,62.4953,63.954,17.928,18.086,18.276,18.4617,19.0463,1.6719,114.1256,1.4855,115.1176,1.32,116.9696,1.2485,114.8037,0.9787,112.6325
2025-09-28 13:30:00,13.6403,26.2123,60.138,60.8763,62.5447,63.866,66.147,17.8223,17.8913,17.8493,17.8747,18.1327,1.1701,119.8322,1.027,121.2963,0.8996,124.8677,0.826,122.5898,0.4763,123.5775
2025-09-28 14:00:00,13.6537,25.897,57.9843,58.99,60.341,61.5817,62.9147,18.3087,18.2757,18.2437,18.268,18.7787,1.1749,118.8403,1.0475,119.4777,0.9449,122.5614,0.8713,119.8202,0.5706,113.8913
2025-09-28 14:30:00,13.6727,25.675,55.0157,56.1307,57.7803,59.707,62.4577,18.329,18.3657,18.394,18.3503,18.6173,1.3428,135.1227,1.1453,135.3643,1.0111,136.9842,0.928,135.5463,0.5993,134.383
2025-09-28 15:00:00,13.6587,25.6723,55.2723,56.1967,57.9633,60.4707,65.3943,18.3693,18.467,18.496,18.3683,18.1657,1.0122,147.416,0.8824,150.2539,0.7712,149.4068,0.681,148.7429,0.355,145.0799
2025-09-28 15:30:00,13.669,23.6657,59.141,65.1013,71.8687,76.029,81.7653,17.6343,17.15,16.6827,16.348,15.959,0.4053,121.1737,0.2722,114.4175,0.169,105.336,0.0656,120.8557,0.0237,97.9789
2025-09-28 16:00:00,13.7393,21.4463,61.8797,69.813,76.8003,78.964,81.3923,17.708,17.0713,16.7673,16.571,16.5227,0.0324,153.1456,0.0514,208.0886,0.0804,152.0736,0.0388,149.7184,0.0342,138.7241
2025-09-28 16:30:00,13.6017,20.8783,61.531,69.4787,79.1657,82.215,83.8437,18.0723,17.4393,16.905,16.655,16.7037,0.0098,158.4373,0.0468,123.2908,0.0531,118.743,0.0098,154.331,0.0137,109.4546
2025-09-28 17:00:00,13.1797,19.691,69.024,75.6387,80.7867,83.0567,85.5433,16.403,15.5487,15.1273,14.8167,14.4507,0.0658,158.3365,0.0098,125.4391,0.0076,85.7149,0.0098,154.2446,0.0098,109.368
2025-09-28 17:30:00,13.0657,17.3307,81.1453,84.5033,87.12,90.23,94.7567,14.7243,14.1757,13.8067,13.2643,12.1867,0.0135,158.2892,0.0098,125.3021,0.0172,67.3661,0.0098,154.1474,0.0181,102.2715
2025-09-28 18:00:00,12.993,14.5837,86.1067,90.3467,94.3933,97.0467,98.5233,13.621,13.0303,12.451,11.78,10.6423,0.0098,158.121,0.0098,125.2043,0.0503,73.821,0.0098,154.0249,0.0118,96.9131
2025-09-28 18:30:00,12.94,12.16,88.8067,93.8467,97.9267,99.1067,99.5233,12.8727,12.23,11.481,11.006,9.9643,0.0098,158.201,0.0098,125.2467,0.0089,69.173,0.0098,154.1182,0.01,97.8571
2025-09-28 19:00:00,12.8967,10.3133,91.2367,95.83,98.8767,99.71,99.8667,12.569,11.9053,11.1933,10.6173,9.494,0.0745,6.9592,0.0344,52.969,0.047,56.8249,0.0525,77.2035,0.0213,83.1793
2025-09-28 19:30:00,12.8543,9.0243,93.04,97.63,99.4133,100.06,100.0867,12.277,11.5817,10.8283,10.291,9.4333,0.1111,76.9087,0.0873,56.5574,0.0723,73.2421,0.0353,102.2613,0.0155,64.4375
2025-09-28 20:00:00,12.815,8.2349,91.8433,98.1467,99.7267,100.09,100.05,12.3037,11.4733,10.7107,10.1173,9.2017,0.1932,111.4762,0.0897,64.3804,0.0645,109.1035,0.0305,102.3767,0.0161,108.6198
2025-09-28 20:30:00,12.7793,7.6528,90.77,97.96,99.94,100.12,100.12,12.1813,11.0287,10.332,9.912,9.025,0.5113,272.6583,0.2901,266.6477,0.118,283.0082,0.0719,315.9891,0.0242,274.6923
2025-09-28 21:00:00,12.7467,7.5064,87.9167,92.73,96.6033,98.2333,100.0167,12.672,12.0233,11.4177,10.9597,10.0323,0.7522,310.731,0.3663,324.5116,0.2182,345.0389,0.1969,359.1891,0.0503,31.4111
2025-09-28 21:30:00,12.7183,7.7623,87.8333,89.8367,92.7067,94.4133,98.29,12.8473,12.621,12.2377,11.9157,11.202,1.1296,302.9495,0.6355,304.076,0.3815,308.2664,0.3066,304.5571,0.0978,305.4272
2025-09-28 22:00:00,12.6907,8.378,90.15,91.3667,92.3333,93.4167,96.2367,12.4887,12.3887,12.2263,11.9877,11.4657,0.8408,304.0109,0.5203,311.2316,0.3463,311.0935,0.2916,304.7857,0.1087,302.7002
2025-09-28 22:30:00,12.662,8.771,93.3033,94.7667,95.71,96.46,97.61,11.7833,11.573,11.1527,10.6947,9.9727,0.3282,320.8918,0.223,84.4996,0.1967,89.8778,0.1636,79.2124,0.0416,60.9047
2025-09-28 23:00:00,12.6347,8.529,95.06,97.3267,98.1167,98.8,99.4867,11.2793,10.6597,10.2347,9.886,9.2933,0.2925,33.0468,0.171,60.3662,0.1294,86.3696,0.0782,78.748,0.0213,71.4544
2025-09-28 23:30:00,12.611,8.1793,93.09,95.67,97.3,98.05,99.3867,11.9543,11.6353,11.2933,10.9947,10.4153,0.848,309.4251,0.446,314.5004,0.225,324.726,0.1649,326.6824,0.042,326.1566
2025-09-29 00:00:00,12.5853,8.1823,93.73,95.0467,95.9167,96.5333,98.0267,11.7863,11.602,11.2617,10.9437,10.24,0.4236,329.8428,0.24,8.9545,0.1374,54.1988,0.1082,62.1926,0.022,24.8564
2025-09-29 00:30:00,12.561,7.9817,95.36,97.4367,98.2867,98.6667,99.1033,11.3607,10.9243,10.3327,9.5553,8.5789,0.3678,308.9616,0.309,62.7471,0.24,84.5923,0.147,81.5033,0.02,47.4361
2025-09-29 01:00:00,12.5337,7.4163,97.5433,99.0967,99.4367,99.99,100.0467,10.3727,9.949,9.5663,9.0437,8.0176,0.2073,73.5977,0.2023,86.9002,0.1825,90.7626,0.0331,64.8311,0.0192,65.7958
2025-09-29 01:30:00,12.5103,6.8035,98.7333,99.8,99.8667,100.07,100.0767,10.0407,9.534,8.8417,8.3772,7.5339,0.13,86.9397,0.096,86.9501,0.0457,103.8746,0.0098,64.752,0.0102,94.3059
2025-09-29 02:00:00,12.4863,6.204,99.3333,100.0067,100.0067,100.1433,100.05,9.7187,8.8807,8.3599,8.0242,7.1186,0.1102,177.3528,0.0122,86.9059,0.0113,84.9049,0.0098,64.6548,0.01,78.7387
2025-09-29 02:30:00,12.4613,5.6756,99.7267,100.1567,100.1833,100.1567,100.1167,9.518,8.909,8.412,7.8698,6.6134,0.0969,251.6302,0.0409,86.8675,0.0257,59.677,0.0098,64.6494,0.0105,83.6549
2025-09-29 03:00:00,12.4383,5.3171,99.9433,100.18,100.1733,100.1833,100.1233,9.6733,9.1,8.2817,7.6076,6.592,0.4242,258.2012,0.2894,257.2547,0.096,247.1544,0.0385,57.8501,0.0122,168.6291
2025-09-29 03:30:00,12.4153,5.2093,99.63,100.14,100.1833,100.1933,100.13,10.066,9.7887,9.2937,8.6007,7.6352,0.1281,261.9204,0.1135,239.6051,0.1185,205.3117,0.0501,234.3579,0.0146,253.241
2025-09-29 04:00:00,12.3947,5.6278,99.7033,100.1433,100.1567,100.1433,100.1333,10.049,9.5443,9.0527,8.4932,7.6841,0.1533,83.0786,0.1662,90.3173,0.1773,85.1902,0.1309,87.6161,0.0248,29.4831
2025-09-29 04:30:00,12.3723,5.7548,99.6533,100.1667,100.19,100.1967,100.15,10.222,9.4613,8.643,8.0182,6.9802,0.0446,277.4105,0.1128,207.5176,0.1294,104.3631,0.064,160.661,0.0311,113.064
2025-09-29 05:00:00,12.3523,5.4828,99.74,100.1767,100.1967,100.1967,100.16,9.655,8.8863,8.0571,7.3571,6.1467,0.0098,347.06,0.1592,237.071,0.1659,57.6937,0.056,50.7415,0.022,38.797
2025-09-29 05:30:00,12.3307,5.1894,99.9433,100.1733,100.1967,100.1967,100.1533,8.8957,8.3163,7.6843,7.1223,5.9987,0.0551,54.0913,0.1178,65.1363,0.14,126.231,0.0919,214.8754,0.0357,208.1523
2025-09-29 06:00:00,12.3183,4.9151,100.1867,100.1833,100.2033,100.19,100.1433,9.585,8.4564,7.3856,6.7818,5.8267,0.1257,247.9499,0.1,196.0468,0.0708,184.499,0.0187,205.6145,0.0137,135.645
2025-09-29 06:30:00,12.3587,4.7468,100.1733,100.1633,100.19,100.1933,100.13,10.0047,8.9277,8.0749,7.5003,6.3395,0.0727,261.4194,0.0475,218.8799,0.0105,36.1465,0.0098,95.7542,0.0105,72.6221
2025-09-29 07:00:00,12.552,5.5714,100.16,100.1633,100.2,100.1933,100.1067,10.728,10.4697,9.6027,8.9911,8.5111,0.0719,243.115,0.1267,198.3462,0.0791,154.8712,0.01,77.052,0.0115,79.2209
2025-09-29 07:30:00,12.9427,8.0471,99.49,100.1733,100.2,100.1733,100.11,11.7923,11.6997,11.5623,11.4747,11.6227,0.1855,240.844,0.2067,153.7778,0.2261,131.3709,0.1768,134.0649,0.0433,121.8738
2025-09-29 08:00:00,13.261,11.5653,92.5467,98.0267,99.52,100.09,99.9233,13.0107,12.8087,12.798,12.7287,13.1163,0.7093,283.034,0.5658,288.5362,0.4092,290.7462,0.3349,284.6847,0.0873,281.564
2025-09-29 08:30:00,13.5353,15.0957,80.273,85.012,88.117,92.1367,91.25,14.5267,14.2943,14.2187,14.0817,14.444,0.929,278.0316,0.7714,280.1144,0.6592,282.5704,0.586,278.6456,0.2014,278.119
2025-09-29 09:00:00,13.8187,18.212,76.372,77.136,79.587,83.56,83.9733,15.2177,15.3053,15.2047,15.1863,15.2357,1.6847,285.6838,1.3507,285.6349,1.1682,289.0267,1.0787,285.844,0.5928,281.3002
2025-09-29 09:30:00,14.154,20.8583,71.575,72.035,73.161,77.3687,74.7033,15.973,16.1157,16.151,16.2543,16.5433,1.5192,279.6628,1.3402,279.638,1.1921,282.1993,1.1213,277.4192,0.7768,270.5091
2025-09-29 10:00:00,14.1547,23.2817,64.098,64.508,65.3317,65.668,67.2797,16.878,17.05,17.1257,17.3273,17.5603,1.2416,294.6177,1.0534,297.7613,0.9626,299.3419,0.9029,293.9397,0.7265,288.9788
2025-09-29 10:30:00,14.134,25.3367,62.334,62.799,62.9927,63.78,65.278,17.492,17.6733,17.9073,17.9687,18.2293,1.3348,292.4058,1.1161,296.1451,1.0057,297.757,0.943,291.3592,0.7792,290.7213
2025-09-29 11:00:00,14.1167,26.392,59.56,59.9977,60.2083,61.0017,62.2087,17.8267,18.004,18.2077,18.2563,18.6283,1.9145,256.8538,1.6177,260.3892,1.4563,263.7983,1.374,260.8877,1.0824,258.1242
2025-09-29 11:30:00,14.1217,26.163,54.4453,55.021,55.4363,56.3613,57.6317,18.1957,18.3667,18.5733,18.674,19.1187,2.3446,255.8374,2.0229,261.3709,1.7949,262.8816,1.6817,260.2773,1.3328,257.8863
2025-09-29 12:00:00,13.75,26.0543,53.86,54.1387,54.3233,54.958,55.67,18.5207,18.7163,18.955,19.0897,19.6043,2.3233,265.4898,1.9652,267.7637,1.7751,267.9862,1.6878,265.0169,1.3652,265.5623
2025-09-29 12:30:00,13.6943,26.182,57.3297,57.777,58.1083,58.9313,60.1557,18.2363,18.3503,18.5103,18.543,18.7907,1.8154,283.8171,1.5846,285.3869,1.4293,287.2765,1.3609,282.5841,1.0547,277.5175
2025-09-29 13:00:00,13.6867,26.6547,59.023,59.233,59.2003,59.538,59.9653,18.4163,18.5963,18.8257,18.9467,19.4057,1.8139,306.5357,1.5114,310.2008,1.3592,310.2899,1.2997,305.8279,1.046,302.5029
2025-09-29 13:30:00,13.712,26.5183,62.3657,62.9183,63.1943,63.8517,64.8513,17.8927,17.959,18.0357,18.0,18.0413,1.862,291.291,1.4452,293.5378,1.1941,295.6872,1.142,290.4463,0.7587,287.6731
2025-09-29 14:00:00,13.759,24.323,63.0573,63.6967,64.1383,64.9543,66.0643,17.672,17.7403,17.839,17.8037,17.9687,1.7777,274.0084,1.4221,275.0763,1.1823,275.9511,1.0974,272.5688,0.7487,265.2551
2025-09-29 14:30:00,13.7417,23.9123,63.185,63.78,64.2553,65.0317,66.1197,17.9153,17.983,18.028,17.9903,18.0823,2.4247,262.9849,1.9813,267.9628,1.6706,268.7223,1.5552,264.2538,1.0617,260.909
2025-09-29 15:00:00,13.6283,21.9663,66.5697,67.3323,67.8827,68.8013,70.5323,17.4003,17.3837,17.37,17.2703,17.0743,2.1205,266.0602,1.8276,265.9637,1.5974,266.7678,1.4881,262.3788,0.9486,258.6147
2025-09-29 15:30:00,13.7907,20.2337,66.7193,67.4947,68.0423,68.846,70.4,17.161,17.1523,17.151,17.055,16.906,2.2483,272.5699,1.904,272.6728,1.6277,274.2073,1.5142,269.4133,1.0131,263.219
2025-09-29 16:00:00,13.794,19.3733,64.8627,65.4697,65.8523,66.5533,67.8503,17.2033,17.2487,17.2887,17.2343,17.1657,2.016,279.7226,1.6773,280.2324,1.4208,284.9712,1.3036,279.9306,0.8482,272.695
2025-09-29 16:30:00,13.551,19.188,60.557,61.3473,61.9353,62.9113,64.6103,16.8463,16.8397,16.7923,16.652,16.4693,2.479,265.3378,2.0909,267.4074,1.7875,267.9208,1.6529,263.0803,1.1183,258.9149
2025-09-29 17:00:00,13.1963,18.1367,62.5077,63.3747,64.0663,65.159,67.3057,16.337,16.2737,16.179,15.9593,15.593,2.3104,264.0713,1.9528,267.9964,1.6442,267.7495,1.5155,264.5555,0.987,263.4524
2025-09-29 17:30:00,13.0633,16.4983,67.382,68.3763,69.3453,70.6957,73.624,15.7443,15.6347,15.4493,15.1593,14.542,1.6823,267.05,1.4918,268.6253,1.2707,268.2707,1.1579,263.0978,0.5961,259.0954
2025-09-29 18:00:00,12.996,14.5997,71.2767,72.806,74.4327,76.081,79.785,15.119,14.905,14.5767,14.206,13.3813,1.3548,262.5063,1.1677,263.895,0.931,262.0361,0.7918,257.2187,0.2141,251.9499
2025-09-29 18:30:00,12.9453,12.933,74.8387,77.059,79.0983,80.9717,85.0833,14.5763,14.211,13.7617,13.302,12.332,1.2115,249.0528,0.8511,247.9506,0.593,246.3027,0.4941,240.1464,0.1108,238.8226
2025-09-29 19:00:00,12.9023,11.5127,78.808,82.0627,84.9733,86.71,90.03,13.747,13.2673,12.5797,12.085,11.071,0.5294,236.0437,0.4221,231.363,0.2886,233.1057,0.2352,226.6219,0.083,213.6434
2025-09-29 19:30:00,12.859,10.2433,89.0133,93.5533,95.3867,96.4233,97.5333,12.0857,11.349,10.863,10.4763,9.5053,0.2274,155.9479,0.1241,128.8245,0.061,140.575,0.0172,109.4522,0.0224,167.36
2025-09-29 20:00:00,12.819,9.1387,92.6633,96.1433,97.1333,98.1033,99.0133,11.464,10.7683,10.4197,10.0013,9.0157,0.5183,183.0246,0.0444,174.6001,0.0091,200.7273,0.0107,101.7522,0.0105,161.1248
2025-09-29 20:30:00,12.7833,8.269,95.1367,98.04,98.92,99.5633,99.7933,11.1043,10.692,10.4247,10.1057,9.109,0.0649,160.7063,0.0098,174.5168,0.0244,76.6812,0.0261,101.718,0.0166,99.0413
2025-09-29 21:00:00,12.7473,7.6251,95.8133,98.2767,99.0367,99.51,99.9167,11.2253,10.7273,10.2173,9.659,8.2499,0.1426,67.7622,0.0135,174.462,0.0518,77.8838,0.0368,101.6758,0.0174,91.3926
2025-09-29 21:30:00,12.7143,7.183,97.4767,99.3433,99.7667,100.14,100.0667,10.7053,10.1907,9.6537,9.283,8.2775,0.0788,151.3442,0.0468,174.5329,0.0091,30.2864,0.0105,101.7075,0.0131,85.748
2025-09-29 22:00:00,12.684,6.9411,98.3167,99.8233,100.0067,100.1367,100.06,10.6157,10.174,9.553,8.9647,8.1278,0.0098,73.7066,0.0396,174.5497,0.0627,176.3655,0.0107,101.8139,0.0172,123.0447
2025-09-29 22:30:00,12.6533,6.9836,98.59,99.91,100.1467,100.2,100.13,10.486,10.068,9.7037,9.375,8.5853,0.0098,73.6814,0.0137,174.5223,0.0192,169.2726,0.0098,101.7961,0.0135,154.7662
2025-09-29 23:00:00,12.6263,6.9187,98.9167,100.07,100.1867,100.2,100.1267,10.269,9.9797,9.6047,9.238,8.3278,0.0098,73.705,0.0098,174.5995,0.0098,168.8262,0.0098,101.7934,0.0102,154.7281
2025-09-29 23:30:00,12.5993,6.714,99.3667,100.1233,100.16,100.1933,100.0833,10.2077,9.804,9.3093,8.8863,7.7722,0.0098,73.7528,0.0155,174.566,0.015,169.5321,0.0098,101.7902,0.0174,154.7244
2025-09-30 00:00:00,12.5713,6.2247,99.62,100.1333,100.1533,100.16,100.0667,9.9547,9.4567,8.769,8.1504,6.9353,0.086,168.0886,0.022,187.7743,0.0777,200.5688,0.0392,106.307,0.0205,134.5262
2025-09-30 00:30:00,12.543,5.6767,99.8867,100.1567,100.1767,100.14,100.1233,9.6317,9.1717,8.6257,8.0643,6.9259,0.1825,198.4649,0.0756,208.6387,0.105,206.0701,0.0939,200.233,0.0203,218.9592
2025-09-30 01:00:00,12.5177,5.477,100.0133,100.18,100.2,100.2,100.1233,9.723,9.2103,8.5823,8.221,7.3101,0.0098,241.0752,0.0142,197.2072,0.0233,63.505,0.0098,71.0583,0.0111,38.374
2025-09-30 01:30:00,12.4903,5.8714,100.0767,100.1767,100.2,100.2,100.1067,9.754,9.293,9.0347,8.6897,7.9446,0.1002,148.9179,0.0198,197.0324,0.0902,68.3365,0.0488,71.007,0.0157,44.8778
2025-09-30 02:00:00,12.4713,6.4522,100.1,100.1867,100.2,100.2,100.12,9.729,9.366,9.213,9.0207,8.4337,0.0098,152.6428,0.0098,197.2877,0.0098,38.1322,0.0479,71.0221,0.0115,43.8942
2025-09-30 02:30:00,12.448,6.9675,100.1167,100.1933,100.2,100.1967,100.15,9.826,9.5273,9.3233,9.088,8.3367,0.0098,152.609,0.0098,197.1323,0.0098,66.4189,0.0468,71.0793,0.0128,46.8443
2025-09-30 03:00:00,12.4257,7.1377,100.1067,100.19,100.2,100.2,100.17,10.1007,9.5427,9.255,8.9857,8.1213,0.0205,234.5611,0.0318,197.0635,0.0566,170.2563,0.0573,161.661,0.0168,86.066
2025-09-30 03:30:00,12.405,7.1434,99.74,100.1933,100.2,100.1967,100.1567,10.6813,10.2047,9.357,8.871,8.2849,0.3241,200.3579,0.27,178.1605,0.2304,159.1614,0.1265,159.5218,0.0244,124.1233
2025-09-30 04:00:00,12.385,7.2651,98.3767,100.17,100.2,100.1933,100.15,11.204,10.9127,10.43,9.9167,8.978,0.4127,308.3989,0.1281,329.3568,0.0446,342.9096,0.0107,330.7187,0.01,251.6008
2025-09-30 04:30:00,12.3597,7.614,97.84,99.9733,100.2,100.1967,100.1167,11.1337,11.0233,10.872,10.6973,10.3513,0.5884,302.9922,0.2696,296.2619,0.1052,296.12,0.0573,293.8623,0.0183,293.9322
2025-09-30 05:00:00,12.3353,8.1283,97.7,99.5367,100.2,100.1933,100.1267,11.2,11.0153,10.792,10.5637,10.1393,0.5373,271.491,0.3077,253.9419,0.1925,232.8092,0.1479,220.1774,0.0298,219.7555
2025-09-30 05:30:00,12.3177,8.425,97.8633,99.52,100.2,100.2,100.17,11.1793,10.9593,10.6573,10.231,9.6347,0.2422,247.8341,0.105,210.4335,0.0679,175.3884,0.0277,171.7709,0.017,168.6744
2025-09-30 06:00:00,12.312,8.4777,97.9167,99.6333,100.2,100.1933,100.15,11.6013,11.3903,11.1307,10.8017,10.0003,0.2994,305.8277,0.0871,311.394,0.0342,318.5059,0.0187,312.3553,0.0122,254.5763
2025-09-30 06:30:00,12.3357,8.7633,97.38,99.1033,100.1233,100.19,100.1367,11.8287,11.7457,11.592,11.4143,11.1047,0.5943,298.9874,0.2311,311.009,0.0819,320.4068,0.0579,318.7489,0.0183,320.8025
2025-09-30 07:00:00,12.381,9.29,97.3233,99.0,99.9367,100.1967,100.14,11.9287,11.8183,11.6823,11.503,11.136,0.4983,296.1462,0.242,297.1364,0.1028,300.7771,0.0558,297.0913,0.017,305.8522
2025-09-30 07:30:00,12.747,10.172,96.83,98.67,99.69,100.0833,100.14,12.4557,12.3907,12.282,12.1653,12.167,0.3883,311.9658,0.3132,324.4177,0.265,322.7936,0.2341,315.2973,0.0562,295.2232
2025-09-30 08:00:00,13.1903,12.499,92.7133,94.4833,96.33,97.7,99.4467,13.6003,13.568,13.5103,13.3913,13.573,0.7248,308.3118,0.6235,312.654,0.5403,316.6618,0.4691,310.6782,0.1642,310.9668
2025-09-30 08:30:00,13.4127,15.212,88.86,89.41,89.9033,92.6367,94.9833,14.6033,14.666,14.7353,14.5677,14.704,0.9713,331.8584,0.8343,335.8201,0.7596,340.7628,0.6806,339.3975,0.3441,342.0998
2025-09-30 09:00:00,13.6527,17.7563,84.8733,84.9733,84.98,86.27,88.3367,15.335,15.444,15.6127,15.559,15.7543,0.9889,321.8603,0.8476,318.173,0.7339,319.922,0.6638,316.119,0.3731,317.0492
2025-09-30 09:30:00,13.8513,20.2637,81.6663,81.7377,81.3637,81.491,82.228,15.4763,15.5893,15.7817,15.878,16.1597,1.6168,330.6753,1.4267,332.0637,1.2537,333.1671,1.1298,329.0098,0.7008,324.5134
2025-09-30 10:00:00,13.9793,22.7893,77.7407,77.7793,77.2993,77.3913,77.9803,15.9567,16.0813,16.3467,16.4587,16.8137,1.512,323.1342,1.3385,324.3631,1.2078,323.9949,1.127,322.3049,0.887,317.7237
2025-09-30 10:30:00,14.1007,24.7303,71.2103,71.261,70.8013,70.9333,71.1743,16.519,16.6837,16.9657,17.1277,17.7357,1.8742,349.9641,1.6447,351.9387,1.5027,354.9839,1.4116,351.3151,1.2111,350.298
2025-09-30 11:00:00,14.061,26.1533,69.0017,69.0417,68.5957,68.7487,69.0683,16.7247,16.863,17.136,17.2797,17.897,1.6427,15.1927,1.5003,17.8147,1.4365,22.3946,1.3703,21.2832,1.0885,20.5817
2025-09-30 11:30:00,14.0863,24.9867,72.398,72.7263,72.641,72.9923,73.9153,16.4717,16.546,16.6477,16.6513,16.7817,1.1841,316.293,1.0072,322.4316,0.9288,326.3155,0.8631,323.1148,0.5401,333.0324
2025-09-30 12:00:00,14.133,24.0757,68.2743,68.2233,67.7447,67.8623,68.2817,17.065,17.2483,17.5247,17.707,18.419,1.6279,3.6418,1.4646,9.5752,1.4025,16.8672,1.3698,15.1348,1.1651,14.663
2025-09-30 12:30:00,13.638,25.292,65.7363,65.9047,65.5763,65.8137,66.349,17.286,17.4117,17.612,17.6953,18.1013,1.3692,329.8829,1.1307,335.4086,1.0475,341.6648,0.9881,337.4636,0.683,336.4333
2025-09-30 13:00:00,13.651,23.9557,65.7647,66.0857,66.0877,66.606,67.8517,17.2193,17.309,17.4713,17.4923,17.672,0.9519,348.9746,0.8452,354.3966,0.7674,359.5875,0.7006,357.7808,0.5257,5.48
2025-09-30 13:30:00,13.724,24.7883,58.169,58.311,58.4937,59.077,59.5937,17.9887,18.133,18.306,18.3707,18.8963,1.3568,298.7603,1.2161,302.6716,1.1165,306.8843,1.0543,302.668,0.8282,298.0531
2025-09-30 14:00:00,13.6913,25.7197,55.091,55.654,55.839,56.4747,57.243,17.9,17.9903,18.0987,18.091,18.4477,1.6015,268.2006,1.4001,270.5638,1.23,271.5738,1.1804,266.5569,0.8469,263.0964
2025-09-30 14:30:00,13.725,25.239,52.3147,52.704,53.0803,53.7503,54.9977,18.1233,18.2587,18.3523,18.33,18.5667,1.7366,281.018,1.4099,284.1225,1.2919,282.4984,1.2344,276.7419,0.897,274.2881
2025-09-30 15:00:00,13.7407,25.1463,50.8147,51.1883,51.4053,51.8943,53.5533,18.265,18.4157,18.571,18.6037,18.7237,1.9746,276.6233,1.5989,277.86,1.4903,276.8751,1.431,272.0842,1.1128,271.0716
2025-09-30 15:30:00,13.7237,25.378,59.169,59.3643,59.1977,59.5253,61.1247,18.0007,18.1047,18.2637,18.294,18.3047,2.0269,359.7867,1.7052,3.4539,1.5393,7.5869,1.4556,3.9441,1.1111,0.5002
2025-09-30 16:00:00,13.4837,23.8573,61.992,62.597,62.8,63.383,65.4503,17.4017,17.393,17.4107,17.3147,17.0153,1.2585,353.9601,1.0273,355.985,0.9336,357.1544,0.8463,351.4386,0.4543,346.13
2025-09-30 16:30:00,13.1923,20.753,67.8297,68.8087,69.8087,71.0777,73.944,16.753,16.6657,16.5103,16.27,15.7093,0.7768,346.3597,0.6242,349.6481,0.5279,358.5429,0.4327,1.232,0.1627,9.101
2025-09-30 17:00:00,13.1043,17.862,72.515,75.6017,78.724,80.6883,83.2233,15.9867,15.5373,14.935,14.4567,13.7043,0.4482,329.3175,0.3824,354.2361,0.2973,16.8912,0.2117,328.6701,0.0464,291.6977
2025-09-30 17:30:00,13.0253,15.2363,76.061,80.9073,85.0987,87.8567,91.57,15.24,14.444,13.6,12.9373,11.769,0.2478,303.583,0.1,298.2603,0.0706,331.4012,0.0453,161.1705,0.027,90.3515
2025-09-30 18:00:00,12.961,12.856,76.895,83.836,89.8933,93.0033,95.7167,14.9727,13.7573,12.4707,11.6067,10.2997,0.5346,317.1114,0.1688,21.3404,0.1137,72.1691,0.069,89.1021,0.0324,70.5048
2025-09-30 18:30:00,12.913,10.967,80.5223,86.19,92.2567,94.9567,97.04,14.1627,13.218,11.9333,11.1153,9.9297,0.9097,72.2556,0.8297,80.6944,0.6109,87.8432,0.4634,81.9368,0.115,74.4824
2025-09-30 19:00:00,12.8687,9.5673,85.3867,90.7433,94.66,96.7067,98.8067,13.2713,12.515,11.4933,10.599,8.9667,0.7659,52.8141,0.7115,53.3697,0.6468,59.3438,0.5436,58.7757,0.0995,52.5986
2025-09-30 19:30:00,12.8257,8.4139,92.1567,96.4267,98.3667,99.2633,99.6167,12.053,11.365,10.4667,9.5597,8.5007,0.1982,68.7651,0.1021,58.967,0.1825,118.6286,0.0941,119.6525,0.0187,109.5249
2025-09-30 20:00:00,12.787,7.5166,97.1233,98.82,99.3967,99.9733,100.0033,11.0783,10.5423,10.0223,9.4077,8.2279,0.0353,120.6624,0.0307,59.02,0.0229,19.3601,0.0098,160.8167,0.0174,141.7208
2025-09-30 20:30:00,12.7497,6.7821,98.4833,99.67,99.81,100.0267,100.0833,10.7773,10.1687,9.2697,8.7153,7.784,0.6215,82.574,0.4658,75.3494,0.2132,97.4918,0.0529,133.0554,0.0183,66.0986
2025-09-30 21:00:00,12.715,6.2454,99.1533,100.03,100.1067,100.15,100.1,10.1723,9.5933,8.894,8.1888,7.217,0.0216,94.872,0.0279,135.4348,0.0612,132.6208,0.0338,175.3849,0.0203,263.2987
2025-09-30 21:30:00,12.6817,5.839,99.5633,100.1267,100.07,100.17,100.0733,10.0187,9.464,8.5767,8.1166,7.0426,0.1483,94.7869,0.0303,135.1789,0.1122,90.531,0.0895,84.2092,0.0213,97.7036
2025-09-30 22:00:00,12.6493,5.4076,99.8033,100.1467,100.2,100.2,100.1233,9.5247,8.8887,8.147,7.6654,6.6489,0.0383,94.7653,0.0098,135.1653,0.0869,80.4407,0.0971,82.6077,0.0213,73.593
2025-09-30 22:30:00,12.62,5.0466,99.8767,100.17,100.1233,100.1367,100.07,9.1087,8.5363,7.754,7.2595,6.3032,0.0098,94.7946,0.0098,135.2612,0.0155,235.1548,0.0098,82.666,0.0115,177.3153
2025-09-30 23:00:00,12.5913,4.6748,99.9567,100.1833,100.2,100.2,100.14,8.678,8.0318,7.318,6.8097,5.8043,0.0098,94.8454,0.0098,135.2822,0.0442,200.3622,0.0098,82.6724,0.0102,208.3843
2025-09-30 23:30:00,12.5617,4.3044,100.15,100.2,100.2,100.2,100.19,8.6423,7.9352,7.4355,7.051,5.9947,0.0494,200.6841,0.0098,135.3819,0.0152,204.5549,0.0102,82.6786,0.0109,132.6148
2025-10-01 00:00:00,12.5377,4.0915,100.2,100.2,100.2,100.2,100.1733,8.5793,8.0808,7.5119,7.1099,6.15,0.0098,205.6546,0.0098,135.3153,0.0198,88.4594,0.0209,82.5943,0.0163,69.902
2025-10-01 00:30:00,12.5103,4.0009,100.2167,100.2,100.21,100.2,100.1933,8.3127,7.9624,7.4563,7.0758,6.2463,0.0632,35.9858,0.0098,135.203,0.0137,59.3368,0.0102,82.6113,0.0135,71.4193
2025-10-01 01:00:00,12.4823,3.8988,100.1767,100.2,100.19,100.1967,100.1567,7.8834,7.5218,7.0951,6.6799,5.7542,0.2877,55.0346,0.2409,62.4579,0.3125,65.3061,0.1729,79.8473,0.0433,81.0354
2025-10-01 01:30:00,12.4573,3.6838,100.15,100.2,100.2033,100.2,100.1967,7.8059,7.0755,6.5392,5.9269,4.6051,0.0098,64.1369,0.0098,66.7388,0.0098,300.1253,0.0098,245.723,0.0163,123.9358
2025-10-01 02:00:00,12.4213,3.3415,100.2033,100.2,100.2033,100.2,100.1967,7.7023,7.2629,6.7582,6.3014,5.1008,0.1973,36.7263,0.2202,56.9471,0.1993,47.3004,0.1348,44.972,0.0512,56.0989
2025-10-01 02:30:00,12.3953,3.183,100.13,100.2,100.2,100.2,100.2,7.3518,6.6141,6.0856,5.773,5.1936,0.7831,68.7233,0.4484,69.836,0.1766,66.7208,0.0599,66.2615,0.0213,58.8358
2025-10-01 03:00:00,12.372,3.1774,100.18,100.2,100.2,100.2033,100.1967,7.2887,6.464,5.9931,5.587,4.7753,0.2598,78.323,0.1148,72.6626,0.0233,48.9469,0.0098,46.7236,0.0111,45.9974
2025-10-01 03:30:00,12.3493,3.0576,100.2367,100.2,100.2,100.2,100.2,7.2465,6.7643,6.1493,5.6633,4.4521,0.0314,75.9035,0.0209,91.3717,0.0137,295.3662,0.01,49.0474,0.0098,95.8168
2025-10-01 04:00:00,12.3283,2.89,100.2033,100.2,100.2033,100.2,100.2,7.8782,7.3982,6.5037,5.6726,4.6779,1.1756,52.5362,1.0641,70.1818,0.9571,79.3077,0.781,76.2861,0.2783,75.1613
2025-10-01 04:30:00,12.3033,3.1916,99.1433,100.2,100.2033,100.2,100.2,7.8567,7.6039,7.2617,6.7634,5.7293,1.3369,48.615,1.2143,62.6498,1.179,73.8483,1.0976,74.6084,0.5046,72.6498
2025-10-01 05:00:00,12.2837,3.6032,98.09,100.2,100.1967,100.1533,100.2,7.4733,7.3055,6.9725,6.4701,5.0454,0.9286,60.7024,0.8252,79.7284,0.813,94.0489,0.7407,91.2868,0.216,87.9406
2025-10-01 05:30:00,12.2647,3.4006,99.04,100.1967,100.2167,100.2,100.2,6.851,6.376,5.4654,4.9426,4.0399,0.2424,128.9249,0.1786,143.5076,0.0098,170.4144,0.0098,165.5949,0.0098,119.0383
2025-10-01 06:00:00,12.2587,2.8837,99.8267,100.2,100.2233,100.2033,100.2,6.7042,6.2873,5.4255,4.6175,3.89,0.4077,77.1778,0.0264,143.0851,0.1949,91.674,0.088,93.1977,0.01,85.1543
2025-10-01 06:30:00,12.2933,2.5542,99.8,100.2,100.2067,100.2,100.2,6.5586,5.9253,5.0542,4.4588,3.862,0.686,77.217,0.4007,81.5434,0.2938,84.5399,0.2374,85.8958,0.02,80.3401
2025-10-01 07:00:00,12.4687,3.3556,96.57,100.15,100.2,100.2,100.1967,7.2856,6.9944,6.7263,6.3863,6.1481,1.2862,53.2575,1.0887,64.7163,0.9922,77.2058,0.9526,79.6605,0.2624,77.8972
2025-10-01 07:30:00,12.9463,5.7066,92.5033,96.9633,99.7233,100.2,100.1433,8.0766,7.9606,7.8582,7.8032,8.0429,1.2583,49.891,1.1368,50.6605,1.0913,54.0185,1.0549,52.2546,0.5251,47.0934
2025-10-01 08:00:00,13.2873,8.6073,87.69,90.4333,92.2667,96.6433,97.8067,9.3343,9.288,9.3267,9.1803,9.5333,1.5048,55.3872,1.4243,54.992,1.3613,57.3896,1.3206,55.5207,0.8217,52.4233
2025-10-01 08:30:00,13.57,11.5543,83.1867,84.4867,85.4533,87.69,91.6333,10.8137,10.896,10.9547,10.92,11.276,1.5628,68.958,1.4528,69.813,1.3949,71.6281,1.3513,68.7266,0.8591,66.4783
2025-10-01 09:00:00,13.8433,14.336,78.741,79.252,81.0233,80.8973,87.0367,11.695,11.838,11.8867,12.013,12.441,2.4903,82.9977,2.3838,83.0959,2.2486,85.5998,2.149,81.7768,1.619,80.1421
2025-10-01 09:30:00,14.135,16.5797,74.4643,74.779,75.101,75.5483,80.7543,12.6773,12.834,13.0037,13.167,13.6153,2.1577,78.4297,2.0338,79.2859,1.9136,81.9571,1.8474,79.15,1.3576,78.2699
2025-10-01 10:00:00,14.22,18.451,70.4607,70.723,70.899,71.1407,73.0553,13.7173,13.8717,14.028,14.2427,14.689,2.0166,68.0076,1.9267,66.9935,1.8714,69.4331,1.8202,65.5177,1.4238,62.6006
2025-10-01 10:30:00,14.2157,20.0463,62.3203,62.4923,62.662,62.7153,64.685,14.4557,14.6347,14.847,15.125,15.5497,2.8566,79.0764,2.6798,76.9045,2.551,80.1463,2.4428,76.8802,1.9256,75.1512
2025-10-01 11:00:00,14.18,21.1253,56.478,56.664,56.8063,56.8457,59.058,14.9907,15.1707,15.3687,15.681,16.035,3.3993,75.7501,3.207,76.5463,3.0177,78.6816,2.8899,75.1299,2.2925,73.9134
2025-10-01 11:30:00,14.172,21.116,52.2897,52.4397,52.4967,52.5067,54.2673,15.375,15.5773,15.7913,16.1193,16.5843,3.7201,82.2245,3.4862,80.6625,3.2734,83.8492,3.1232,80.662,2.462,79.3219
2025-10-01 12:00:00,13.9753,21.079,50.9417,51.0187,51.0753,51.1777,52.644,15.8583,16.062,16.2853,16.6067,17.1707,3.2111,81.9031,3.0042,80.227,2.8237,84.7718,2.6758,79.0625,2.1177,77.165
2025-10-01 12:30:00,13.7487,21.931,46.8073,46.892,46.9753,47.1043,48.8067,16.3773,16.5787,16.7653,17.0553,17.589,2.5504,85.9719,2.3886,87.7932,2.2394,89.342,2.1564,85.6827,1.7374,83.695
2025-10-01 13:00:00,13.7267,22.9447,46.151,46.2093,46.046,46.2433,47.728,16.4373,16.6617,16.9393,17.169,17.7317,2.8122,81.0452,2.6127,80.4203,2.4154,83.4922,2.2936,80.6082,1.8487,78.2347
2025-10-01 13:30:00,13.7177,23.85,45.4083,45.4067,45.2277,45.511,47.0837,16.6337,16.843,17.1543,17.3617,17.9153,2.6436,69.3935,2.4875,70.8223,2.3313,71.5089,2.2266,67.9672,1.7856,66.7859
2025-10-01 14:00:00,13.743,24.153,46.412,46.525,46.4223,46.7553,48.4033,16.567,16.719,16.97,17.1043,17.4707,2.6615,65.7113,2.4979,65.7828,2.3618,65.9154,2.2621,62.4878,1.8398,59.4061
2025-10-01 14:30:00,13.747,24.0263,45.263,45.3967,45.3087,45.6397,47.3993,16.6997,16.841,17.0473,17.19,17.5233,2.5611,65.8234,2.3895,65.6417,2.2496,69.03,2.1556,66.3617,1.7414,64.2657
2025-10-01 15:00:00,13.7693,23.9517,44.3773,44.4313,44.3967,44.7727,46.9583,16.6237,16.784,16.9723,17.0633,17.2267,2.3503,72.3267,2.1945,73.6809,2.0693,78.0339,1.9668,74.3721,1.5482,70.2756
2025-10-01 15:30:00,13.7713,23.582,43.9293,44.0603,44.159,44.6437,47.2503,16.5813,16.6977,16.854,16.9067,16.858,1.9953,66.2264,1.8483,67.9275,1.7666,69.6627,1.6934,66.6082,1.3282,65.799
2025-10-01 16:00:00,13.788,22.799,42.6787,42.9833,43.189,43.7633,46.382,16.495,16.575,16.6587,16.6743,16.5467,1.9249,65.7507,1.7546,64.8576,1.6621,67.3238,1.5856,64.2867,1.1753,62.8456
2025-10-01 16:30:00,13.6217,21.4697,44.4243,45.018,45.506,46.3647,49.3907,16.0673,16.0727,16.077,15.9817,15.6347,1.7758,76.3078,1.5787,77.9341,1.4946,79.1336,1.4227,76.4277,0.9121,74.7289
2025-10-01 17:00:00,13.3037,19.382,47.3227,48.286,49.279,50.636,54.865,15.5057,15.4463,15.3607,15.172,14.6413,1.1817,67.1909,0.9996,68.6209,0.9606,70.5476,0.8938,68.2184,0.2755,64.0291
2025-10-01 17:30:00,13.113,17.199,50.837,51.7587,52.9387,54.833,61.442,14.9493,14.8487,14.646,14.2783,13.044,1.1666,61.2155,0.9303,56.8796,0.8794,56.2933,0.8284,53.4934,0.2154,52.0274
2025-10-01 18:00:00,13.0347,14.5103,55.0047,56.663,59.759,63.323,71.0703,14.1077,13.8837,13.3777,12.6637,10.9083,0.9155,53.8756,0.642,64.034,0.6485,74.5465,0.612,74.2326,0.1026,66.5519
2025-10-01 18:30:00,12.9763,11.809,58.0437,63.522,73.2373,79.4423,87.0967,13.358,12.71,11.3113,10.0027,8.1771,0.7132,62.5105,0.5579,78.9354,0.4791,85.1745,0.2851,84.2285,0.0281,84.8594
2025-10-01 19:00:00,12.9263,9.7343,60.2173,66.9283,79.3813,85.9667,90.9033,12.7473,11.98,10.389,9.3353,8.2475,0.6999,60.4103,0.365,64.3221,0.3092,84.3063,0.1616,87.8523,0.0196,106.2964
2025-10-01 19:30:00,12.8827,8.5687,60.19,62.482,67.1937,72.2997,82.1153,12.4503,12.1887,11.5447,10.838,9.242,0.9691,55.0152,0.6786,61.5463,0.5887,73.0315,0.5194,75.5571,0.0675,74.3594
2025-10-01 20:00:00,12.842,8.0169,61.7683,63.8537,66.3377,69.3807,79.0507,12.1287,11.9177,11.5547,11.028,9.1957,1.1028,47.0902,0.7849,51.0969,0.6671,61.7072,0.588,64.29,0.1008,66.2774
2025-10-01 20:30:00,12.803,7.4537,63.8927,65.8943,68.908,72.869,81.952,11.683,11.4693,11.0197,10.283,8.457,1.1455,49.028,0.8848,57.3821,0.8254,69.5621,0.7614,71.9767,0.1799,74.9013
2025-10-01 21:00:00,12.7653,7.1233,65.2263,66.9073,69.01,71.5933,79.7613,11.357,11.1997,10.891,10.461,9.0363,1.1052,56.3549,0.845,66.2698,0.7897,78.4695,0.7254,82.411,0.1792,87.2278
2025-10-01 21:30:00,12.7323,7.2732,65.1637,66.9753,70.1363,73.4743,80.5377,11.2663,11.1233,10.7177,10.2143,9.211,0.764,49.4557,0.4817,55.5792,0.4212,69.2468,0.3232,68.9807,0.061,70.7385
2025-10-01 22:00:00,12.7013,7.4774,65.571,67.4717,69.579,72.4887,81.3073,11.2483,11.1123,10.848,10.4113,9.1893,1.0976,49.3795,0.8589,55.0741,0.7892,64.1997,0.7365,65.8945,0.1405,66.4293
2025-10-01 22:30:00,12.6723,7.6789,66.505,67.589,68.743,70.393,76.622,11.224,11.161,10.9757,10.662,9.5813,1.0497,57.2233,0.8339,57.5462,0.7507,60.3667,0.6875,58.8339,0.1651,55.811
2025-10-01 23:00:00,12.6437,7.6802,69.144,70.3353,71.9703,73.889,79.909,11.0193,10.9447,10.664,10.26,9.0733,1.2503,50.5503,1.0379,47.0447,0.9491,49.2986,0.8888,48.1334,0.316,43.843
2025-10-01 23:30:00,12.6033,7.3645,72.4767,73.9537,75.8367,78.496,86.287,10.506,10.383,10.0857,9.6283,7.2689,1.0867,53.1191,0.8539,58.4531,0.8321,67.4672,0.8482,69.928,0.2794,72.6651
2025-10-02 00:00:00,12.5767,6.3655,75.9753,78.163,81.4417,84.8667,93.6033,9.8443,9.5933,9.1357,8.5673,5.8894,1.0898,48.932,0.8539,59.942,0.8539,75.4616,0.8846,79.7424,0.3913,83.6247
2025-10-02 00:30:00,12.5477,5.6631,78.9513,80.961,83.9567,86.3633,94.0733,9.2777,9.115,8.7037,8.3007,6.694,1.1542,51.1068,0.8552,61.8113,0.7912,76.3814,0.7877,80.0155,0.1932,81.9231
2025-10-02 01:00:00,12.521,5.6473,81.6567,83.19,84.5533,85.9167,91.11,8.8973,8.814,8.6103,8.3327,7.1743,0.9116,52.9078,0.7187,55.8053,0.6647,64.9962,0.6316,68.6231,0.1372,72.7768
2025-10-02 01:30:00,12.4967,5.6491,82.62,83.7667,85.3,86.8667,91.75,8.7943,8.7573,8.5363,8.2217,7.0711,0.7962,48.5563,0.5902,48.7258,0.4917,58.4232,0.4264,61.3662,0.0793,64.5389
2025-10-02 02:00:00,12.4707,5.3913,85.4267,89.0567,91.3967,92.7967,95.0167,8.3453,7.9699,7.4997,6.9999,5.7795,0.3617,46.5191,0.1548,56.5474,0.2001,92.8268,0.0686,100.1762,0.0213,96.3452
2025-10-02 02:30:00,12.4443,4.9448,85.5233,87.7933,91.3467,94.56,98.2267,8.2543,8.0404,7.5042,6.7996,5.3796,0.8892,48.79,0.7054,54.8632,0.6592,66.1129,0.5945,68.4566,0.0738,73.3949
2025-10-02 03:00:00,12.4197,4.9061,87.2333,88.3267,89.4233,90.71,95.8533,8.0248,8.014,7.8526,7.5709,6.5662,0.9682,45.8351,0.7716,46.4889,0.7006,51.4485,0.6226,52.0736,0.1394,50.2673
2025-10-02 03:30:00,12.3957,5.2409,88.13,88.76,89.13,89.9,92.7767,7.9072,7.9635,7.892,7.7178,7.2262,1.0575,43.6318,0.9036,40.2041,0.8563,40.4964,0.8008,38.1671,0.2896,37.2113
2025-10-02 04:00:00,12.372,5.6108,88.2633,89.0033,89.3867,90.09,92.5667,7.9929,8.0265,7.9622,7.7995,7.4352,0.7979,63.1792,0.6583,58.883,0.603,57.1695,0.5503,54.6516,0.2398,51.5352
2025-10-02 04:30:00,12.3533,6.0366,87.2167,87.85,88.24,89.0067,91.4667,8.2007,8.2487,8.1643,7.9962,7.5823,1.2461,61.9428,1.1061,60.8094,1.0246,62.099,0.9719,59.9504,0.4515,56.9279
2025-10-02 05:00:00,12.335,6.1444,87.5233,88.25,88.66,89.4167,91.8733,8.0797,8.087,7.9733,7.7458,7.1775,1.2002,62.1731,1.0697,60.2324,1.0046,61.7728,0.9482,59.077,0.4194,55.9314
2025-10-02 05:30:00,12.312,6.0832,87.9167,88.6733,89.07,89.8133,92.2433,7.9747,7.9855,7.9068,7.697,7.1575,0.8748,48.8112,0.7383,45.9235,0.6858,48.626,0.6261,45.8392,0.193,43.0236
2025-10-02 06:00:00,12.3093,6.1541,87.79,88.3733,88.6933,89.4167,91.92,7.9841,8.0422,7.997,7.8429,7.4885,1.2797,59.9877,1.1464,57.5808,1.0551,58.6398,0.9931,56.7297,0.5157,53.3756
2025-10-02 06:30:00,12.3227,6.4951,86.6933,87.3467,87.6467,88.4567,90.78,8.1173,8.1803,8.1623,8.0399,7.7936,1.5939,89.3229,1.4517,88.6558,1.3487,90.2657,1.2642,86.9042,0.7448,85.2022
2025-10-02 07:00:00,12.448,7.0454,87.0333,87.5767,87.9333,88.6467,90.62,8.1933,8.3077,8.3527,8.2997,8.2362,1.7398,82.7542,1.5815,81.0816,1.4569,82.4945,1.3796,80.085,0.8772,76.0177
2025-10-02 07:30:00,12.5803,7.8027,85.6167,86.0867,86.3367,86.9733,88.9067,8.6073,8.719,8.7897,8.759,8.766,2.0617,87.6565,1.9184,86.8449,1.8089,88.1259,1.7281,82.8629,1.2609,80.3022
2025-10-02 08:00:00,13.008,8.7453,84.06,84.4533,84.6367,85.1733,86.82,9.1597,9.2987,9.428,9.435,9.6033,2.3529,96.9442,2.1961,98.5042,2.0528,100.313,1.9524,96.3732,1.4639,93.8045
2025-10-02 08:30:00,13.435,10.5837,78.96,79.141,78.839,78.955,79.9713,10.3813,10.5863,10.8873,11.0923,11.518,2.7481,102.4498,2.5726,101.9771,2.3616,106.5514,2.0804,103.7378,1.757,100.6057
2025-10-02 09:00:00,13.4047,13.192,74.2803,74.4777,74.228,74.515,75.4723,11.3743,11.568,11.8127,11.9137,12.289,2.7643,111.018,2.5537,110.7661,2.3616,114.0449,2.2438,110.7618,1.69,110.0729
2025-10-02 09:30:00,13.348,14.235,73.8577,74.367,74.7673,75.5227,77.5917,11.7907,11.9327,12.0747,12.0893,12.209,2.4308,108.6509,2.2394,109.6443,2.0654,113.4997,1.9572,110.2926,1.4295,109.8973
2025-10-02 10:00:00,13.3963,14.2993,70.414,70.7903,70.891,71.5133,73.5,12.3177,12.444,12.581,12.611,12.741,2.6676,114.6645,2.4622,116.0807,2.2751,119.7052,2.1654,116.705,1.6096,114.5579
2025-10-02 10:30:00,13.538,14.8043,68.008,68.363,68.4697,69.0123,70.7703,12.704,12.8617,13.0233,13.0623,13.2423,2.9592,115.1835,2.7174,117.2863,2.4877,120.3609,2.3413,117.0348,1.7614,115.0704
2025-10-02 11:00:00,13.9957,15.6303,66.4143,66.648,66.5903,67.0353,68.6513,13.2247,13.4123,13.618,13.717,13.9827,2.9579,115.925,2.685,117.1022,2.4888,119.9591,2.3625,116.631,1.828,117.1836
2025-10-02 11:30:00,14.1603,16.7443,64.4413,64.6317,64.4813,64.7413,65.961,13.6817,13.8463,14.0757,14.2067,14.553,3.4585,114.4447,3.2316,114.3927,2.9755,116.8456,2.8292,114.0872,2.2046,112.075
2025-10-02 12:00:00,14.161,17.4123,63.3657,63.5943,63.4903,63.8863,65.397,14.2247,14.378,14.5827,14.6707,14.9327,2.7542,116.8261,2.5652,116.6454,2.3923,120.2152,2.2921,117.7253,1.7993,114.4832
2025-10-02 12:30:00,14.1677,18.3663,60.6677,60.7687,60.5727,60.8217,62.049,15.0227,15.2153,15.475,15.634,16.0847,3.2096,107.8122,2.9653,107.1807,2.7401,109.4825,2.6068,106.8621,2.0532,105.1316
2025-10-02 13:00:00,14.1453,19.5923,57.98,58.0587,57.794,57.9927,58.9277,15.7013,15.8807,16.1633,16.3367,16.8223,3.406,104.2789,3.1702,104.5922,2.9657,107.3372,2.8261,103.9331,2.2222,102.4613
2025-10-02 13:30:00,13.845,21.238,54.841,54.9797,54.7337,54.9227,55.7843,16.3093,16.4947,16.7733,16.943,17.3923,3.6332,112.4654,3.3178,112.7306,3.0515,116.0195,2.906,111.9037,2.2708,110.8304
2025-10-02 14:00:00,13.725,21.503,54.2917,54.5527,54.5353,54.8823,56.261,16.4503,16.5913,16.7567,16.839,17.106,3.1042,112.4051,2.901,112.3782,2.6856,117.1128,2.5558,113.7075,2.0168,112.0203
2025-10-02 14:30:00,13.7523,21.2343,53.0727,53.543,53.7893,54.392,56.2853,16.5377,16.6127,16.7153,16.7307,16.7443,2.9598,103.7281,2.6937,102.5812,2.4833,104.8922,2.3346,101.5289,1.7986,99.1531
2025-10-02 15:00:00,13.779,20.3147,51.998,52.584,53.1197,53.998,56.5137,16.4717,16.531,16.5813,16.5237,16.3877,2.5341,98.0419,2.3224,97.2147,2.1455,99.6318,2.0197,94.9507,1.5142,93.2867
2025-10-02 15:30:00,13.7943,19.81,51.2157,51.695,52.031,52.717,55.0123,16.6177,16.6953,16.773,16.7507,16.647,2.9768,98.1123,2.7492,97.7147,2.5506,99.8402,2.4062,97.3831,1.8452,95.218
2025-10-02 16:00:00,13.5657,19.1,53.5593,54.3527,55.293,56.5003,59.5447,16.254,16.227,16.164,15.9943,15.632,2.3716,90.7456,2.2137,88.9598,2.0399,90.8764,1.8923,87.0333,1.3258,84.954
2025-10-02 16:30:00,13.2363,17.5593,54.865,55.8023,56.918,58.3193,61.8647,15.7077,15.6447,15.5323,15.3153,14.846,1.8818,88.6255,1.6799,90.0895,1.5401,93.0576,1.4221,89.1346,0.8389,85.8437
2025-10-02 17:00:00,13.1363,16.1343,55.9533,57.036,58.4643,60.3203,64.5563,15.3323,15.2397,15.062,14.76,14.1333,1.8023,87.8928,1.5963,87.4566,1.4269,90.3272,1.3012,87.5953,0.6647,85.9911
2025-10-02 17:30:00,13.0393,14.854,56.929,57.989,59.513,61.471,65.8413,14.9203,14.809,14.559,14.1923,13.4117,1.8583,92.7267,1.6425,92.9424,1.4563,95.2233,1.3186,91.0283,0.6577,88.418
2025-10-02 18:00:00,12.979,13.4573,59.4373,60.6663,62.118,64.0637,69.3563,14.272,14.1303,13.8633,13.47,12.4897,1.4724,87.7292,1.2546,88.4356,1.0932,89.8691,0.977,86.6098,0.3119,83.8033
2025-10-02 18:30:00,12.9303,12.5357,60.447,61.6797,63.447,65.6517,70.538,13.9683,13.877,13.6313,13.2877,12.601,1.6438,93.2724,1.4219,94.2316,1.2507,97.344,1.1194,93.4429,0.4151,88.5085
2025-10-02 19:00:00,12.8877,12.1117,60.1327,61.561,63.3997,65.4933,70.177,13.766,13.626,13.3697,13.0147,12.304,1.6508,97.889,1.4201,98.1888,1.2596,100.5628,1.1412,96.8696,0.4417,93.3852
2025-10-02 19:30:00,12.8467,11.6793,60.4327,61.935,63.6943,65.877,71.446,13.4543,13.3143,13.0853,12.7263,11.9197,1.4521,85.6141,1.232,86.2932,1.1059,88.85,1.0098,85.7588,0.353,84.344
2025-10-02 20:00:00,12.8087,11.3843,60.928,62.126,63.9767,66.216,71.181,13.1443,13.053,12.824,12.483,11.807,1.5793,85.0002,1.3835,85.5331,1.2389,89.1532,1.12,86.1557,0.5066,82.2198
2025-10-02 20:30:00,12.773,11.0637,62.747,63.7157,65.0243,66.7807,71.202,12.7493,12.677,12.4583,12.0797,11.3017,1.9474,83.0107,1.7239,81.717,1.5778,84.2333,1.4576,80.0143,0.8792,77.1605
2025-10-02 21:00:00,12.7263,10.416,64.964,66.057,67.3387,69.0773,73.449,12.3917,12.2813,12.0387,11.6637,10.8477,1.8901,86.919,1.71,85.1987,1.5419,87.6117,1.4177,83.959,0.8482,81.3859
2025-10-02 21:30:00,12.692,9.8723,67.5257,68.4507,69.5653,71.247,75.6487,12.0103,11.9323,11.716,11.3473,10.4927,1.7834,87.4476,1.5556,87.6023,1.3973,89.3033,1.2816,85.1554,0.6566,82.7845
2025-10-02 22:00:00,12.6623,9.391,69.2073,70.288,71.5367,73.1783,77.3017,11.6927,11.6093,11.3873,11.0447,10.288,2.1296,84.69,1.8844,81.7237,1.7087,83.8655,1.5917,79.2908,1.0477,75.294
2025-10-02 22:30:00,12.6293,9.0337,70.2087,71.3507,72.5903,74.1617,78.2147,11.349,11.256,11.0033,10.6557,9.8737,1.5488,87.2646,1.3391,84.9261,1.2004,86.4701,1.0974,82.9297,0.5174,81.4362
2025-10-02 23:00:00,12.6003,8.7867,70.385,71.275,72.155,73.4227,76.9277,11.1943,11.1527,11.0137,10.7683,10.1943,2.3847,75.9248,2.1512,73.674,2.0129,75.999,1.9095,72.256,1.4055,70.5431
2025-10-02 23:30:00,12.5707,8.72,70.5597,71.463,72.418,73.798,77.3697,11.049,11.0113,10.8307,10.551,9.9157,2.2233,88.1292,2.0158,86.9203,1.8363,89.8885,1.7106,85.9003,1.1601,82.7954
2025-10-03 00:00:00,12.542,8.6593,72.6497,73.5727,74.442,75.6233,78.5953,10.758,10.733,10.6167,10.3883,9.9123,1.8474,101.9898,1.5935,99.8029,1.438,100.0811,1.3365,96.9499,0.7825,92.2652
2025-10-03 00:30:00,12.515,8.722,73.6667,74.659,75.4503,76.5127,79.2373,10.661,10.6427,10.53,10.339,9.951,1.7194,96.0535,1.4702,92.3028,1.3049,92.6709,1.2202,89.5714,0.6623,87.5127
2025-10-03 01:00:00,12.49,8.9437,74.272,75.0853,75.8677,76.9237,79.8057,10.6453,10.6703,10.5683,10.4133,10.0397,1.6455,85.7846,1.4968,83.0169,1.3731,85.8169,1.2755,81.3853,0.7387,79.2604
2025-10-03 01:30:00,12.4643,9.1367,74.3463,75.1623,75.8967,76.9323,79.6403,10.662,10.6767,10.5913,10.428,10.0643,1.612,92.992,1.4447,94.0763,1.3091,96.4919,1.2108,93.3451,0.6533,92.4348
2025-10-03 02:00:00,12.4427,9.242,73.7903,74.762,75.532,76.5567,79.3127,10.7137,10.7027,10.6213,10.4473,10.0687,1.5739,100.9169,1.3692,99.4606,1.2339,101.5958,1.1385,98.5013,0.5523,95.7509
2025-10-03 02:30:00,12.4223,9.2657,73.989,74.901,75.6003,76.592,79.614,10.6857,10.68,10.6027,10.434,10.0163,1.3504,90.7446,1.1758,90.4452,1.0514,91.422,0.9722,88.1507,0.4262,84.717
2025-10-03 03:00:00,12.4,9.2683,74.8217,75.716,76.567,77.7537,80.668,10.5873,10.5947,10.5067,10.319,9.953,1.4561,83.392,1.2882,80.5766,1.1915,81.8432,1.107,78.442,0.5353,76.2469
2025-10-03 03:30:00,12.3763,9.314,75.2753,76.0987,76.8,77.7903,80.373,10.468,10.4897,10.442,10.2727,9.9807,1.8402,87.1037,1.6497,86.1949,1.5305,88.0206,1.4471,83.2544,0.9299,79.8444
2025-10-03 04:00:00,12.356,9.4503,74.333,75.087,75.706,76.6487,79.0327,10.5537,10.5837,10.533,10.4,10.135,2.0441,97.9312,1.852,96.415,1.6826,99.0269,1.5769,95.7981,1.044,94.7588
2025-10-03 04:30:00,12.3343,9.5473,75.283,76.0567,76.6973,77.6497,80.1737,10.4197,10.4597,10.427,10.2977,10.0587,2.1856,98.819,1.9676,97.0186,1.7947,99.4479,1.6815,95.6636,1.1625,94.1501
2025-10-03 05:00:00,12.314,9.422,78.0493,78.8847,79.6787,80.8783,83.8933,10.111,10.1467,10.1123,9.956,9.6863,2.3452,87.6344,2.1665,86.7507,1.9933,87.7486,1.8716,84.6261,1.3681,82.8193
2025-10-03 05:30:00,12.2963,9.2117,81.58,82.5167,83.1167,84.2833,87.1833,9.812,9.8337,9.814,9.654,9.406,2.0711,86.8717,1.8942,87.6125,1.7318,90.2341,1.6281,86.5453,1.137,82.2739
2025-10-03 06:00:00,12.2797,9.02,84.6433,85.4467,85.9767,86.9533,89.4367,9.576,9.6067,9.5937,9.458,9.2327,2.1514,86.4243,1.9787,83.6675,1.808,87.1839,1.69,83.1248,1.2274,80.5864
2025-10-03 06:30:00,12.272,8.8693,84.4733,85.1667,85.6733,86.67,89.1733,9.5617,9.6097,9.5873,9.4347,9.187,2.1782,95.3918,1.9903,94.8656,1.8034,95.9985,1.6889,92.4295,1.1976,90.0986
2025-10-03 07:00:00,12.399,8.87,85.07,85.7267,86.2033,87.0267,89.2933,9.62,9.686,9.7197,9.6123,9.4913,2.2734,93.4216,2.1111,92.5057,1.9513,94.5787,1.8189,90.0834,1.3265,87.8118
2025-10-03 07:30:00,12.4777,9.2603,83.1933,83.9333,84.4367,85.28,87.5667,9.9743,10.051,10.0963,10.01,9.9203,2.6101,96.2609,2.4328,96.8234,2.2346,100.0444,2.1059,96.1232,1.5876,93.9492
2025-10-03 08:00:00,12.4943,9.6747,81.4433,82.15,82.73,83.6267,85.92,10.25,10.3177,10.352,10.2783,10.1723,2.9526,103.9585,2.6791,103.151,2.4393,104.3352,2.2943,100.1803,1.7335,98.9055
2025-10-03 08:30:00,12.5827,10.149,79.8113,80.5143,81.044,81.9,84.11,10.571,10.6597,10.7007,10.6297,10.5293,2.9701,97.9365,2.7501,97.8678,2.5264,102.8611,2.3925,100.0196,1.8376,97.9217
2025-10-03 09:00:00,12.6333,10.5833,78.8697,79.5913,80.1413,81.0057,83.2533,10.8333,10.9313,10.965,10.9037,10.8213,3.1249,106.0557,2.839,106.1405,2.5726,109.4311,2.401,105.7878,1.8152,102.7726
2025-10-03 09:30:00,12.7163,11.0167,78.2437,78.9387,79.4763,80.3423,82.4967,11.0983,11.1907,11.2407,11.178,11.1287,2.8856,101.2587,2.6506,101.4289,2.4278,105.785,2.2773,103.7832,1.7178,99.4078
2025-10-03 10:00:00,12.8627,11.3337,77.566,78.1597,78.605,79.4187,81.68,11.309,11.3967,11.4503,11.4083,11.366,3.6014,85.8523,3.3451,84.0599,3.067,88.4797,2.9265,82.8414,2.2793,80.3472
2025-10-03 10:30:00,12.9503,11.7233,76.895,77.5173,77.9637,78.7497,80.9327,11.6077,11.7143,11.7773,11.719,11.6753,3.7562,102.3458,3.486,102.5397,3.2059,106.4433,3.0064,102.2964,2.2984,99.6264
2025-10-03 11:00:00,13.092,12.189,76.1123,76.6577,77.102,77.88,79.9957,12.0463,12.1553,12.253,12.2397,12.293,3.335,98.9757,3.0659,99.8312,2.8141,100.8395,2.6551,96.8589,2.0086,95.7275
2025-10-03 11:30:00,13.097,12.8617,73.823,74.364,74.7143,75.436,77.5527,12.46,12.5573,12.6467,12.635,12.6473,3.8194,97.3585,3.5609,96.2311,3.2939,98.2523,3.0944,94.4532,2.3875,92.7725
2025-10-03 12:00:00,13.0493,13.2983,72.0093,72.5833,72.9287,73.6433,75.7423,12.7513,12.8253,12.892,12.8537,12.8177,3.2745,101.0024,3.0217,101.624,2.7616,106.4819,2.6055,101.1879,2.0044,99.5158
2025-10-03 12:30:00,13.0007,13.5647,70.9907,71.6247,72.1137,72.927,75.108,12.9843,13.059,13.116,13.052,12.973,3.3348,102.631,3.0596,102.0195,2.7987,104.4274,2.6434,100.8611,2.0364,99.9662
2025-10-03 13:00:00,13.0483,13.7943,70.628,71.27,71.6987,72.4707,74.707,13.217,13.2973,13.3637,13.322,13.2633,3.0064,94.0685,2.8226,93.2029,2.5667,96.4453,2.4049,92.2804,1.8224,90.8124
2025-10-03 13:30:00,13.0403,13.898,69.5177,70.2563,70.8907,71.936,74.5767,13.312,13.3637,13.3963,13.3177,13.1857,3.8002,95.6696,3.4875,95.731,3.1767,98.0579,2.9724,94.5039,2.298,91.5376
2025-10-03 14:00:00,13.099,13.598,68.2983,68.992,69.6197,70.665,73.5467,13.384,13.4413,13.4667,13.3813,13.2223,4.0696,99.0869,3.7301,99.0103,3.398,101.9261,3.2026,97.4644,2.467,94.3453
2025-10-03 14:30:00,13.0043,13.629,65.8263,66.4263,67.0207,67.967,70.4303,13.679,13.732,13.7417,13.671,13.4783,3.9082,98.9607,3.6317,98.9348,3.2965,101.0701,3.0802,97.3669,2.3651,96.6366
2025-10-03 15:00:00,12.9313,13.7717,65.1833,65.9003,66.445,67.3453,69.7623,13.8783,13.915,13.922,13.831,13.6533,3.3954,106.0747,3.1491,105.9902,2.8792,108.0462,2.6974,103.2158,2.0552,100.8244
2025-10-03 15:30:00,12.8233,13.564,68.2307,69.169,70.01,71.2857,74.6257,13.5447,13.552,13.5247,13.3793,13.0807,3.8172,99.9758,3.5256,100.561,3.2068,102.1459,3.016,98.9697,2.337,97.3539
2025-10-03 16:00:00,12.7353,13.086,68.037,68.7743,69.4307,70.4367,73.206,13.512,13.5437,13.5153,13.387,13.1173,3.6025,99.49,3.286,99.3837,2.9816,101.4235,2.7998,97.7766,2.159,95.8388
2025-10-03 16:30:00,12.644,12.9843,66.5153,67.2127,67.7867,68.7483,71.2553,13.6793,13.687,13.6617,13.5163,13.2367,4.0184,103.39,3.623,101.8551,3.3307,105.7149,3.1419,102.2665,2.4232,100.5218
2025-10-03 17:00:00,12.5677,12.677,68.796,69.7597,70.4947,71.7537,74.958,13.4723,13.4543,13.398,13.2187,12.857,3.7937,111.7298,3.4751,114.0166,3.153,115.9806,2.9718,112.712,2.2827,109.8852
2025-10-03 17:30:00,12.5057,12.092,75.0043,75.9747,76.5053,77.887,81.0693,12.557,12.545,12.528,12.3373,11.9943,3.4161,128.0942,3.0556,129.4978,2.783,132.4504,2.6286,129.2348,2.0275,128.4231
2025-10-03 18:00:00,12.452,11.4477,85.3367,86.14,86.4267,87.4267,89.5633,11.2187,11.2547,11.2607,11.1353,10.9093,3.2209,122.7144,3.0267,125.0979,2.8056,129.1604,2.6534,126.3584,2.0504,124.5135
2025-10-03 18:30:00,12.3993,10.8893,86.7433,87.47,87.8533,88.62,90.7133,10.783,10.8367,10.836,10.736,10.5413,4.4222,109.0932,4.057,109.4555,3.7016,113.6431,3.4945,109.9711,2.7135,107.6161
2025-10-03 19:00:00,12.355,10.4657,88.16,88.85,89.18,89.8867,91.85,10.484,10.5383,10.5467,10.4443,10.264,4.5894,112.954,4.2001,113.6403,3.8083,114.9915,3.5833,110.3198,2.7793,107.3464
2025-10-03 19:30:00,12.3187,10.1717,90.4567,91.1,91.2933,91.9333,93.5933,10.3197,10.38,10.3983,10.281,10.149,4.5984,116.3447,4.2012,116.818,3.8394,119.2193,3.6203,116.5535,2.8204,116.0822
2025-10-03 20:00:00,12.288,10.044,92.8633,93.43,93.5,94.0767,95.3567,10.36,10.417,10.4533,10.3403,10.2177,4.378,113.9452,4.0332,116.2405,3.6798,120.3668,3.4426,117.018,2.6684,114.5559
2025-10-03 20:30:00,12.2663,10.08,93.9167,94.52,94.56,95.05,96.26,10.5747,10.6297,10.6663,10.578,10.446,4.5537,114.8727,4.162,114.42,3.7913,117.6025,3.5842,113.302,2.7825,112.0638
2025-10-03 21:00:00,12.2533,10.242,94.0967,94.6,94.64,95.0667,96.2367,10.8723,10.9397,10.963,10.878,10.7553,4.8253,116.7797,4.4246,115.5489,4.0764,120.2785,3.8433,115.8642,2.9857,114.7752
2025-10-03 21:30:00,12.2423,10.4553,94.8433,95.2867,95.27,95.6433,96.67,11.0503,11.125,11.1527,11.0713,10.9617,4.748,114.263,4.3026,115.7049,3.9424,117.1439,3.7155,114.8799,2.8908,113.9454
2025-10-03 22:00:00,12.2353,10.69,95.23,95.6733,95.65,95.9967,96.9967,11.3567,11.4183,11.447,11.377,11.2507,4.3832,114.8218,4.0343,115.4062,3.6987,119.3492,3.4847,114.7898,2.7512,113.9379
2025-10-03 22:30:00,12.23,10.9793,94.61,94.9933,95.0167,95.3467,96.4667,11.8317,11.8893,11.9173,11.837,11.7053,5.221,116.9004,4.8033,116.7325,4.3797,119.2908,4.0955,115.775,3.2087,114.2478
2025-10-03 23:00:00,12.2247,11.3113,94.62,94.9833,94.9833,95.3033,96.35,12.2203,12.2743,12.2983,12.2173,12.0987,4.528,121.9422,4.0964,121.4445,3.7835,124.743,3.5722,121.3731,2.7806,117.6809
2025-10-03 23:30:00,12.22,11.6873,94.5333,94.89,94.93,95.25,96.2467,12.7323,12.7753,12.803,12.724,12.588,4.0552,123.8439,3.7867,125.1026,3.457,127.4848,3.2375,122.7885,2.5386,121.774
2025-10-04 00:00:00,12.22,12.0973,94.6533,95.04,95.0567,95.34,96.2633,13.1267,13.168,13.198,13.1103,12.986,4.3508,125.0957,3.9882,125.4898,3.6521,130.0442,3.4668,126.457,2.7653,125.5657
2025-10-04 00:30:00,12.2197,12.5017,94.4533,94.82,94.8367,95.1267,96.0267,13.549,13.602,13.619,13.5533,13.4223,4.6114,132.123,4.2913,131.7593,3.9507,134.8944,3.7384,131.418,3.0029,128.9445
2025-10-04 01:00:00,12.211,12.898,95.73,96.0667,96.02,96.28,96.8833,13.717,13.7853,13.803,13.7357,13.6403,4.2809,134.4587,4.0343,136.1716,3.7388,139.7079,3.5354,136.515,2.8104,135.3276
2025-10-04 01:30:00,12.2097,13.257,96.6333,96.93,96.8633,97.0867,97.6133,14.0997,14.151,14.1733,14.1173,14.0133,4.452,136.2688,4.1535,137.5919,3.8555,139.9273,3.6517,137.7231,2.9278,135.6141
2025-10-04 02:00:00,12.2053,13.6567,96.7867,97.0933,97.0433,97.35,97.8833,14.623,14.66,14.685,14.6063,14.503,4.1265,140.1382,3.7998,140.8713,3.4938,143.5389,3.3181,140.8806,2.6536,139.9877
2025-10-04 02:30:00,12.2003,14.134,96.95,97.2833,97.1967,97.5567,98.1,15.2283,15.2543,15.2917,15.2027,15.0977,3.9734,137.2794,3.7408,139.7486,3.4348,141.1976,3.2471,137.4404,2.5593,137.6319
2025-10-04 03:00:00,12.199,14.6613,96.5367,96.9033,96.8733,97.31,97.92,15.8907,15.905,15.9333,15.8353,15.7227,4.506,140.5605,4.1728,139.2464,3.8157,144.3921,3.6071,140.4415,2.8792,140.9005
2025-10-04 03:30:00,12.1933,15.2127,95.63,95.9567,96.02,96.59,97.3067,16.4017,16.427,16.4373,16.3363,16.2103,5.3007,152.6093,4.8358,153.9115,4.3719,158.2921,4.1384,154.3742,3.3557,155.4201
2025-10-04 04:00:00,12.1823,15.665,96.0933,96.4067,96.44,96.9967,97.5367,16.572,16.6073,16.624,16.4977,16.3953,5.4614,157.9694,4.9621,159.9678,4.4723,163.0393,4.1927,161.9037,3.3934,162.0751
2025-10-04 04:30:00,12.1857,15.986,94.3333,94.7967,94.8233,95.43,96.1733,16.1813,16.193,16.2083,16.122,16.024,6.3338,197.0821,5.7182,198.6251,5.1441,201.0375,4.8493,199.7242,3.9982,196.9848
2025-10-04 05:00:00,12.1783,15.2803,93.4333,94.05,94.3533,94.8167,96.2333,13.6667,13.6997,13.6977,13.617,13.4497,5.319,234.2403,4.5718,237.3758,4.0707,239.3442,3.8455,238.308,3.2131,236.2247
2025-10-04 05:30:00,12.171,14.257,91.97,92.6167,93.15,93.5367,95.5833,13.6833,13.7113,13.6893,13.6183,13.3867,4.8689,222.3142,4.2948,227.2255,3.8629,230.4556,3.6645,229.3884,3.0646,226.1874
2025-10-04 06:00:00,12.162,13.6383,92.6633,93.1833,93.56,94.0067,95.9467,13.5837,13.6207,13.6033,13.5063,13.281,4.5605,208.194,4.0757,211.4731,3.6961,216.4503,3.4932,214.2491,2.9359,215.1434
2025-10-04 06:30:00,12.156,13.3203,94.3233,94.7433,94.9567,95.5467,97.0267,13.3953,13.45,13.4503,13.3577,13.154,4.2471,203.4022,3.8022,207.6001,3.4413,210.7662,3.2427,208.6601,2.7022,207.8674
2025-10-04 07:00:00,12.158,13.062,87.8167,88.2,88.8833,89.8633,92.99,13.1237,13.1847,13.139,13.0047,12.7033,5.8356,198.5694,5.243,201.961,4.7288,206.7626,4.4512,205.1754,3.6852,205.0924
2025-10-04 07:30:00,12.153,12.504,87.41,88.1267,88.74,89.71,92.5433,12.7697,12.7857,12.7487,12.605,12.3047,4.4294,190.9291,3.9224,196.4173,3.5252,200.9034,3.3161,197.8141,2.7388,196.7033
2025-10-04 08:00:00,12.1987,12.331,91.42,91.9333,92.2633,93.2033,94.8867,13.1443,13.1883,13.184,13.0557,12.8753,4.104,183.033,3.7205,187.8053,3.3864,192.5374,3.1508,190.062,2.5889,189.7067
2025-10-04 08:30:00,12.2527,12.5753,91.0533,91.52,91.8467,92.7733,94.3367,13.368,13.4137,13.4363,13.3253,13.161,4.6456,173.9759,4.2077,177.2352,3.7841,183.2493,3.5212,180.2072,2.8932,178.5465
2025-10-04 09:00:00,12.3547,12.876,89.5467,90.0567,90.4767,91.44,93.0333,13.5497,13.6113,13.62,13.519,13.3907,4.3412,178.4031,3.9651,179.687,3.5803,184.6498,3.359,182.4044,2.7599,182.6432
2025-10-04 09:30:00,12.9183,13.638,71.428,72.3657,73.3717,74.5227,77.3093,14.4367,14.4623,14.4727,14.3907,14.2463,6.1855,202.4911,5.515,207.9986,4.964,213.867,4.6646,212.4322,3.8893,210.6896
2025-10-04 10:00:00,13.043,14.7303,60.0227,61.1723,62.1737,63.3123,65.8927,14.5233,14.5223,14.518,14.4283,14.2703,7.6346,212.9415,6.7028,216.3174,6.0078,219.966,5.667,218.2229,4.76,214.2153
2025-10-04 10:30:00,13.4007,16.1013,58.8023,59.6967,60.38,61.267,63.0807,14.8557,14.9697,15.1007,15.122,15.2793,6.5732,217.4681,5.806,220.0868,5.2299,224.1701,4.9385,221.2867,4.1609,219.5582
2025-10-04 11:00:00,13.2877,17.376,57.6143,58.476,59.1123,59.979,61.8157,14.67,14.7293,14.806,14.7893,14.8097,7.3807,208.8384,6.583,213.9349,5.9042,218.6968,5.5592,216.0869,4.6888,214.402
2025-10-04 11:30:00,13.5303,17.3473,57.7063,58.4903,59.0597,59.8763,61.5247,14.571,14.6787,14.7893,14.794,14.9053,7.5329,208.3381,6.679,212.9693,6.0348,217.7974,5.6762,214.0567,4.7632,211.9786
2025-10-04 12:00:00,13.3117,17.5207,58.7433,59.6597,60.2267,61.052,62.7553,14.3447,14.4047,14.4747,14.46,14.4883,7.1577,204.2358,6.309,209.6971,5.637,214.2839,5.2883,212.4239,4.4586,211.7173
2025-10-04 12:30:00,13.4613,16.17,63.547,64.5463,65.4227,66.779,69.6037,13.0923,13.1527,13.1563,13.0533,12.9487,7.2082,208.4587,6.4514,212.4653,5.826,216.2054,5.4867,214.6163,4.5984,212.1569
2025-10-04 13:00:00,13.595,15.2027,68.4463,69.6613,70.6227,71.882,74.52,12.9433,12.9963,13.03,12.959,12.9307,6.4192,210.3174,5.6465,214.0179,5.0823,218.8137,4.7955,215.9499,4.0359,215.994
2025-10-04 13:30:00,13.5953,13.878,71.1847,72.3797,73.5567,74.8833,77.93,12.1887,12.2353,12.2343,12.1433,12.036,6.2206,204.3617,5.5102,209.7895,4.9486,214.4162,4.6517,212.2573,3.9056,211.5805
2025-10-04 14:00:00,13.478,13.8847,66.901,68.0283,69.0763,70.366,73.1307,13.1413,13.1563,13.1517,13.0473,12.943,6.8837,205.0422,6.1039,209.0222,5.4525,213.0831,5.1317,210.6905,4.3079,209.5715
2025-10-04 14:30:00,13.8667,13.3703,68.2787,69.3263,70.5433,71.995,75.2217,13.0183,13.0743,13.0757,12.9767,12.8327,6.7091,204.2583,5.9747,208.5933,5.3968,211.7788,5.0766,208.3248,4.2658,209.8118
2025-10-04 15:00:00,13.375,13.498,67.9877,69.1527,70.2197,71.7163,74.9683,13.0017,13.0083,12.9677,12.8287,12.5657,6.9025,199.1478,6.2128,203.7248,5.6468,207.0424,5.2844,205.0564,4.4281,203.227
2025-10-04 15:30:00,13.242,12.3547,77.1887,78.369,79.3593,80.6383,83.886,11.2893,11.312,11.2723,11.1417,10.889,5.3395,207.174,4.7486,212.6087,4.2414,216.601,3.9945,214.2001,3.3612,212.9444
2025-10-04 16:00:00,13.1233,11.4343,77.5447,78.6057,79.4773,80.641,83.4773,11.3523,11.3733,11.3423,11.191,10.9353,6.2306,202.4125,5.5677,204.9767,5.0235,209.94,4.7182,208.3342,3.9694,207.4019
2025-10-04 16:30:00,12.9907,10.778,81.9027,82.92,83.7667,84.79,87.4833,10.9613,10.998,10.9623,10.8317,10.5887,6.2687,203.492,5.549,208.4893,4.9431,213.2961,4.6411,210.8352,3.8934,208.6908
2025-10-04 17:00:00,12.9267,10.391,81.0373,82.08,82.89,83.9767,86.61,11.0603,11.083,11.039,10.9153,10.668,6.2801,202.8253,5.569,206.5207,4.9767,210.9955,4.6591,208.2617,3.8878,207.1145
2025-10-04 17:30:00,12.8653,10.1847,86.0333,86.8267,87.3867,88.2867,90.42,10.8497,10.9027,10.8823,10.7563,10.556,5.2711,197.9825,4.709,202.229,4.2772,207.3906,4.0097,205.3294,3.3329,205.0426
2025-10-04 18:00:00,12.8207,10.13,91.4,91.9867,92.36,93.0367,94.65,10.6807,10.747,10.734,10.6303,10.4483,4.2891,195.8186,3.8601,198.8603,3.5175,202.871,3.3237,199.4624,2.7882,201.1284
2025-10-04 18:30:00,12.7827,10.186,88.5833,89.3967,90.03,90.96,93.1467,11.2173,11.2467,11.2163,11.076,10.858,4.1628,199.5234,3.7419,204.3376,3.3579,207.6637,3.1578,205.9163,2.6323,205.9572
2025-10-04 19:00:00,12.747,10.339,81.2543,82.2723,83.0913,84.056,87.32,12.1727,12.1427,12.0737,11.908,11.5283,4.652,209.3477,4.0792,215.9652,3.6976,219.4376,3.4858,216.0976,2.9309,215.5318
2025-10-04 19:30:00,12.7157,10.4787,74.2807,75.4157,76.434,77.462,80.4133,12.8493,12.7967,12.6903,12.5037,12.1153,5.3099,213.606,4.6522,219.9827,4.1654,224.7709,3.9416,222.3805,3.3268,220.3606
2025-10-04 20:00:00,12.6857,10.682,72.1077,73.183,74.142,75.3087,78.2297,13.0953,13.048,12.9283,12.7237,12.3277,5.1696,208.1971,4.6256,212.8895,4.1613,218.0762,3.9067,213.9679,3.2649,212.2504
2025-10-04 20:30:00,12.656,10.854,73.568,74.7293,75.5973,76.785,79.9207,13.097,13.0517,12.9633,12.774,12.3797,5.4131,211.6766,4.7415,216.0439,4.2469,220.2642,3.9962,218.5408,3.3555,216.8988
2025-10-04 21:00:00,12.6277,10.9593,77.514,78.874,79.8897,80.9873,84.5567,12.7027,12.6493,12.557,12.385,11.9813,4.9264,211.9394,4.3303,215.1939,3.9387,219.1654,3.7109,216.2995,3.1347,216.3251
2025-10-04 21:30:00,12.6063,10.9357,75.209,76.601,77.674,78.8207,82.4203,12.9117,12.839,12.7393,12.5587,12.137,5.3314,215.2442,4.6851,220.721,4.1572,223.256,3.9191,220.1819,3.3091,218.924
2025-10-04 22:00:00,12.5847,10.8763,75.2673,76.554,77.5123,78.6327,81.986,12.8703,12.7997,12.7093,12.519,12.096,4.888,212.6594,4.3172,217.2844,3.898,220.2905,3.6733,218.8849,3.0844,216.6116
2025-10-04 22:30:00,12.5603,10.854,72.808,74.127,75.1303,76.366,79.7507,13.07,13.0037,12.9127,12.7177,12.303,5.2733,209.0227,4.6245,214.0512,4.1452,217.7508,3.891,216.1825,3.2786,214.2056
2025-10-04 23:00:00,12.5367,10.955,71.5597,72.793,73.8687,75.07,78.1673,13.2433,13.1633,13.066,12.863,12.464,5.5557,214.7066,4.9207,218.7849,4.3656,220.9063,4.1064,219.6209,3.4642,217.7465
2025-10-04 23:30:00,12.5157,10.9573,67.8497,68.9203,69.789,70.9507,73.8397,13.2843,13.2317,13.1313,12.9373,12.563,5.5799,216.2476,4.9612,220.2179,4.4668,222.3551,4.2062,219.5807,3.5611,218.3621
2025-10-05 00:00:00,12.493,11.0013,70.9433,71.941,72.6577,73.734,76.1717,12.893,12.8447,12.7693,12.577,12.225,4.807,211.9595,4.2573,218.1209,3.8344,220.4998,3.604,217.8153,3.0173,216.052
2025-10-05 00:30:00,12.4693,10.947,80.2977,81.505,82.506,83.455,86.2673,11.966,11.9433,11.8537,11.7,11.3713,5.0605,222.3366,4.4372,227.6137,4.0034,233.6494,3.7704,230.4983,3.1565,227.1458
2025-10-05 01:00:00,12.45,10.5967,81.541,82.687,83.7627,84.629,87.8167,11.9173,11.875,11.7743,11.6213,11.2133,3.6354,209.8175,3.2264,215.2974,2.8984,217.2597,2.7301,215.6851,2.2608,214.2315
2025-10-05 01:30:00,12.4293,10.4617,77.72,78.8263,79.7137,80.7207,83.4433,12.241,12.204,12.1367,11.9553,11.6097,4.5019,212.6154,3.9607,217.6418,3.5513,220.5344,3.3287,218.7775,2.7917,217.6537
2025-10-05 02:00:00,12.4103,10.4567,74.367,75.4987,76.478,77.566,80.2613,12.4897,12.4343,12.3307,12.136,11.7863,4.6252,210.0405,4.0644,213.8334,3.6092,218.125,3.3871,216.4003,2.8335,215.3425
2025-10-05 02:30:00,12.389,10.4953,73.0317,74.113,75.0137,76.1567,78.877,12.3953,12.341,12.251,12.054,11.7023,5.2898,209.3787,4.6986,213.6443,4.2223,218.1106,3.9707,216.2237,3.3231,215.2712
2025-10-05 03:00:00,12.3703,10.3557,75.8807,76.97,77.8027,78.9367,81.6667,12.078,12.029,11.9347,11.731,11.3553,3.9459,206.5853,3.4868,212.5082,3.1369,215.1088,2.9415,211.8064,2.4406,211.2309
2025-10-05 03:30:00,12.352,10.315,73.252,74.4453,75.3467,76.411,79.2287,12.3767,12.3127,12.242,12.054,11.6993,4.8625,214.9077,4.2915,219.4477,3.8355,222.6993,3.6042,220.8958,3.0387,219.6702
2025-10-05 04:00:00,12.3323,10.3257,74.458,75.634,76.6353,77.8323,80.7167,12.2257,12.186,12.0877,11.8983,11.5417,3.9925,208.0171,3.4842,212.6325,3.1164,218.2241,2.9232,214.3485,2.4306,213.1048
2025-10-05 04:30:00,12.3113,10.252,80.6633,81.87,82.717,83.806,86.5133,11.291,11.2663,11.1733,11.0033,10.6677,3.9026,207.234,3.4648,213.172,3.1075,217.9221,2.9339,215.5818,2.4463,215.0205
2025-10-05 05:00:00,12.294,10.0153,78.706,79.9197,80.802,81.8557,85.05,11.2867,11.2643,11.2007,11.0333,10.6833,4.5394,212.1871,4.0424,215.6398,3.6369,219.458,3.4442,216.2343,2.8851,216.0142
2025-10-05 05:30:00,12.275,9.826,75.5523,76.9077,77.7277,78.8297,82.02,11.5883,11.5373,11.4653,11.2837,10.909,4.3961,221.4503,3.8233,225.9358,3.408,228.7098,3.2092,224.9617,2.7118,223.7652
2025-10-05 06:00:00,12.258,9.6933,74.582,75.746,76.6093,77.7777,81.009,11.7517,11.7147,11.6327,11.4377,11.0393,3.7972,212.9214,3.357,217.298,3.0125,220.4045,2.8224,217.6704,2.3738,216.0022
2025-10-05 06:30:00,12.2583,9.7893,74.4503,75.653,76.6867,77.8823,80.819,11.8457,11.7897,11.678,11.484,11.1063,3.4152,209.9424,2.9755,215.0928,2.6288,218.9563,2.46,216.6653,2.0349,214.5552
2025-10-05 07:00:00,12.2883,10.05,70.3033,71.4083,72.193,73.212,75.6927,12.4527,12.415,12.3577,12.188,11.8977,4.9039,227.5192,4.2748,231.4095,3.7645,236.197,3.5413,233.3497,2.9962,230.4379
2025-10-05 07:30:00,12.31,10.53,80.683,81.9567,82.681,83.3697,85.792,11.4397,11.436,11.41,11.307,11.0857,4.003,229.6769,3.4568,235.2713,3.1009,239.7578,2.9287,237.329,2.4535,235.7851
2025-10-05 08:00:00,12.32,10.612,88.13,89.2067,90.1267,90.4367,92.58,10.9093,10.9533,10.912,10.8577,10.691,3.0201,236.6026,2.6155,241.6664,2.3276,244.9006,2.207,241.9696,1.8256,241.1273
2025-10-05 08:30:00,12.558,10.8397,84.2633,85.1,85.9933,86.4267,88.9233,11.3823,11.448,11.437,11.3823,11.239,3.7937,219.9735,3.425,223.635,3.0654,227.1936,2.8923,223.846,2.4132,222.0849
2025-10-05 09:00:00,13.1377,11.746,80.3193,81.0967,81.5253,82.2433,83.9167,12.1177,12.233,12.3273,12.298,12.3523,5.1759,221.8177,4.4895,227.4249,4.0269,230.1897,3.8183,228.5514,3.239,226.7471
2025-10-05 09:30:00,12.8873,12.6353,82.774,83.8733,84.4133,85.0967,87.34,11.9223,11.9697,12.0003,11.9177,11.8137,4.7552,228.2513,4.0864,231.6039,3.6632,235.1654,3.4812,233.2217,2.9311,231.0364
2025-10-05 10:00:00,12.8433,12.396,89.5833,90.4967,91.1033,91.69,93.4833,11.4287,11.493,11.5207,11.4667,11.3933,3.3784,230.5142,2.8954,235.2251,2.5713,238.4171,2.4263,235.449,2.0129,233.5691
2025-10-05 10:30:00,12.8773,12.2223,86.6467,87.6767,88.4767,88.9967,91.2267,11.627,11.689,11.695,11.629,11.519,4.564,225.5413,3.9707,227.33,3.5491,230.7332,3.357,229.7948,2.8379,227.0359
2025-10-05 11:00:00,12.968,11.9787,84.79,85.83,86.4733,87.0867,89.6133,11.576,11.632,11.6617,11.6037,11.457,5.6659,228.5092,4.9314,230.3565,4.3799,234.1226,4.1611,231.8322,3.535,227.8616
2025-10-05 11:30:00,13.1577,12.354,80.9913,81.8537,82.4157,83.1267,85.09,12.2613,12.348,12.425,12.3827,12.3933,4.9381,223.22,4.3292,225.77,3.8346,228.108,3.6358,224.1868,3.0796,221.6283
2025-10-05 12:00:00,13.3417,12.8477,82.7533,83.645,84.1863,84.9733,87.1433,12.1873,12.2923,12.378,12.3517,12.3637,5.0239,222.4604,4.4141,226.2871,3.9516,229.6992,3.7297,226.5179,3.1582,226.0567
2025-10-05 12:30:00,13.3707,13.55,79.674,80.376,80.8133,81.493,83.0133,12.5783,12.6797,12.7623,12.7333,12.7923,5.6485,220.0376,5.0385,224.1056,4.5322,226.2688,4.2972,223.9956,3.6286,221.2425
2025-10-05 13:00:00,14.068,14.6813,76.335,76.9233,77.3487,77.9903,79.0093,13.302,13.5123,13.6997,13.77,14.094,4.961,223.555,4.3153,227.5882,3.8605,230.3039,3.658,228.5208,3.1177,227.6008
2025-10-05 13:30:00,13.8563,16.7107,70.726,71.4063,71.805,72.4637,73.5137,13.987,14.157,14.2937,14.318,14.539,5.547,223.1789,4.8959,227.4881,4.3784,229.6594,4.1369,227.9206,3.5036,225.8928
2025-10-05 14:00:00,13.694,17.1477,71.626,72.3913,72.7433,73.393,74.597,13.766,13.8647,13.9593,13.9413,14.0487,4.9503,248.7022,4.3061,253.6761,3.8305,255.3769,3.6173,251.6436,3.0062,249.3033
2025-10-05 14:30:00,13.6507,16.2697,73.1347,73.8217,74.206,74.9143,76.3677,13.3987,13.4777,13.5247,13.483,13.468,4.8164,249.4596,4.2081,253.5187,3.7863,254.1083,3.5683,249.8447,2.9687,244.4089
2025-10-05 15:00:00,13.4453,15.534,70.6877,71.6483,72.2023,72.949,74.711,13.618,13.6517,13.677,13.6063,13.4967,4.7136,238.5955,4.0892,243.7762,3.6565,245.8945,3.4516,242.8891,2.9038,238.0138
2025-10-05 15:30:00,13.242,14.6303,71.9417,73.0983,73.807,74.7077,77.2417,13.092,13.0897,13.0837,12.9787,12.7523,5.3974,241.4401,4.7125,246.5776,4.1197,250.9941,3.8568,246.6274,3.2453,244.4655
2025-10-05 16:00:00,13.19,13.4143,77.6783,78.7093,79.4417,80.3703,83.0767,12.507,12.51,12.4953,12.3793,12.1543,3.4344,253.2442,2.9907,256.3327,2.6386,258.7839,2.4607,256.1224,2.012,252.2149
2025-10-05 16:30:00,13.0733,12.548,74.207,75.3827,76.2443,77.277,80.2573,12.68,12.6563,12.62,12.476,12.174,2.9698,246.7988,2.5604,252.4183,2.2701,255.3828,2.1323,253.1923,1.718,250.6725
2025-10-05 17:00:00,12.976,11.983,69.5193,70.5993,71.4907,72.5697,75.5923,13.075,13.054,12.9913,12.8247,12.5057,3.405,246.0248,3.0345,249.8197,2.7022,250.8905,2.5288,247.5443,2.0669,244.3805
2025-10-05 17:30:00,12.8983,11.5993,69.8227,70.9513,71.805,72.8927,75.9697,13.004,12.9663,12.8967,12.7247,12.3193,3.9226,243.7654,3.3675,249.9216,2.9533,252.0981,2.7671,249.0173,2.2547,246.6922
2025-10-05 18:00:00,12.8473,11.2777,69.11,70.3587,71.2327,72.2733,74.9103,12.9487,12.866,12.7657,12.5703,12.1727,3.1401,244.7386,2.6484,247.177,2.3291,248.5768,2.2017,244.2291,1.7967,239.4115
2025-10-05 18:30:00,12.8013,10.845,70.4917,71.9113,72.9087,73.9563,76.747,12.68,12.531,12.3707,12.1447,11.6477,2.7366,231.8191,2.3381,236.8431,1.975,238.189,1.8533,235.7291,1.4367,234.7926
2025-10-05 19:00:00,12.7643,10.2193,68.8463,70.3713,71.4847,72.616,75.6077,12.4227,12.2663,12.0793,11.828,11.2653,2.3522,243.4129,1.9535,245.5818,1.6897,248.0159,1.5898,243.2433,1.1603,239.089
2025-10-05 19:30:00,12.7307,9.591,67.374,68.8113,69.9687,71.2923,74.8457,12.2207,12.0557,11.8473,11.5567,10.8573,1.8683,239.2835,1.5338,244.1341,1.2975,244.263,1.1875,239.8791,0.649,237.3944
2025-10-05 20:00:00,12.694,9.2187,65.8283,67.2643,68.5047,69.827,73.2133,12.2843,12.159,11.9983,11.7747,11.2433,1.7265,234.3088,1.4696,236.2473,1.2564,239.1318,1.152,236.157,0.6209,235.0142
2025-10-05 20:30:00,12.6613,9.407,67.49,69.38,71.429,73.594,77.6547,12.1683,11.9933,11.6497,11.229,10.5167,1.4384,204.9993,1.2278,206.1971,0.9961,212.6158,0.85,210.674,0.2189,217.4254
2025-10-05 21:00:00,12.6273,8.764,78.1323,82.1257,84.0333,85.91,89.2533,10.464,9.9097,9.6457,9.332,8.683,0.8637,183.6628,0.4003,210.3235,0.2653,244.7592,0.1618,246.6357,0.0403,260.2846
2025-10-05 21:30:00,12.5933,7.8485,80.6713,84.34,86.9067,88.6967,92.1667,9.9333,9.535,9.219,8.9167,8.2997,0.9822,192.9806,0.5693,216.2299,0.2687,263.1287,0.1076,276.6728,0.0366,279.526
2025-10-05 22:00:00,12.5627,7.1786,78.615,82.712,85.3767,87.0467,90.9033,10.1723,9.6577,9.3103,9.0457,8.39,1.0591,200.2576,0.6246,217.797,0.4175,241.9955,0.2679,238.7129,0.0664,252.9414
2025-10-05 22:30:00,12.532,6.9749,75.6547,77.7167,79.9617,82.0767,86.5567,10.7143,10.4753,10.0907,9.6647,8.874,1.766,205.5304,1.4184,209.0681,1.1161,215.2472,0.9704,214.0198,0.309,214.9097
2025-10-05 23:00:00,12.504,7.0606,75.821,78.082,80.443,82.3233,86.1633,10.9167,10.6553,10.2553,9.884,9.228,1.6322,207.1699,1.2546,212.6317,0.9449,222.5028,0.7825,222.1354,0.2252,223.428
2025-10-05 23:30:00,12.4773,7.3005,76.003,78.4977,80.5613,82.2867,86.1833,11.0523,10.7597,10.4247,10.0923,9.4463,1.4504,212.6515,1.0978,219.7763,0.8347,228.9105,0.6986,228.1547,0.1993,228.9123
2025-10-06 00:00:00,12.451,7.668,75.565,77.1773,78.7017,80.3757,84.78,11.3737,11.246,11.0563,10.8203,10.2527,1.3803,204.1204,1.1296,208.6757,0.9277,213.4063,0.8029,211.0511,0.2859,210.5596
2025-10-06 00:30:00,12.426,8.368,76.0253,77.669,79.0583,80.4667,83.4967,11.587,11.4933,11.3913,11.203,10.8677,2.158,205.0052,1.8202,210.4033,1.5591,216.0061,1.4291,214.3355,0.9983,213.9018
2025-10-06 01:00:00,12.404,9.1963,79.6937,80.6363,81.2877,82.2373,84.2933,11.9163,11.903,11.8463,11.7077,11.4797,2.4219,205.9495,2.1055,209.1493,1.8679,213.0692,1.7331,210.2796,1.2971,212.1696
2025-10-06 01:30:00,12.3793,9.886,86.8133,87.7167,88.3267,89.1767,90.7967,11.6857,11.649,11.5667,11.3853,11.1043,1.7718,197.4694,1.5449,201.7855,1.3326,207.5497,1.2032,204.8616,0.6694,204.1426
2025-10-06 02:00:00,12.3547,10.0083,91.19,92.1767,92.7567,93.49,94.8133,11.39,11.2927,11.131,10.9037,10.514,1.4382,200.7866,1.1662,207.083,0.9506,214.5378,0.821,212.728,0.3021,216.5757
2025-10-06 02:30:00,12.3307,9.887,91.5933,92.5267,93.1267,93.81,95.47,11.4717,11.4267,11.3043,11.1417,10.8297,1.5937,207.4603,1.3509,213.0899,1.1211,217.9824,1.0183,214.0146,0.4989,214.8251
2025-10-06 03:00:00,12.3093,10.1353,89.3533,90.13,90.6267,91.27,93.0067,11.9243,11.9173,11.8777,11.756,11.5257,2.2107,208.0989,1.8914,213.0314,1.6612,217.984,1.5427,214.5123,1.1076,214.1418
2025-10-06 03:30:00,12.2877,10.6023,88.8,89.5333,89.9167,90.54,92.0133,12.245,12.2537,12.224,12.0987,11.889,2.1621,205.7234,1.8816,209.136,1.6734,213.9212,1.5517,210.5076,1.1192,210.6573
2025-10-06 04:00:00,12.266,11.055,90.5633,91.23,91.4433,91.9567,93.1933,12.4617,12.4737,12.4707,12.368,12.198,3.396,215.5574,3.0265,220.0255,2.7366,223.4557,2.572,220.3455,2.1477,218.9318
2025-10-06 04:30:00,12.249,11.4387,93.94,94.6067,94.74,95.1533,96.1333,12.199,12.2243,12.2313,12.1337,12.0153,2.2385,207.6362,1.9328,213.3872,1.7283,217.3212,1.6168,213.5503,1.191,213.551
2025-10-06 05:00:00,12.2323,11.6573,93.5567,94.23,94.4767,94.92,96.2067,12.2677,12.291,12.301,12.1817,12.044,1.553,209.8822,1.3737,214.8528,1.2115,218.4265,1.1096,215.5003,0.6353,216.3454
2025-10-06 05:30:00,12.2173,11.7993,94.17,94.8233,94.98,95.4367,96.5433,12.317,12.338,12.3517,12.254,12.101,1.7975,205.2132,1.5702,210.6808,1.4023,215.9816,1.3021,212.9322,0.8458,213.9753
2025-10-06 06:00:00,12.2047,11.8973,92.7033,93.4967,93.76,94.3167,95.86,12.6257,12.618,12.6097,12.4987,12.302,1.9589,204.4852,1.6749,208.6983,1.4903,215.2674,1.3781,212.7729,0.943,211.2805
2025-10-06 06:30:00,12.202,12.0297,90.7067,91.6033,91.9433,92.6833,94.33,13.0567,13.0383,13.0313,12.8993,12.7053,2.7538,207.1991,2.3653,211.9233,2.1231,216.0423,1.9868,214.1545,1.5889,213.2492
2025-10-06 07:00:00,12.205,12.2743,89.7467,90.44,90.9033,91.7367,93.35,13.3247,13.3427,13.3273,13.178,13.003,2.7362,210.5662,2.3642,214.407,2.1016,219.2007,1.9715,216.2654,1.5758,214.6498
2025-10-06 07:30:00,12.2277,12.541,89.6467,90.3233,90.8,91.58,93.1567,13.5307,13.555,13.5383,13.4227,13.2463,2.0423,215.1552,1.7766,219.2191,1.5865,223.3978,1.4809,220.7555,1.0758,219.7402
2025-10-06 08:00:00,12.24,12.9023,88.5867,89.2567,89.81,90.56,92.2767,13.8553,13.8887,13.8597,13.7527,13.587,2.2464,212.9511,1.9981,217.1287,1.7788,220.7872,1.6658,218.2295,1.2579,217.483
2025-10-06 08:30:00,12.4807,13.3733,86.9033,87.56,88.0633,88.7333,90.65,14.1773,14.24,14.262,14.2083,14.0863,2.7475,207.5082,2.4615,210.0433,2.2165,214.7071,2.0759,211.554,1.6732,213.0096
2025-10-06 09:00:00,12.613,14.0347,85.98,86.6233,86.9933,87.6767,89.3767,14.477,14.5313,14.5757,14.518,14.422,3.2353,210.2793,2.8993,215.3854,2.5987,219.4312,2.4217,216.7844,1.9929,215.8824
2025-10-06 09:30:00,12.657,14.631,86.0267,86.6067,86.9167,87.48,88.9367,14.5693,14.6327,14.6767,14.6403,14.5803,3.3438,213.0208,2.9829,218.3049,2.6473,223.3832,2.4733,221.3207,2.0249,219.4689
2025-10-06 10:00:00,12.5977,14.737,88.3533,89.0733,89.36,89.9967,91.4067,14.2917,14.3387,14.37,14.3103,14.224,3.6933,210.5335,3.2839,215.5048,2.93,219.6986,2.764,217.4992,2.31,216.4186
2025-10-06 10:30:00,12.7817,14.757,88.57,89.2567,89.5267,90.1033,91.6133,14.422,14.4917,14.571,14.5293,14.513,2.7627,217.7304,2.4287,222.9874,2.1795,225.8924,2.0532,223.958,1.6714,223.4723
2025-10-06 11:00:00,12.678,15.0047,86.3367,86.98,87.29,87.87,89.3167,14.6513,14.702,14.7657,14.7127,14.6483,2.6133,212.8622,2.318,218.6387,2.0619,223.7783,1.9186,220.1953,1.5312,218.2344
2025-10-06 11:30:00,12.8147,15.2103,84.3067,84.9333,85.2667,85.7933,87.18,14.8117,14.8867,14.95,14.9107,14.9183,2.8244,223.3097,2.4796,228.1029,2.2172,230.1724,2.0974,228.191,1.6917,227.4839
2025-10-06 12:00:00,12.9167,15.9117,80.8043,81.3967,81.6967,82.2533,83.4567,15.2823,15.3893,15.4717,15.4557,15.5277,3.1371,225.8566,2.7571,229.6961,2.4657,231.1955,2.315,229.4699,1.8777,227.8896
2025-10-06 12:30:00,12.997,16.5253,78.4743,79.1497,79.51,80.1093,81.4087,15.4443,15.529,15.6183,15.594,15.643,3.749,226.1011,3.2272,230.8369,2.8629,233.6385,2.7063,231.1816,2.2364,229.2898
2025-10-06 13:00:00,12.7593,16.6143,76.0973,76.9483,77.4323,78.1833,80.063,15.4977,15.4977,15.517,15.419,15.294,3.5909,226.1208,3.1539,229.8586,2.7852,231.4741,2.6205,229.0353,2.1754,225.7442
2025-10-06 13:30:00,12.6957,15.8733,80.4273,81.3823,81.7843,82.5,84.3643,14.7853,14.79,14.809,14.7273,14.5653,4.2467,229.3742,3.6073,234.3345,3.1774,236.5396,2.9844,234.5903,2.4679,231.7446
2025-10-06 14:00:00,12.6387,15.108,86.84,87.7367,88.1533,88.8267,90.5833,13.9973,14.0313,14.045,13.973,13.8333,3.5753,223.4054,3.1088,228.3275,2.7592,231.0604,2.6029,228.8273,2.1479,226.7459
2025-10-06 14:30:00,12.6577,14.5433,92.8667,93.5467,93.66,94.11,95.0767,13.438,13.4927,13.5453,13.493,13.4577,2.9267,219.3783,2.5907,224.7033,2.3513,227.3081,2.2202,223.5856,1.8158,223.1957
2025-10-06 15:00:00,12.577,14.2173,94.8567,95.4233,95.47,95.8333,96.6733,13.36,13.407,13.4597,13.4297,13.4003,2.5397,211.7648,2.2405,217.3037,2.0262,220.5955,1.8964,217.5063,1.5122,216.9337
2025-10-06 15:30:00,12.5033,13.967,95.1533,95.6633,95.68,96.0633,96.9167,13.2967,13.348,13.3987,13.3443,13.2797,2.5182,206.7392,2.1948,211.1912,1.9848,214.6363,1.8659,211.2592,1.4474,211.398
2025-10-06 16:00:00,12.4467,13.7537,95.29,95.7967,95.8067,96.2,97.1133,13.36,13.415,13.4567,13.4003,13.3423,2.1649,206.9382,1.9058,211.6602,1.6982,216.3153,1.5887,213.323,1.1536,214.5273
2025-10-06 16:30:00,12.3807,13.6137,94.55,95.1967,95.2233,95.6067,96.71,13.4853,13.526,13.555,13.465,13.3793,1.6902,208.8645,1.47,214.2127,1.338,217.0143,1.249,213.1287,0.7703,212.943
2025-10-06 17:00:00,12.3203,13.5,95.1,95.8267,95.88,96.4567,97.1467,13.452,13.475,13.497,13.4043,13.307,0.9447,174.6043,0.789,177.3353,0.6579,180.2486,0.5584,177.0011,0.2372,186.3898
2025-10-06 17:30:00,12.2687,13.397,96.4133,97.3733,97.46,97.9767,98.3633,13.3447,13.336,13.362,13.2337,13.1443,0.456,155.8771,0.2372,152.7155,0.152,144.6284,0.0612,136.3409,0.0163,165.361
2025-10-06 18:00:00,12.2283,13.3147,94.27,95.4767,95.7467,96.3067,97.5633,13.5907,13.561,13.568,13.464,13.312,1.2969,213.0899,1.1017,215.9424,0.9421,221.5938,0.8439,218.9388,0.4946,217.2823
2025-10-06 18:30:00,12.2043,13.3273,91.3933,92.4367,93.07,93.5867,95.6567,13.935,13.916,13.8937,13.7843,13.5743,1.1111,211.4278,0.9092,214.0167,0.7494,219.5241,0.6394,215.6635,0.2541,216.9682
2025-10-06 19:00:00,12.188,13.35,93.46,94.62,95.0,95.78,96.9133,13.7083,13.6893,13.676,13.5403,13.411,1.1973,171.8679,0.995,173.2126,0.8293,175.295,0.7082,170.358,0.172,172.1469
2025-10-06 19:30:00,12.174,13.35,93.8433,94.84,94.83,95.7267,96.7267,13.6747,13.6717,13.6827,13.571,13.4257,1.1771,163.9185,0.9894,164.8334,0.8511,166.3568,0.7507,161.7576,0.2772,163.3779
2025-10-06 20:00:00,12.165,13.382,91.4067,92.3867,92.7967,93.5167,95.55,14.0047,13.99,13.9643,13.8553,13.6293,1.2766,199.3768,1.098,204.8897,0.9412,209.8299,0.8421,205.5285,0.3604,207.8833
2025-10-06 20:30:00,12.1587,13.462,89.67,90.5167,91.1267,91.78,93.8867,14.3283,14.314,14.249,14.169,13.9137,1.9766,210.1458,1.7311,215.4609,1.5356,218.9535,1.4166,215.7815,0.9857,216.3493
2025-10-06 21:00:00,12.1507,13.5863,89.57,90.4167,91.0533,91.7167,93.69,14.3577,14.3477,14.2867,14.211,13.9463,1.5761,205.9343,1.3422,209.9106,1.1786,217.1723,1.0841,214.6906,0.5823,214.796
2025-10-06 21:30:00,12.1473,13.6657,89.8233,90.6667,91.2733,92.0333,94.0633,14.3227,14.3177,14.2513,14.1723,13.9273,1.4121,199.0667,1.2193,205.1695,1.0588,209.4173,0.96,206.2858,0.4168,208.5719
2025-10-06 22:00:00,12.1393,13.7157,89.45,90.2567,90.7533,91.3667,93.3067,14.346,14.3493,14.2963,14.2143,13.962,1.7686,212.7733,1.5096,219.4354,1.3317,224.0925,1.2294,221.788,0.7544,220.2702
2025-10-06 22:30:00,12.1317,13.7573,89.1533,89.95,90.51,91.07,93.0,14.3707,14.369,14.3107,14.2353,13.975,1.3838,219.4843,1.1978,224.969,1.0414,230.6212,0.9578,227.7948,0.4501,230.6438
2025-10-06 23:00:00,12.1263,13.78,90.2167,91.0333,91.53,92.2467,94.2167,14.3007,14.284,14.2417,14.1677,13.9243,1.2287,198.9889,1.0231,203.5084,0.8853,209.759,0.794,205.5991,0.2707,207.6081
2025-10-06 23:30:00,12.12,13.7907,91.35,92.0467,92.4567,93.2767,95.0267,14.3523,14.353,14.313,14.2097,13.9603,0.9922,188.1268,0.8417,191.7702,0.7261,200.5107,0.605,196.7793,0.2008,199.2602
2025-10-07 00:00:00,12.1133,13.82,92.4933,93.1567,93.4467,94.2233,95.6667,14.332,14.34,14.3107,14.193,13.9693,0.6664,148.5271,0.5305,143.5452,0.4264,139.2581,0.3302,131.9169,0.0605,140.7275
2025-10-07 00:30:00,12.1087,13.8503,93.83,94.4433,94.6633,95.35,96.4167,14.2843,14.2857,14.2593,14.181,13.984,0.9114,158.6814,0.7285,157.509,0.6061,157.6946,0.5129,151.5579,0.1422,157.6373
2025-10-07 01:00:00,12.1,13.883,94.57,95.1033,95.2567,95.82,96.9167,14.3683,14.391,14.3837,14.253,14.0923,0.9029,181.6754,0.7563,185.8341,0.6492,192.3693,0.5279,187.1167,0.1387,186.9995
2025-10-07 01:30:00,12.096,13.917,94.72,95.3267,95.5833,96.1867,97.23,14.4283,14.427,14.419,14.269,14.1197,1.3298,178.141,1.1229,181.1932,0.9473,186.2861,0.8249,181.6556,0.338,182.6324
2025-10-07 02:00:00,12.0897,13.9653,94.1067,94.5933,94.7667,95.3633,96.6233,14.4423,14.4643,14.47,14.3653,14.1923,1.8838,187.7359,1.6734,191.5092,1.4604,197.2826,1.3361,193.5918,0.8881,192.0424
2025-10-07 02:30:00,12.082,14.048,93.41,93.91,94.0433,94.6067,95.9133,14.4027,14.4257,14.432,14.3143,14.173,1.5998,186.114,1.3955,189.7563,1.1908,194.7683,1.063,193.2602,0.6028,195.172
2025-10-07 03:00:00,12.0763,14.0663,93.4933,93.98,94.18,94.8167,95.9767,14.3127,14.341,14.3323,14.2287,14.0693,1.4317,174.3759,1.264,177.1189,1.0937,181.501,0.9791,177.9908,0.475,178.4534
2025-10-07 03:30:00,12.07,14.0377,93.85,94.37,94.5367,95.1367,96.2567,14.1667,14.192,14.1977,14.0953,13.9307,1.4937,171.3835,1.34,174.0424,1.1581,175.5574,1.0475,171.9119,0.5558,171.2984
2025-10-07 04:00:00,12.0623,13.908,94.56,95.0833,95.2333,95.7667,96.7233,14.0167,14.0467,14.0227,13.9363,13.7697,1.5081,168.1975,1.3417,172.2379,1.1571,176.2137,1.0469,172.2926,0.5285,174.6463
2025-10-07 04:30:00,12.0567,13.8273,94.97,95.4167,95.47,95.9133,96.8367,13.962,14.003,14.0173,13.9483,13.8143,2.1684,182.2378,1.9504,185.1267,1.7204,190.385,1.5715,187.0016,1.1483,187.368
2025-10-07 05:00:00,12.05,13.8133,95.63,96.07,96.07,96.4533,97.23,13.8043,13.8567,13.8687,13.7927,13.683,1.7252,168.6956,1.5848,171.8216,1.3909,175.4316,1.2588,172.6061,0.7725,172.9562
2025-10-07 05:30:00,12.044,13.7603,96.3533,96.7633,96.6733,96.98,97.64,13.6153,13.6573,13.6903,13.6347,13.5213,1.6222,163.947,1.4985,164.4517,1.3287,166.0777,1.2113,163.2025,0.7139,165.3203
2025-10-07 06:00:00,12.0413,13.6577,97.2033,97.63,97.5267,97.79,98.3133,13.4643,13.5273,13.5553,13.463,13.398,2.0358,168.1409,1.8537,170.8563,1.6344,174.2763,1.5101,171.7063,1.0634,171.8391
2025-10-07 06:30:00,12.0527,13.6413,97.8433,98.2333,98.0533,98.26,98.6767,13.462,13.5373,13.5827,13.5213,13.4677,1.9273,180.7327,1.7292,183.2777,1.5504,186.6941,1.431,182.8269,0.9874,182.7389
2025-10-07 07:00:00,12.0503,13.7313,98.3433,98.6967,98.4733,98.5967,98.9167,13.4483,13.5407,13.5997,13.5603,13.5163,2.0545,171.3544,1.8531,173.7367,1.644,176.6997,1.5179,173.9451,1.0889,174.7443
2025-10-07 07:30:00,12.0527,13.816,98.6833,99.0533,98.8233,98.91,99.1767,13.484,13.5703,13.6283,13.6077,13.586,2.0519,183.2341,1.8772,187.1988,1.6869,191.9576,1.551,187.7588,1.1192,187.4674
2025-10-07 08:00:00,12.114,14.0293,98.6167,98.9467,98.6833,98.7467,99.0267,13.4787,13.5813,13.6697,13.676,13.697,2.7993,173.8934,2.5114,175.5743,2.2213,179.1019,2.0497,176.3361,1.6362,176.4088
2025-10-07 08:30:00,12.2443,14.3197,98.8133,99.1067,98.7933,98.7933,99.0533,13.6537,13.7613,13.8697,13.9023,13.9607,2.7229,177.5626,2.502,179.8866,2.2603,183.7213,2.1053,180.9074,1.6873,180.6255
2025-10-07 09:00:00,12.4543,14.8703,98.58,98.7833,98.39,98.3567,98.6433,14.0723,14.1947,14.3553,14.4023,14.4733,3.1767,170.4191,2.8851,171.8663,2.5739,175.8419,2.3786,172.631,1.8918,172.5939
2025-10-07 09:30:00,12.555,15.5127,97.6233,97.7767,97.3067,97.2433,97.6867,14.4783,14.6023,14.77,14.8353,14.9247,2.9228,171.9727,2.6554,175.8157,2.3838,179.8953,2.2043,176.2757,1.7592,175.6007
2025-10-07 10:00:00,12.7,16.3327,94.9133,94.92,94.48,94.4867,95.2733,15.063,15.212,15.4073,15.4963,15.6247,2.8324,167.4634,2.6151,168.8413,2.3463,172.4676,2.1793,168.9702,1.7189,170.2338
2025-10-07 10:30:00,12.8303,17.2017,91.3667,91.54,91.2533,91.24,92.2767,15.5557,15.6937,15.9223,16.0657,16.2083,3.2569,173.0812,2.9929,176.1988,2.7255,179.0207,2.524,175.4656,2.0382,176.1078
2025-10-07 11:00:00,12.8757,18.24,87.1367,87.4033,87.28,87.4533,88.31,16.2453,16.353,16.5413,16.633,16.825,3.4574,186.0095,3.1225,189.7125,2.8196,194.7678,2.6292,191.8749,2.1338,191.916
2025-10-07 11:30:00,12.9673,19.277,83.14,83.4667,83.47,83.7067,84.3933,16.7993,16.9593,17.139,17.2637,17.4783,4.0589,193.7871,3.6833,199.8792,3.3067,203.4869,3.0824,200.3494,2.5441,199.2902
2025-10-07 12:00:00,12.8803,19.7223,81.5457,82.01,82.134,82.5533,83.8433,17.1193,17.2197,17.357,17.4173,17.4887,3.6108,184.9307,3.2364,189.684,2.9141,194.1937,2.7163,190.5732,2.1978,189.8576
2025-10-07 12:30:00,12.7707,19.819,79.2717,79.7603,79.979,80.539,82.1033,17.3537,17.392,17.4893,17.4883,17.41,3.9638,187.093,3.5761,190.3399,3.2013,194.8453,2.9609,191.5714,2.4169,192.2218
2025-10-07 13:00:00,12.636,19.178,79.5003,80.1527,80.4823,81.1833,82.68,17.1163,17.136,17.1677,17.1147,16.987,3.5955,196.1198,3.2029,201.8717,2.8494,205.6736,2.6342,204.2507,2.1327,205.1625
2025-10-07 13:30:00,12.647,18.5377,81.2,81.74,81.95,82.5467,83.9467,16.8683,16.8983,16.955,16.9177,16.8317,2.8651,189.3486,2.5778,194.5242,2.2973,200.5582,2.1338,196.9785,1.6939,196.8688
2025-10-07 14:00:00,12.7073,18.3293,79.0297,79.69,80.053,80.6953,82.3267,16.9347,16.9847,17.0477,17.0327,16.9647,2.5284,189.9354,2.3019,193.5759,2.0404,197.4009,1.8779,194.4438,1.436,194.0432
2025-10-07 14:30:00,12.6697,18.276,76.9923,77.7897,78.1863,78.8743,80.4863,16.9583,16.9917,17.045,16.993,16.9003,2.7172,216.9616,2.3625,219.7876,2.0989,222.4204,1.9445,219.2677,1.4981,219.2644
2025-10-07 15:00:00,12.5623,17.9567,77.1543,77.9877,78.4007,79.0707,80.6587,16.62,16.6297,16.652,16.5587,16.4183,2.9248,218.4603,2.5408,222.8623,2.2444,226.057,2.0909,224.0521,1.6808,222.0595
2025-10-07 15:30:00,12.4907,17.4603,77.2953,78.1007,78.5683,79.3427,81.034,16.3597,16.3633,16.3637,16.2667,16.0947,3.2107,206.4907,2.8165,210.1905,2.5108,214.1541,2.3243,210.7476,1.8674,209.4617
2025-10-07 16:00:00,12.436,16.938,81.209,81.9333,82.3,82.9033,84.27,16.001,16.003,16.0053,15.9207,15.754,2.9319,209.4159,2.5493,213.4437,2.2457,217.5152,2.0595,214.3502,1.6333,212.4246
2025-10-07 16:30:00,12.394,16.4547,83.7967,84.4467,84.7867,85.3933,86.7867,15.78,15.77,15.7937,15.694,15.537,2.0955,198.2472,1.8557,202.2175,1.6512,206.4961,1.5149,203.075,1.0388,204.395
2025-10-07 17:00:00,12.3563,16.071,85.16,85.7933,86.1667,86.8467,88.25,15.706,15.703,15.6923,15.5757,15.413,1.7011,174.7595,1.5188,178.5697,1.3413,181.7422,1.2135,177.9568,0.6688,177.4382
2025-10-07 17:30:00,12.321,15.775,88.4,88.98,89.1433,89.6167,90.7,15.449,15.4477,15.4587,15.3707,15.2187,2.6316,174.5417,2.355,178.0464,2.0796,182.7318,1.9162,179.7169,1.472,178.569
2025-10-07 18:00:00,12.2887,15.4443,93.85,94.3967,94.4333,94.7767,95.53,14.964,14.988,15.011,14.9243,14.8133,2.457,188.0116,2.2211,191.8266,1.9787,196.947,1.8134,193.8519,1.362,195.6402
2025-10-07 18:30:00,12.2583,15.0853,95.47,95.9533,95.9967,96.3867,97.0967,14.742,14.7753,14.7987,14.745,14.604,2.0621,187.1368,1.8365,191.4155,1.6148,195.84,1.4628,193.1643,0.9743,193.9072
2025-10-07 19:00:00,12.2297,14.852,96.3633,96.8333,96.8467,97.1967,97.7767,14.7007,14.732,14.7647,14.7027,14.574,2.1148,183.9886,1.8944,188.9556,1.69,193.9719,1.5488,191.3304,1.0739,191.3375
2025-10-07 19:30:00,12.202,14.7123,96.41,96.8467,96.86,97.2367,97.85,14.6653,14.69,14.7253,14.6357,14.5147,1.6601,182.3739,1.4563,184.843,1.2982,189.4921,1.1806,185.6931,0.6636,185.2254
2025-10-07 20:00:00,12.1737,14.6193,96.72,97.1633,97.1467,97.51,98.0367,14.5507,14.595,14.6143,14.543,14.451,2.3137,177.3146,2.0708,180.7158,1.8389,184.5228,1.6832,180.4145,1.2466,180.9501
2025-10-07 20:30:00,12.1497,14.5393,97.1533,97.5733,97.5733,97.8767,98.3467,14.4417,14.473,14.506,14.443,14.3523,1.8901,181.8159,1.6991,187.6593,1.4813,192.0304,1.3485,189.3531,0.8515,191.3031
2025-10-07 21:00:00,12.1253,14.4643,97.2333,97.6567,97.64,97.97,98.45,14.3797,14.4193,14.445,14.372,14.2633,2.0663,179.447,1.8546,183.5128,1.6248,186.9383,1.4935,183.4737,1.0569,183.5737
2025-10-07 21:30:00,12.1047,14.386,97.0633,97.4333,97.4033,97.7667,98.31,14.311,14.368,14.3987,14.2933,14.2023,1.9117,172.7799,1.6958,177.6935,1.5451,184.2336,1.4119,179.9564,0.9506,179.8167
2025-10-07 22:00:00,12.0843,14.3073,97.1,97.5467,97.5667,97.8967,98.3467,14.2123,14.2707,14.2753,14.2273,14.1473,2.3988,164.7868,2.1146,167.2328,1.8383,168.8769,1.6708,166.299,1.213,167.0513
2025-10-07 22:30:00,12.0683,14.2293,96.9867,97.4133,97.4833,97.8667,98.29,14.174,14.2107,14.242,14.1893,14.0993,2.3784,168.2878,2.1312,170.4594,1.8903,172.2314,1.737,169.8242,1.3069,170.3768
2025-10-07 23:00:00,12.055,14.16,96.5733,97.0067,97.0,97.4567,98.0533,14.1393,14.1823,14.212,14.155,14.0253,2.2647,176.1095,2.0299,179.8158,1.8054,184.2977,1.6599,181.011,1.2341,181.9039
2025-10-07 23:30:00,12.0417,14.1043,96.7067,97.1267,97.12,97.5467,98.1367,14.1007,14.1407,14.179,14.0897,13.9703,2.6183,175.8684,2.3579,178.83,2.0965,182.5757,1.9247,179.0348,1.4683,178.9095
2025-10-08 00:00:00,12.0293,14.0563,96.8067,97.1967,97.18,97.5733,98.1633,14.0077,14.0673,14.0767,14.005,13.925,2.4748,182.8378,2.2307,187.4252,2.0236,191.5183,1.8579,187.713,1.4304,186.6615
2025-10-08 00:30:00,12.0187,13.9857,97.0367,97.4367,97.4,97.7533,98.31,13.8913,13.9333,13.9563,13.9137,13.811,2.2459,185.144,2.0288,189.1722,1.8208,193.7952,1.6834,189.994,1.279,190.9301
2025-10-08 01:00:00,12.01,13.895,97.2267,97.61,97.5767,97.8767,98.4467,13.7867,13.8513,13.8787,13.791,13.7103,2.2533,188.2519,2.026,193.8389,1.8291,199.1168,1.6993,195.8914,1.2884,195.9448
2025-10-08 01:30:00,12.0027,13.8197,97.3467,97.7433,97.6733,97.9467,98.5433,13.741,13.8107,13.8367,13.748,13.678,2.1978,199.8461,1.9367,203.0877,1.7359,208.9608,1.6098,206.5952,1.1949,207.4388
2025-10-08 02:00:00,11.9947,13.7217,95.8233,96.2867,96.37,96.7967,97.84,13.626,13.665,13.681,13.6107,13.4653,1.869,197.1876,1.6251,201.0437,1.4515,206.1275,1.3365,201.9442,0.8596,202.6036
2025-10-08 02:30:00,11.9887,13.5583,96.3967,96.83,96.8433,97.3367,98.1533,13.5937,13.6133,13.6287,13.5173,13.402,1.2239,187.0648,1.0438,192.4131,0.9186,197.5182,0.8075,193.2084,0.2907,192.6409
2025-10-08 03:00:00,11.9803,13.434,96.7833,97.27,97.2533,97.74,98.4467,13.5927,13.6113,13.6217,13.4977,13.3817,1.2631,194.0197,1.0686,201.3006,0.9556,205.9475,0.8254,202.0996,0.4112,206.4846
2025-10-08 03:30:00,11.9707,13.2733,96.5433,97.0033,96.95,97.4033,98.2,13.5137,13.523,13.4943,13.3433,13.1307,1.8261,190.0125,1.568,193.997,1.387,198.9464,1.2542,196.8334,0.7631,198.9308
2025-10-08 04:00:00,11.965,12.9873,96.9567,97.47,97.45,97.98,98.6467,13.3573,13.3543,13.34,13.1613,12.9847,1.6022,178.8443,1.3657,182.8333,1.1993,186.0538,1.073,182.4983,0.5616,184.6589
2025-10-08 04:30:00,11.9573,12.9077,97.2,97.6633,97.6367,98.1867,98.8267,13.3713,13.395,13.4127,13.2963,13.1537,1.4691,184.1829,1.2969,188.3636,1.1564,192.7425,1.029,188.2911,0.5018,190.6346
2025-10-08 05:00:00,11.9497,12.975,97.1967,97.6467,97.59,98.1567,98.7567,13.3903,13.431,13.4417,13.341,13.1983,1.7627,173.2433,1.5521,175.4107,1.3727,177.389,1.24,174.3669,0.7459,173.7548
2025-10-08 05:30:00,11.9413,13.033,96.9733,97.4233,97.3333,97.9733,98.6133,13.4147,13.454,13.464,13.3617,13.2277,1.7681,175.756,1.5843,179.4149,1.4184,182.6208,1.2849,179.462,0.826,180.0646
2025-10-08 06:00:00,11.936,13.07,96.8767,97.33,97.2233,97.78,98.48,13.4013,13.4423,13.448,13.3477,13.1827,0.965,194.7109,0.794,199.5604,0.6788,203.6389,0.5623,198.7483,0.1315,201.8654
2025-10-08 06:30:00,11.935,13.0713,96.8233,97.41,97.42,98.0067,98.73,13.4063,13.4363,13.4407,13.333,13.1783,1.1706,175.9763,0.9857,178.9629,0.8378,182.9532,0.7158,179.0772,0.2097,185.5272
2025-10-08 07:00:00,11.936,13.1647,96.7567,97.3467,97.3267,98.02,98.7133,13.4927,13.5367,13.5693,13.4623,13.386,1.6741,176.3244,1.4704,180.1397,1.3006,183.5157,1.1834,179.8385,0.6884,183.5495
2025-10-08 07:30:00,11.956,13.3743,96.1467,96.5367,96.46,97.1933,98.1067,13.631,13.7033,13.757,13.678,13.6017,1.8683,186.6049,1.6477,191.3176,1.455,195.5623,1.3341,191.8482,0.8763,193.2837
2025-10-08 08:00:00,12.0677,13.6827,95.63,95.9933,95.9,96.71,97.6533,13.847,13.9473,14.027,13.979,13.9553,1.5885,175.6842,1.4384,178.9043,1.2884,181.7262,1.1812,177.6667,0.7017,178.003
2025-10-08 08:30:00,12.3257,14.313,94.2,94.5033,94.3567,95.28,96.3733,14.17,14.2973,14.4453,14.4453,14.4993,2.063,173.9059,1.8892,177.0722,1.6969,182.5281,1.5552,178.4946,1.1283,177.7861
2025-10-08 09:00:00,12.397,15.1103,92.0,92.4167,92.3167,93.19,94.51,14.4833,14.5777,14.7177,14.699,14.741,1.8681,180.7768,1.7085,182.8681,1.5517,187.2138,1.4415,183.6798,0.995,184.2579
2025-10-08 09:30:00,12.3927,15.5697,90.4533,90.9133,91.0667,91.82,93.2433,14.659,14.7567,14.8503,14.8083,14.828,1.8768,197.494,1.6723,204.0498,1.4979,211.2816,1.3879,208.7072,0.9434,210.2211
2025-10-08 10:00:00,12.6073,16.1873,88.7567,89.1567,89.25,90.0367,91.5,15.101,15.209,15.3707,15.406,15.541,1.9935,191.3256,1.8156,195.4521,1.6466,199.921,1.5501,196.6249,1.1427,195.4931
2025-10-08 10:30:00,12.6373,17.14,87.5767,87.96,87.9967,88.78,90.0033,15.5103,15.612,15.7747,15.8093,15.977,2.193,194.6957,1.9935,199.5936,1.823,202.8222,1.6915,199.0901,1.3006,199.3147
2025-10-08 11:00:00,12.7013,17.8753,86.6467,87.0967,87.2033,87.9433,89.1,15.8483,15.9777,16.1487,16.181,16.3697,2.2976,200.6272,2.0754,202.9115,1.8855,204.981,1.7627,202.1295,1.3494,203.1338
2025-10-08 11:30:00,12.7467,18.6303,83.32,83.81,84.0133,84.8,85.9367,16.1987,16.3563,16.5197,16.5523,16.804,2.5974,204.3892,2.325,209.8982,2.1007,211.7526,1.9572,208.2598,1.5356,208.345
2025-10-08 12:00:00,12.6883,19.148,81.0823,81.615,81.8747,82.6263,83.8667,16.372,16.4897,16.6147,16.6257,16.767,2.6271,205.6865,2.3307,207.9845,2.1061,212.7391,1.967,208.9915,1.556,207.6955
2025-10-08 12:30:00,12.5677,18.906,80.9327,81.6267,81.9567,82.7233,84.25,16.358,16.4213,16.497,16.446,16.4303,2.6795,205.9511,2.3951,209.3321,2.1423,212.9928,1.9779,210.4231,1.5399,210.586
2025-10-08 13:00:00,12.3657,18.072,82.91,83.7467,84.24,85.0267,86.6833,16.117,16.1103,16.1147,16.011,15.8707,2.3028,207.1276,2.0371,211.331,1.8028,215.4111,1.6586,211.5118,1.2,211.4847
2025-10-08 13:30:00,12.3357,17.1843,84.36,85.0767,85.4333,86.0833,87.4833,15.9617,15.9887,16.0017,15.889,15.7987,2.2202,208.3582,1.933,212.9153,1.7163,215.2646,1.5883,213.286,1.1494,213.8248
2025-10-08 14:00:00,12.331,16.7693,87.1233,87.6933,87.89,88.4,89.5167,15.818,15.851,15.8993,15.8513,15.8023,2.3742,198.8694,2.1412,202.7989,1.9204,207.4077,1.7751,203.909,1.3698,203.5316
2025-10-08 14:30:00,12.2883,16.5143,87.9133,88.54,88.75,89.3033,90.49,15.788,15.806,15.8563,15.7997,15.702,1.8866,203.824,1.6882,207.887,1.5214,213.2738,1.4031,208.5079,0.965,207.9966
2025-10-08 15:00:00,12.3237,16.4313,81.3223,82.1243,82.571,83.202,84.7767,16.0847,16.1127,16.1573,16.0897,16.0107,1.7851,220.4261,1.5277,222.4311,1.3461,226.1871,1.2564,223.635,0.7971,223.6578
2025-10-08 15:30:00,12.3347,16.6323,77.772,78.6493,79.1587,79.8983,81.611,16.3113,16.3303,16.371,16.31,16.1987,1.9911,225.1531,1.6516,228.3426,1.4491,232.5104,1.3411,229.1996,0.8589,226.0244
2025-10-08 16:00:00,12.2347,16.6493,77.4417,78.29,78.8687,79.6183,81.3683,16.214,16.2,16.195,16.093,15.911,2.0467,247.2125,1.7437,251.6939,1.4839,252.9025,1.3703,249.4146,0.9121,246.903
2025-10-08 16:30:00,12.2043,16.373,80.851,81.6243,81.95,82.5267,83.9567,16.035,16.0237,16.0333,15.9023,15.767,2.1161,248.8809,1.8034,253.0956,1.5663,252.6486,1.4474,249.0352,1.0207,247.9676
2025-10-08 17:00:00,12.1713,16.1207,79.6943,80.4033,80.743,81.37,82.85,15.9833,15.9767,15.9657,15.8567,15.6663,2.3616,251.9256,2.0303,256.0933,1.7542,257.8712,1.6294,254.2549,1.2289,252.2276
2025-10-08 17:30:00,12.131,15.7697,87.0367,87.9,88.2367,88.8767,90.27,15.1273,15.1133,15.1083,15.0123,14.8213,2.0279,244.8124,1.7435,248.2124,1.458,250.6955,1.3321,247.0951,0.865,246.2286
2025-10-08 18:00:00,12.0973,15.0903,90.8167,91.8533,92.4367,92.9567,94.77,14.8253,14.7757,14.7237,14.6213,14.3523,1.2328,235.0539,1.029,237.954,0.8944,242.3955,0.789,238.5256,0.3068,237.518
2025-10-08 18:30:00,12.0637,14.5583,90.3467,91.4133,92.2733,92.84,94.8433,14.81,14.7443,14.6633,14.529,14.1933,1.1429,241.4966,0.9419,243.0692,0.789,245.4509,0.6777,239.5021,0.2176,237.9256
2025-10-08 19:00:00,12.0317,14.171,90.1867,91.3167,92.2833,92.9067,94.9633,14.7387,14.6917,14.5837,14.468,14.177,1.1442,221.9561,0.9515,224.9483,0.7794,227.7364,0.6538,222.9892,0.203,222.4877
2025-10-08 19:30:00,12.003,14.048,89.0067,89.9667,90.8433,91.3633,93.3933,14.848,14.8053,14.7483,14.6533,14.4003,1.4828,224.6839,1.23,229.6762,1.0403,233.9695,0.946,231.2042,0.4362,231.2436
2025-10-08 20:00:00,11.9803,14.0633,90.25,91.05,91.8867,92.4233,94.17,14.781,14.7693,14.7183,14.6223,14.3953,1.5726,226.136,1.3539,229.8364,1.1603,234.3784,1.0521,231.0694,0.5791,234.6905
2025-10-08 20:30:00,11.9613,14.11,95.0567,95.66,95.7267,96.0533,96.6767,14.2327,14.2703,14.2907,14.227,14.1213,2.4297,261.7557,2.0811,265.0138,1.7988,265.1366,1.6331,263.3235,1.161,262.2984
2025-10-08 21:00:00,11.944,13.9837,95.51,96.0533,96.0567,96.32,96.9633,13.4323,13.4933,13.528,13.459,13.377,2.8309,287.0001,2.3078,288.1982,1.9853,290.3632,1.8091,288.0601,1.35,280.0128
2025-10-08 21:30:00,11.9313,13.601,95.1867,95.94,96.0233,96.2767,97.0833,13.077,13.1017,13.1383,13.0747,12.9317,1.6532,290.2445,1.2775,292.857,1.0815,294.5969,0.9628,290.6099,0.5969,291.0221
2025-10-08 22:00:00,11.92,13.1517,94.1833,95.0633,95.3733,95.7133,96.7733,13.0587,13.035,13.016,12.9107,12.7153,0.9695,280.5776,0.708,279.2451,0.5686,282.7934,0.4506,279.5694,0.1823,278.5072
2025-10-08 22:30:00,11.9097,12.7237,95.3933,96.3,96.58,96.8867,97.7733,12.9047,12.8857,12.8777,12.788,12.5997,0.3802,294.2141,0.1805,296.312,0.1135,313.258,0.056,321.1139,0.0218,316.435
2025-10-08 23:00:00,11.9,12.3453,95.75,96.67,96.9733,97.2933,97.93,12.7657,12.7027,12.633,12.436,12.0223,0.3389,266.5009,0.1331,260.8974,0.0671,249.575,0.0233,231.8323,0.015,135.4058
2025-10-08 23:30:00,11.8907,11.9137,94.33,95.66,96.4033,96.85,98.5,12.7233,12.649,12.556,12.398,12.078,0.8282,260.5677,0.691,261.6566,0.5379,259.3231,0.407,251.5749,0.1021,253.2509
2025-10-09 00:00:00,11.882,11.8097,92.8667,94.17,94.83,95.1433,97.2933,12.7103,12.6493,12.6137,12.5087,12.2327,0.3247,294.5863,0.1274,301.6865,0.0721,320.1286,0.0285,317.0841,0.0189,310.67
2025-10-09 00:30:00,11.8743,11.571,93.6267,94.6833,95.0767,95.4533,96.4433,12.342,12.193,12.0147,11.7583,11.25,0.3286,211.3233,0.1919,203.0221,0.1644,191.5265,0.0836,171.7036,0.0261,320.2464
2025-10-09 01:00:00,11.864,10.6407,97.8733,98.6,98.8733,99.4,99.5733,11.3523,11.1973,10.9843,10.7137,10.1157,0.0754,146.7991,0.0207,142.1985,0.0311,22.5771,0.0213,4.992,0.0216,103.1729
2025-10-09 01:30:00,11.858,9.6827,99.18,99.6267,99.5467,99.7733,99.5033,11.0623,10.8697,10.6143,10.1963,9.0104,0.3421,171.3064,0.2485,179.6035,0.2541,199.9188,0.1614,190.5615,0.029,79.6075
2025-10-09 02:00:00,11.8467,8.8747,99.61,100.0767,100.05,100.18,100.1567,10.8437,10.5713,10.2433,9.9063,9.3993,0.1074,181.3824,0.0203,186.2761,0.0344,125.5509,0.0098,78.0305,0.0139,75.6926
2025-10-09 02:30:00,11.8393,8.4777,99.8833,100.19,100.1633,100.1933,100.1033,10.6483,10.3863,10.0833,9.782,9.002,0.2572,150.3985,0.0592,115.0214,0.1315,135.3381,0.0906,78.1216,0.0307,105.3901
2025-10-09 03:00:00,11.8297,8.3293,100.1167,100.19,100.2,100.2,100.14,10.88,10.7787,10.5297,10.0873,9.67,0.3325,222.6651,0.1043,246.9262,0.0527,303.1678,0.0098,78.0082,0.0163,354.3059
2025-10-09 03:30:00,11.8207,8.762,99.8,100.1967,100.2,100.1967,100.1167,10.962,10.6857,10.589,10.4803,10.3833,0.3894,173.9551,0.0523,191.7617,0.0388,80.4,0.0333,77.8676,0.0135,0.117
2025-10-09 04:00:00,11.8137,9.2707,99.5433,100.2,100.2,100.2,100.1367,11.0023,10.953,10.913,10.7907,10.5983,0.3339,184.5327,0.1845,203.2169,0.1529,206.0922,0.0886,214.5959,0.0344,316.059
2025-10-09 04:30:00,11.7943,9.6627,99.0967,100.1967,100.2,100.2,100.1633,11.0107,10.9137,10.851,10.7217,10.526,0.5187,191.3643,0.2953,194.9391,0.2115,193.2602,0.1126,187.9596,0.0255,208.3241
2025-10-09 05:00:00,11.79,9.7273,99.0,100.1967,100.2,100.2,100.1633,10.8383,10.748,10.637,10.464,10.0137,0.1801,129.5943,0.0168,164.2077,0.039,92.0099,0.0098,109.4744,0.0196,87.0236
2025-10-09 05:30:00,11.7823,9.523,99.3967,100.2,100.2,100.2,100.1767,10.5313,10.4627,10.3987,10.2023,9.657,0.042,177.8374,0.0194,164.2723,0.0224,191.4475,0.0098,109.5495,0.0113,75.4525
2025-10-09 06:00:00,11.7717,9.2707,99.7367,100.2,100.19,100.2,100.1767,10.3553,10.243,10.1367,9.9637,9.3597,0.3887,162.2178,0.181,180.4917,0.1553,68.8375,0.0991,56.4832,0.039,76.4931
2025-10-09 06:30:00,11.7813,8.647,99.7867,100.2,100.1967,100.1533,100.0767,10.2073,10.0257,9.6627,9.1543,7.9136,0.2428,91.8431,0.157,62.0336,0.2478,87.1004,0.2158,99.9047,0.0486,87.5072
2025-10-09 07:00:00,11.8983,8.1097,99.8767,100.2,100.1967,100.2,100.1467,10.2893,10.0863,9.755,9.3363,8.5695,0.118,79.8143,0.1653,87.7752,0.2267,107.7577,0.1146,95.5038,0.0203,84.6061
2025-10-09 07:30:00,12.18,9.18,97.8567,100.1633,100.1967,100.1967,100.11,11.0653,10.8733,10.8353,10.7043,10.872,0.0952,101.9645,0.0405,119.9441,0.0159,86.4497,0.0098,105.649,0.01,92.5942
2025-10-09 08:00:00,12.4763,11.672,91.71,94.8067,96.2467,97.7267,97.92,12.2293,12.2283,12.3407,12.2437,12.392,0.6533,170.0637,0.5939,165.4294,0.5464,164.5576,0.4839,158.8766,0.1261,159.9898
2025-10-09 08:30:00,12.6467,14.55,83.3243,84.1827,82.972,86.0513,87.87,13.4807,13.6007,13.92,13.7707,13.9237,0.7219,162.8558,0.6758,163.056,0.63,162.4303,0.5512,158.489,0.1677,159.4995
2025-10-09 09:00:00,12.775,17.451,73.8857,74.725,73.4553,75.066,78.168,14.1923,14.3263,14.7137,14.6937,14.8183,1.0242,151.483,0.926,152.297,0.8269,152.3848,0.7339,149.8243,0.2975,149.1468
2025-10-09 09:30:00,12.823,19.9557,67.435,68.413,69.15,69.8833,73.382,14.5663,14.6513,14.905,15.066,15.2417,1.3672,188.6285,1.2616,191.5656,1.1603,193.2912,1.0728,189.6588,0.5614,187.411
2025-10-09 10:00:00,12.9417,21.4657,67.1367,67.8457,68.5173,69.3563,72.1127,14.8447,14.9783,15.2053,15.379,15.708,1.7594,201.8925,1.6105,204.377,1.47,209.2696,1.3554,204.9739,0.8979,202.5182
2025-10-09 10:30:00,13.0253,22.2743,66.0927,66.691,67.066,67.7567,69.5093,15.0703,15.2237,15.466,15.6133,16.1183,2.1856,216.9463,1.9853,222.3839,1.8041,225.5295,1.6995,222.3061,1.2326,221.0234
2025-10-09 11:00:00,12.8983,22.4153,64.8243,65.6297,66.1117,66.9763,68.7183,15.2283,15.354,15.5107,15.55,15.828,2.3923,231.3654,2.1063,235.9019,1.889,238.8034,1.7577,236.0167,1.3091,233.9426
2025-10-09 11:30:00,13.213,21.341,64.5873,65.385,65.8607,66.626,68.5347,15.5593,15.746,16.0323,16.1867,16.587,3.143,200.1518,2.8152,203.4047,2.5412,204.9626,2.3827,202.6369,1.8703,201.5406
2025-10-09 12:00:00,12.9353,20.9397,64.704,65.4897,65.9763,66.6737,68.366,15.6197,15.7277,15.9,15.97,16.1997,2.2662,226.5515,1.9931,228.0404,1.7625,231.4948,1.6416,227.457,1.1845,223.7801
2025-10-09 12:30:00,12.9147,20.1663,65.08,65.99,66.6573,67.632,69.6637,15.616,15.6963,15.7813,15.7603,15.8257,2.2906,242.2455,2.021,246.6863,1.786,249.023,1.664,246.3506,1.1943,242.6645
2025-10-09 13:00:00,12.8327,19.3133,66.3017,67.223,67.794,68.751,70.719,15.6713,15.7097,15.776,15.722,15.6863,2.8969,242.491,2.5177,246.5464,2.2335,247.4222,2.0746,245.6388,1.6264,245.0237
2025-10-09 13:30:00,12.8153,18.324,67.2843,68.1917,68.7213,69.5807,71.571,15.469,15.4923,15.5433,15.484,15.392,3.2111,229.2307,2.7704,232.0817,2.4676,236.7557,2.3198,234.1781,1.8742,232.6594
2025-10-09 14:00:00,12.8493,17.6487,66.5833,67.4863,68.0577,68.936,71.0067,15.3207,15.3943,15.4437,15.3727,15.3137,2.8592,226.2439,2.4724,229.9435,2.1961,232.2578,2.0619,229.1617,1.6022,227.8581
2025-10-09 14:30:00,12.827,17.2253,67.4617,68.3703,68.9553,69.8673,72.0117,15.224,15.26,15.313,15.2503,15.1777,2.9076,223.9083,2.5548,227.8166,2.2274,231.114,2.0767,227.4152,1.6333,226.5288
2025-10-09 15:00:00,12.8703,17.2167,68.016,68.9153,69.5193,70.4273,72.321,15.256,15.3063,15.3593,15.2923,15.2403,2.7895,226.0414,2.3773,232.0339,2.0606,233.7872,1.9151,230.9246,1.4491,231.0174
2025-10-09 15:30:00,12.8883,17.241,65.0537,65.841,66.4187,67.3983,69.364,15.3757,15.421,15.4773,15.416,15.3603,3.3577,215.1427,2.9459,220.1368,2.5918,224.4707,2.4084,221.1134,1.9408,219.8359
2025-10-09 16:00:00,12.687,17.1533,67.2297,68.38,69.1447,70.1097,72.34,15.1243,15.098,15.064,14.9417,14.72,2.8379,225.7963,2.4189,227.1814,2.0976,231.7187,1.9676,229.0358,1.4961,226.3014
2025-10-09 16:30:00,12.5927,16.2007,68.224,69.2757,70.0627,71.1033,73.3747,14.806,14.7597,14.6957,14.532,14.2233,2.4574,223.9504,2.1144,227.8905,1.8387,230.7245,1.6976,228.755,1.2111,224.8719
2025-10-09 17:00:00,12.514,15.161,72.1527,73.2653,73.9647,74.8887,77.13,14.5217,14.4673,14.407,14.2457,13.915,2.4334,233.6673,2.0475,237.4381,1.7699,240.0249,1.6305,237.1008,1.1675,233.7666
2025-10-09 17:30:00,12.4663,14.4637,72.71,73.716,74.321,75.131,77.0377,14.4063,14.3797,14.3277,14.2117,13.944,2.0092,230.1723,1.7128,234.3461,1.4728,238.1695,1.3709,235.7086,0.8733,233.8402
2025-10-09 18:00:00,12.434,14.1007,73.7407,74.6903,75.346,76.221,78.191,14.306,14.2853,14.2297,14.1237,13.8797,1.9352,206.9701,1.7043,212.7993,1.4974,217.0202,1.3831,214.5471,0.8554,213.996
2025-10-09 18:30:00,12.4057,13.8777,75.5033,76.3873,76.9537,77.7343,79.4747,14.1663,14.1543,14.1283,14.0047,13.7807,1.7899,212.8358,1.5591,215.1792,1.3687,219.3476,1.2668,217.397,0.7354,217.0762
2025-10-09 19:00:00,12.3797,13.7367,77.9787,78.92,79.6143,80.536,82.4367,14.0993,14.079,14.0183,13.919,13.68,1.4924,211.4635,1.2975,213.6636,1.1246,216.7665,1.0192,213.3631,0.441,214.1574
2025-10-09 19:30:00,12.3553,13.6303,80.2353,81.17,81.6733,82.4567,84.2433,14.084,14.0647,14.0233,13.9197,13.6897,1.4737,215.2322,1.2964,218.0405,1.1614,220.3268,1.0612,216.8685,0.4907,216.4439
2025-10-09 20:00:00,12.3313,13.5727,82.42,83.27,83.7667,84.52,86.2267,13.9527,13.944,13.9217,13.7983,13.6057,1.5963,203.5425,1.4212,206.6319,1.2514,209.362,1.1425,206.4907,0.5525,207.0811
2025-10-09 20:30:00,12.309,13.5263,84.3033,85.1,85.55,86.1933,87.6333,13.888,13.8967,13.8827,13.7613,13.606,1.7032,213.5526,1.4637,217.45,1.2572,221.3305,1.1597,218.2374,0.6063,219.3728
2025-10-09 21:00:00,12.2863,13.4403,87.24,88.04,88.48,89.1767,90.74,13.683,13.695,13.676,13.5697,13.3927,1.7126,205.8132,1.4811,207.7726,1.3132,211.3045,1.2013,207.738,0.6372,207.7456
2025-10-09 21:30:00,12.2643,13.2817,88.3233,89.0633,89.49,90.1333,91.6,13.571,13.5893,13.5603,13.4377,13.266,1.7082,202.7415,1.4709,205.9987,1.272,210.9456,1.1433,208.1484,0.5754,208.0794
2025-10-09 22:00:00,12.243,13.1753,87.38,88.1267,88.56,89.29,90.8,13.608,13.6157,13.6043,13.473,13.3017,1.6059,194.8019,1.3933,199.3081,1.2056,205.1349,1.0869,200.9934,0.51,200.44
2025-10-09 22:30:00,12.222,13.1693,85.5033,86.24,86.6533,87.26,88.8067,13.7887,13.8073,13.7853,13.674,13.4843,1.8309,209.636,1.588,214.6902,1.3681,220.9429,1.2616,217.9891,0.7363,217.1022
2025-10-09 23:00:00,12.203,13.248,85.6067,86.31,86.6567,87.25,88.64,13.814,13.8443,13.8147,13.708,13.5303,1.9411,210.3391,1.6638,214.891,1.4273,220.87,1.3071,217.1277,0.8038,215.4228
2025-10-09 23:30:00,12.1823,13.3157,86.65,87.36,87.7067,88.31,89.7,13.8073,13.836,13.801,13.703,13.511,1.8089,207.9882,1.5671,211.1655,1.35,215.1998,1.2204,212.3521,0.659,212.8484
2025-10-10 00:00:00,12.1643,13.354,87.9867,88.6833,88.99,89.5633,90.8667,13.7633,13.7763,13.747,13.663,13.472,1.5771,203.3582,1.3951,206.879,1.2278,211.9316,1.1224,208.475,0.5771,207.1189
2025-10-10 00:30:00,12.145,13.3733,89.1467,89.9333,90.29,90.9,92.19,13.7397,13.7457,13.724,13.6387,13.4543,1.3149,211.7675,1.1398,215.6341,0.9833,218.5881,0.8918,215.3785,0.3099,217.0005
2025-10-10 01:00:00,12.1253,13.3347,89.8233,90.5533,90.8567,91.46,92.78,13.6673,13.684,13.6827,13.5903,13.4053,1.7035,198.796,1.5014,201.7496,1.3075,205.7952,1.1976,202.2684,0.6422,202.8175
2025-10-10 01:30:00,12.107,13.33,89.87,90.5433,90.7533,91.28,92.5333,13.69,13.7117,13.703,13.6303,13.4337,1.5038,201.4079,1.3041,205.3562,1.1311,210.6554,1.0227,207.5676,0.4621,208.7162
2025-10-10 02:00:00,12.0887,13.316,90.34,91.03,91.2667,91.84,93.0133,13.6383,13.6517,13.656,13.5457,13.3653,1.6172,201.7689,1.4156,207.8603,1.2331,211.9224,1.1176,209.8429,0.5364,210.8585
2025-10-10 02:30:00,12.055,13.221,91.1967,91.8967,92.1767,92.7467,93.9767,13.5503,13.5513,13.5113,13.379,13.161,1.5547,204.9559,1.3411,209.1177,1.161,215.0416,1.0495,212.1255,0.4693,213.9613
2025-10-10 03:00:00,12.0447,12.966,92.0633,92.93,93.3833,94.0367,95.2967,13.4223,13.3767,13.2807,13.1007,12.7873,1.3232,205.269,1.0956,208.9845,0.8981,215.7147,0.7553,212.0508,0.2363,211.2188
2025-10-10 03:30:00,12.025,12.333,93.2567,94.39,95.1967,95.93,97.0133,13.175,13.0273,12.7563,12.483,11.88,1.0519,207.4856,0.7945,214.0957,0.515,227.4805,0.326,227.0985,0.0616,237.3079
2025-10-10 04:00:00,12.0063,11.4183,94.6367,96.17,97.0533,97.6833,98.4667,12.8447,12.545,12.1353,11.8077,11.1823,1.0808,199.5234,0.7367,209.5598,0.4303,230.9834,0.2224,235.4044,0.0416,242.7528
2025-10-10 04:30:00,11.9897,10.7173,95.6533,97.21,98.1167,98.6767,99.23,12.682,12.4363,12.1543,11.8657,11.2163,0.6043,199.4953,0.2528,213.0326,0.0947,243.7069,0.0261,232.3653,0.0168,256.9679
2025-10-10 05:00:00,11.9747,10.1607,95.9367,97.5333,98.1567,98.8067,99.6467,12.687,12.427,12.2317,11.9107,11.1023,0.8104,204.8711,0.4123,223.2982,0.2402,251.2232,0.0847,247.8607,0.0198,238.393
2025-10-10 05:30:00,11.9577,9.8,96.75,98.02,98.4333,99.07,99.58,12.4723,12.1613,11.8907,11.5873,10.7367,0.2311,191.4673,0.0475,185.4623,0.027,218.9027,0.0179,115.6,0.0146,169.0041
2025-10-10 06:00:00,11.9417,9.5033,97.5767,98.8267,99.26,99.7233,100.0967,12.5387,12.246,11.9767,11.636,10.8167,0.9079,217.7651,0.6472,228.9699,0.4778,244.058,0.3617,236.8909,0.0656,231.7491
2025-10-10 06:30:00,11.937,9.6323,96.1733,97.77,98.6733,99.3333,100.1067,12.8873,12.6627,12.4223,12.1507,11.7093,1.6538,207.3191,1.3167,211.7775,1.0723,215.9023,0.9369,213.2197,0.3469,214.5246
2025-10-10 07:00:00,11.997,10.415,95.7333,96.7367,97.3967,98.1733,99.85,13.049,12.9697,12.8633,12.6737,12.3623,1.4968,198.3204,1.2544,202.7272,1.0506,207.6526,0.9164,204.2277,0.331,207.5599
2025-10-10 07:30:00,12.2423,11.658,94.44,95.3567,95.6667,96.27,98.3867,13.5413,13.5303,13.5537,13.4997,13.3773,1.397,199.3427,1.2283,204.3364,1.0954,208.3162,1.007,203.5571,0.4482,205.2081
2025-10-10 08:00:00,12.5,13.715,92.0,92.3967,92.2333,92.5733,93.4167,14.4173,14.496,14.615,14.5967,14.699,1.5826,222.8904,1.4049,226.3992,1.2744,230.6195,1.1906,225.8477,0.6969,226.6096
2025-10-10 08:30:00,12.661,15.7467,89.0767,89.3033,89.2267,89.6733,90.13,15.2047,15.3033,15.438,15.424,15.584,1.9267,220.5335,1.7059,226.7538,1.5162,230.6954,1.4199,227.476,0.9401,226.904
2025-10-10 09:00:00,12.8843,18.041,86.73,86.8667,86.6333,86.92,86.9067,15.791,15.957,16.1487,16.2113,16.563,2.6229,216.0053,2.3394,218.8364,2.1018,222.6724,1.9744,220.933,1.521,219.8658
2025-10-10 09:30:00,12.9097,20.123,82.37,82.6,82.5253,82.9233,83.4133,16.304,16.458,16.6347,16.6653,16.9203,3.1935,225.5622,2.7869,228.6115,2.5068,232.0517,2.3516,228.2039,1.8916,227.2809
2025-10-10 10:00:00,12.8523,21.2413,76.662,77.0773,77.1563,77.6357,78.5007,16.7033,16.8053,16.9373,16.9593,17.1323,3.163,249.9669,2.7847,255.7021,2.4409,254.6928,2.2745,251.9667,1.7845,248.9909
2025-10-10 10:30:00,12.7813,20.966,76.0227,76.6247,76.872,77.5047,78.777,16.8467,16.9377,17.0233,17.009,17.061,2.5386,244.8383,2.083,248.9323,1.8065,249.9807,1.6728,246.4784,1.2296,243.9054
2025-10-10 11:00:00,13.036,20.7197,74.8703,75.328,75.4747,76.0723,77.194,17.0143,17.1503,17.3113,17.363,17.5977,2.8875,234.7545,2.5552,239.1555,2.2721,241.0408,2.1153,237.8926,1.6584,235.2679
2025-10-10 11:30:00,12.9203,21.064,74.91,75.531,75.7363,76.372,77.6457,17.0487,17.1483,17.2697,17.275,17.3867,2.6347,234.26,2.2374,238.5815,2.0007,241.4001,1.8781,237.9725,1.448,235.1463
2025-10-10 12:00:00,13.0993,21.171,71.9153,72.387,72.5857,73.238,74.5097,17.3087,17.4443,17.6013,17.6627,17.8787,2.8707,233.1422,2.5595,238.0311,2.2645,240.5833,2.1268,237.2991,1.6845,234.0965
2025-10-10 12:30:00,12.884,20.9647,71.2097,71.9447,72.422,73.2843,75.1297,17.2753,17.3387,17.4077,17.3787,17.3653,2.6009,235.6487,2.2544,240.8393,1.9783,243.6525,1.8267,240.6923,1.3764,238.4179
2025-10-10 13:00:00,12.8437,20.313,72.457,73.1897,73.629,74.4853,76.3383,17.1663,17.2107,17.27,17.222,17.1707,2.3139,244.3372,1.9964,250.1461,1.7673,253.6219,1.6451,251.4561,1.1976,247.8224
2025-10-10 13:30:00,12.733,19.6017,72.3503,73.2827,73.938,74.782,76.8333,17.1017,17.1167,17.152,17.0797,16.946,2.1209,234.869,1.8239,239.8093,1.5808,241.8625,1.4578,238.3051,0.9728,235.5727
2025-10-10 14:00:00,12.644,18.8283,71.896,72.8477,73.4867,74.4673,76.7043,17.0717,17.0737,17.056,16.949,16.751,2.1702,244.5759,1.8341,249.7061,1.619,252.207,1.4857,248.8302,0.9878,246.768
2025-10-10 14:30:00,12.5803,18.221,74.1897,75.0857,75.6977,76.4617,78.4187,16.864,16.8543,16.8477,16.7603,16.5587,2.1871,246.2808,1.8836,249.3921,1.6312,250.298,1.4964,245.8708,1.0072,244.7625
2025-10-10 15:00:00,12.5433,17.6863,76.11,76.8267,77.1607,77.849,79.494,16.591,16.5923,16.605,16.5063,16.3333,2.2719,252.4829,1.9911,254.5515,1.7385,256.041,1.6044,253.7464,1.159,251.9003
2025-10-10 15:30:00,12.4983,17.225,77.2893,77.9027,78.2097,78.8673,80.4267,16.3237,16.334,16.3417,16.2517,16.0643,2.6066,257.7311,2.2867,263.7069,1.9916,266.2372,1.8309,262.6099,1.384,258.7421
2025-10-10 16:00:00,12.459,16.8113,77.343,78.1287,78.5917,79.3243,81.114,16.1647,16.16,16.1437,16.0483,15.8407,1.5863,252.9274,1.3393,257.5479,1.1555,259.2412,1.0425,254.5678,0.5061,251.9601
2025-10-10 16:30:00,12.4183,16.4343,77.334,78.184,78.674,79.3777,81.1307,16.0637,16.0387,16.028,15.9097,15.6897,1.737,247.9878,1.4382,254.5781,1.2313,253.7204,1.1187,250.0258,0.5867,249.2226
2025-10-10 17:00:00,12.379,16.0503,77.1777,78.1053,78.7477,79.526,81.3667,15.899,15.8577,15.8197,15.6997,15.4503,2.0386,230.6307,1.7022,235.0748,1.4476,239.0944,1.3097,235.3583,0.7709,234.1326
2025-10-10 17:30:00,12.349,15.7207,76.425,77.392,77.8487,78.4907,80.051,15.773,15.7323,15.6957,15.5743,15.3517,2.4576,232.1169,2.0543,236.271,1.7712,240.706,1.6381,237.8664,1.1825,235.6326
2025-10-10 18:00:00,12.32,15.4727,75.673,76.522,76.9863,77.6507,79.3313,15.6163,15.5797,15.558,15.4463,15.217,2.1564,232.8748,1.8513,236.333,1.5708,239.0313,1.4487,237.179,0.9669,235.7851
2025-10-10 18:30:00,12.293,15.268,75.9247,76.7473,77.2153,77.8667,79.4833,15.471,15.436,15.396,15.286,15.0553,2.1196,229.1717,1.8178,233.148,1.5926,236.9539,1.4652,234.1025,0.9717,233.3332
2025-10-10 19:00:00,12.266,15.0783,77.4333,78.4217,78.9203,79.6493,81.362,15.3133,15.265,15.2433,15.114,14.876,1.5277,228.6147,1.2509,233.7592,1.0667,237.238,0.9693,235.4218,0.3948,238.2811
2025-10-10 19:30:00,12.24,14.9013,78.1137,78.9693,79.4757,80.138,81.8,15.195,15.172,15.13,15.0123,14.779,2.0249,218.2528,1.7721,222.628,1.5532,225.004,1.426,221.7948,0.9066,221.1932
2025-10-10 20:00:00,12.2163,14.783,76.653,77.3737,77.736,78.3547,79.8883,15.139,15.131,15.1133,15.0037,14.7703,2.2089,224.1865,1.9056,228.2984,1.6451,231.5615,1.5258,227.9263,1.0791,225.2949
2025-10-10 20:30:00,12.1923,14.672,76.9153,77.7063,78.124,78.7577,80.2917,14.9803,14.9603,14.9437,14.813,14.6027,2.1327,223.7825,1.7882,228.6425,1.5416,231.2809,1.4347,228.3517,0.9652,227.1574
2025-10-10 21:00:00,12.169,14.5593,77.7877,78.5237,78.9103,79.5253,81.0733,14.8703,14.8753,14.837,14.743,14.5077,1.8302,221.4777,1.6102,225.5465,1.3729,227.7633,1.2662,225.422,0.76,224.7353
2025-10-10 21:30:00,12.1443,14.433,79.4407,80.377,81.0267,81.9,83.69,14.6983,14.6737,14.622,14.493,14.2403,1.4643,206.8805,1.25,209.3029,1.0885,214.3383,0.9813,211.4805,0.394,210.8917
2025-10-10 22:00:00,12.122,14.301,80.7533,81.6467,82.1267,82.8333,84.49,14.5913,14.5683,14.5327,14.436,14.2073,1.6065,211.2966,1.357,215.2158,1.1732,219.5322,1.0647,216.4814,0.505,217.6751
2025-10-10 22:30:00,12.1003,14.2147,81.1733,81.99,82.51,83.2633,84.7967,14.54,14.5247,14.4953,14.383,14.1853,1.5471,204.1527,1.3541,209.607,1.1793,214.7157,1.056,211.106,0.4946,211.0421
2025-10-10 23:00:00,12.0797,14.123,81.6833,82.6633,83.32,84.18,85.9867,14.4763,14.4527,14.4237,14.284,14.053,1.3069,213.0153,1.1242,215.0945,0.9735,218.8773,0.8659,215.4594,0.2753,217.2328
2025-10-10 23:30:00,12.057,14.0453,81.4367,82.4767,83.1567,84.0067,85.7667,14.4897,14.4537,14.424,14.2863,14.0707,1.5427,204.472,1.2921,207.4427,1.1128,211.8127,0.9974,208.3898,0.426,209.512
2025-10-11 00:00:00,12.0253,14.0093,80.8953,81.71,82.1967,82.8967,84.5233,14.5103,14.4863,14.463,14.3593,14.1463,1.8145,211.5513,1.6002,215.4384,1.396,218.9703,1.2895,216.5627,0.7729,215.5498
2025-10-11 00:30:00,12.0083,14.01,79.8877,80.685,81.243,82.0367,83.8367,14.5387,14.5253,14.4907,14.3737,14.1483,1.5308,193.3201,1.3345,197.0775,1.1357,202.9084,1.0114,198.8285,0.4425,199.6344
2025-10-11 01:00:00,11.9917,13.9783,80.6567,81.64,82.4733,83.5133,85.4867,14.393,14.3717,14.2997,14.1597,13.8993,1.2585,181.5927,1.0432,185.1319,0.8591,188.3396,0.7141,184.1422,0.2304,185.7764
2025-10-11 01:30:00,11.9743,13.8583,81.4967,82.48,83.2733,84.29,86.4733,14.2563,14.22,14.1617,14.0017,13.735,0.9672,179.9003,0.789,183.7894,0.6326,187.3278,0.4837,184.6356,0.1148,188.1575
2025-10-11 02:00:00,11.9573,13.7187,82.6933,83.8733,84.7567,85.7767,88.0467,14.1143,14.0707,13.9803,13.8597,13.6067,0.4693,190.905,0.1775,202.6963,0.0677,215.2731,0.0196,195.1938,0.0115,183.6321
2025-10-11 02:30:00,11.9423,13.586,83.8967,85.9233,87.69,88.9333,91.3833,14.0177,13.912,13.801,13.6543,13.4233,0.4427,176.5297,0.1993,162.9979,0.1673,156.6591,0.1122,154.1891,0.0174,186.2223
2025-10-11 03:00:00,11.9287,13.4773,83.3133,85.0833,86.54,87.7467,90.1067,14.0683,13.9633,13.8503,13.6787,13.416,1.2093,184.2987,0.9258,187.358,0.7052,193.3413,0.5677,188.3796,0.1603,190.3365
2025-10-11 03:30:00,11.917,13.439,82.7667,83.9967,85.2133,86.3567,88.5667,14.114,14.0797,13.9653,13.821,13.5797,1.1004,182.2408,0.9103,186.8454,0.7134,193.7613,0.5545,191.6677,0.137,195.5026
2025-10-11 04:00:00,11.9037,13.3887,83.97,85.3633,86.5333,87.6167,89.6933,13.981,13.9277,13.8337,13.6927,13.4387,0.6986,194.524,0.4316,202.0786,0.2655,213.3121,0.1276,206.6517,0.0264,206.3521
2025-10-11 04:30:00,11.892,13.337,84.56,86.5033,87.9933,89.0833,91.3867,13.959,13.8733,13.7383,13.6013,13.355,0.7592,201.3866,0.4867,208.0966,0.2997,223.3755,0.1494,224.1549,0.0303,227.9832
2025-10-11 05:00:00,11.884,13.2927,84.3233,85.68,86.9067,88.06,90.5833,14.021,13.9433,13.863,13.7023,13.4327,0.8469,201.4057,0.6309,206.0925,0.4676,212.271,0.3132,207.1446,0.0688,217.4201
2025-10-11 05:30:00,11.8777,13.28,84.87,86.1633,87.11,88.1833,90.59,13.9607,13.9217,13.8623,13.6987,13.4253,0.8874,192.8608,0.6949,192.6745,0.4891,195.0763,0.3352,189.2895,0.0568,195.3207
2025-10-11 06:00:00,11.8687,13.273,85.34,86.3133,87.1567,88.1467,90.2033,13.9207,13.9043,13.849,13.694,13.4323,1.0865,189.0866,0.8953,193.6339,0.7235,199.3872,0.5773,195.927,0.1598,199.9859
2025-10-11 06:30:00,11.8627,13.2643,85.9033,86.95,87.8833,88.89,90.94,13.8867,13.8717,13.7787,13.6573,13.4123,1.0338,184.8196,0.8694,190.4986,0.7039,196.7881,0.5582,193.423,0.1089,196.3862
2025-10-11 07:00:00,11.858,13.339,85.73,86.6233,87.4667,88.37,90.3233,13.9567,13.9553,13.9227,13.7987,13.6117,1.1995,190.6363,1.017,194.0019,0.8421,197.3108,0.7276,192.8057,0.1827,195.325
2025-10-11 07:30:00,11.8437,13.4503,85.4133,86.3267,86.9933,87.88,89.8233,14.0293,14.0267,13.985,13.9017,13.675,1.357,195.7842,1.1379,198.0153,0.9702,202.6913,0.8515,199.4374,0.2953,200.2653
2025-10-11 08:00:00,11.843,13.5443,85.8167,86.72,87.2833,88.0467,89.8733,14.0207,14.0203,13.9857,13.9197,13.7057,1.1865,210.8419,0.9922,216.2998,0.8424,220.7567,0.7189,218.2105,0.2807,221.4141
2025-10-11 08:30:00,11.886,13.6793,87.4533,88.2033,88.5033,89.14,90.77,13.9627,14.0057,14.0427,13.993,13.8877,1.0423,177.7666,0.9277,179.7458,0.8332,182.2573,0.7354,178.462,0.2215,180.8365
2025-10-11 09:00:00,11.9867,14.0773,87.5667,88.0567,88.1033,88.5533,90.0167,14.191,14.2713,14.3703,14.3597,14.3377,0.9214,165.3086,0.8692,166.6659,0.7814,170.9462,0.6838,167.1749,0.1934,170.7047
2025-10-11 09:30:00,12.1293,14.791,85.8933,86.3167,86.3133,86.78,88.0733,14.625,14.7083,14.828,14.8377,14.9063,1.0954,192.5091,1.0074,194.0914,0.9131,197.1389,0.8382,193.6566,0.3066,194.0419
2025-10-11 10:00:00,12.325,15.664,84.4433,84.9267,85.0333,85.4667,86.72,14.9787,15.0673,15.2087,15.2533,15.4,1.4367,189.3721,1.3284,191.0044,1.1895,195.0228,1.0861,191.5708,0.5817,189.8455
2025-10-11 10:30:00,12.4713,16.728,81.941,82.4067,82.41,82.8067,83.9867,15.3547,15.488,15.648,15.7,15.912,1.3461,211.7781,1.2433,215.2846,1.1335,217.3316,1.0645,214.3248,0.527,212.2356
2025-10-11 11:00:00,12.4023,17.613,78.996,79.3587,79.482,79.995,81.2977,15.698,15.7767,15.8807,15.87,16.01,1.1342,246.3874,1.0013,250.1841,0.9114,251.599,0.8245,247.9184,0.3633,245.8126
2025-10-11 11:30:00,12.319,17.9663,75.4963,76.183,76.5113,77.194,78.802,15.832,15.912,15.9827,15.9353,15.963,1.2233,271.294,1.0486,274.3664,0.8972,274.0344,0.7827,270.0673,0.3598,265.6419
2025-10-11 12:00:00,12.3297,17.927,73.1337,73.8667,74.3147,75.1303,77.192,15.9493,16.0003,16.061,16.005,15.9913,1.4284,259.785,1.2566,264.0834,1.1218,265.1946,1.0105,262.276,0.5551,259.8514
2025-10-11 12:30:00,12.354,17.8517,68.7133,69.6187,70.251,71.0957,73.1217,16.01,16.0433,16.0933,16.0333,15.9393,2.1018,268.7684,1.7204,271.0968,1.4737,271.8131,1.3317,269.2829,0.8722,265.9391
2025-10-11 13:00:00,12.3953,17.7487,68.1353,68.901,69.4003,70.2937,72.349,15.963,16.0067,16.0537,15.9883,15.9327,1.7135,260.1493,1.5099,264.4892,1.3526,267.1611,1.2243,263.8843,0.8036,258.4042
2025-10-11 13:30:00,12.389,17.7563,69.6753,70.436,70.888,71.658,73.3877,15.934,15.9843,16.0447,15.9717,15.935,1.5142,285.2914,1.2701,287.7834,1.1059,288.4639,0.9959,286.0604,0.5571,280.4844
2025-10-11 14:00:00,12.4303,17.874,71.4487,72.1227,72.4337,73.1643,74.782,15.8513,15.9313,16.004,15.9647,15.984,1.5556,283.4684,1.2988,285.7532,1.105,285.5765,1.0009,283.2817,0.529,279.934
2025-10-11 14:30:00,12.3037,17.8297,71.7757,72.6157,73.043,73.8027,75.929,15.799,15.8223,15.8733,15.8253,15.752,0.9397,286.4649,0.7744,290.6192,0.6488,292.7336,0.534,285.749,0.1548,275.0852
2025-10-11 15:00:00,12.331,17.647,72.8123,73.4157,73.584,74.345,76.624,15.7913,15.8373,15.9027,15.851,15.7873,0.6157,320.2022,0.5571,332.841,0.5113,342.3231,0.4114,344.4335,0.1352,346.9211
2025-10-11 15:30:00,12.227,17.437,71.831,72.7137,73.159,74.0443,76.0637,15.7443,15.7453,15.788,15.7103,15.574,0.8615,283.3091,0.7285,286.194,0.5662,289.7408,0.4691,283.5913,0.1453,280.2316
2025-10-11 16:00:00,12.1173,16.9563,72.697,73.6757,74.3923,75.349,77.9083,15.567,15.5563,15.5413,15.4217,15.1987,0.7056,293.4762,0.5782,301.3612,0.4658,308.1981,0.3656,302.9227,0.1106,288.6084
2025-10-11 16:30:00,12.0527,16.3057,74.6193,76.03,77.3147,78.7583,82.1573,15.3467,15.2847,15.222,15.072,14.7883,0.2927,286.0746,0.1363,297.7217,0.0475,308.001,0.0248,313.0231,0.0146,325.9687
2025-10-11 17:00:00,12.0037,15.6863,75.5037,77.4017,79.2923,81.413,85.8567,15.2147,15.0943,14.9677,14.755,14.3933,0.3175,290.0636,0.1494,294.7219,0.0867,291.4093,0.0788,253.5982,0.0246,285.4494
2025-10-11 17:30:00,11.9563,15.118,77.409,79.3627,80.6013,81.75,84.7033,15.002,14.8743,14.772,14.614,14.284,0.3064,303.6872,0.1453,311.607,0.0858,318.0262,0.0575,312.7127,0.0257,313.8074
2025-10-11 18:00:00,11.9147,14.6483,78.921,80.4067,81.4847,82.6963,85.6233,14.859,14.778,14.6727,14.5157,14.1477,0.5906,259.7958,0.4201,261.6578,0.2703,263.9335,0.1718,256.9118,0.034,244.195
2025-10-11 18:30:00,11.883,14.2527,82.3533,83.76,85.01,86.38,89.1667,14.571,14.466,14.363,14.1757,13.8413,0.24,281.565,0.1392,286.4639,0.0806,312.1811,0.0436,290.7673,0.0181,308.2788
2025-10-11 19:00:00,11.8597,13.9597,83.1067,84.3567,85.4667,86.5,88.4633,14.5237,14.4717,14.37,14.2257,13.966,0.3097,241.7449,0.23,217.678,0.1879,199.1288,0.1588,200.8092,0.034,234.1407
2025-10-11 19:30:00,11.843,13.7393,85.2233,88.1367,90.6567,92.8133,95.08,14.2787,14.0733,13.8573,13.616,13.3427,0.2086,248.8937,0.2069,224.4341,0.2681,154.6513,0.1855,147.4121,0.0305,119.35
2025-10-11 20:00:00,11.8283,13.5477,87.2867,90.5567,93.1367,94.5433,96.3,14.086,13.8567,13.6353,13.434,13.213,0.3988,184.8476,0.4438,168.3647,0.3883,159.4285,0.2979,151.7293,0.047,182.0394
2025-10-11 20:30:00,11.8187,13.387,89.6067,92.46,94.5467,95.3233,96.76,13.809,13.6147,13.4617,13.3357,13.143,0.1764,166.9343,0.2605,148.7498,0.213,141.4369,0.0695,162.1808,0.0211,175.8257
2025-10-11 21:00:00,11.8097,13.2527,91.31,93.6033,94.71,95.4133,97.1367,13.6303,13.5337,13.4353,13.3273,13.1083,0.1272,179.2611,0.0786,157.4547,0.049,178.0319,0.0235,27.0391,0.0185,175.9649
2025-10-11 21:30:00,11.7903,13.144,88.6667,93.4967,95.3267,96.3267,97.75,13.772,13.4567,13.3273,13.1597,12.963,0.3208,199.2595,0.1677,169.6033,0.1226,141.598,0.0549,132.6019,0.0183,175.792
2025-10-11 22:00:00,11.781,13.0513,77.6217,81.856,85.4117,87.6543,91.92,14.2643,13.9903,13.711,13.4833,13.0883,0.9552,224.7039,0.7716,218.7598,0.6124,216.9892,0.4752,212.3446,0.088,212.7761
2025-10-11 22:30:00,11.775,12.993,76.5007,79.8733,83.0803,85.4157,89.5,14.234,14.0423,13.793,13.5507,13.1623,0.3783,216.9086,0.3661,196.3853,0.2474,192.0288,0.1054,190.6415,0.022,207.9092
2025-10-11 23:00:00,11.7653,12.9187,85.66,90.1733,91.5867,92.3367,94.3433,13.3947,13.174,13.1213,13.0163,12.8317,0.4123,209.0921,0.164,236.2216,0.1041,251.5788,0.0353,231.8544,0.0194,250.6238
2025-10-11 23:30:00,11.7593,12.823,86.0867,89.7567,91.71,92.9367,95.24,13.2787,13.0583,13.0023,12.8883,12.7433,0.0098,211.8798,0.0098,225.2476,0.0098,217.8015,0.0098,232.6538,0.0102,252.6769
2025-10-12 00:00:00,11.7503,12.7247,89.73,90.3233,92.6033,94.1533,96.44,13.0047,12.9483,12.8337,12.6683,12.5013,0.1394,99.5466,0.1426,95.7355,0.1034,89.5204,0.0558,85.5274,0.0152,252.1781
2025-10-12 00:30:00,11.741,12.611,89.97,92.35,93.5033,94.6733,96.75,12.9367,12.8413,12.8063,12.6637,12.4547,0.1949,208.6889,0.1052,231.9536,0.1015,258.4788,0.0706,260.5727,0.0189,298.2762
2025-10-12 01:00:00,11.7323,12.5287,88.2133,92.4933,94.4367,95.5333,97.5067,13.1337,12.8947,12.8,12.6493,12.439,0.3894,181.6918,0.1622,160.346,0.1202,135.7224,0.0856,125.9302,0.0189,158.4667
2025-10-12 01:30:00,11.7237,12.4733,87.3733,91.7233,93.9567,94.8567,97.04,13.2177,12.9287,12.8013,12.682,12.4803,0.5473,199.319,0.1463,200.2322,0.0701,227.7772,0.0161,123.4345,0.0137,159.353
2025-10-12 02:00:00,11.716,12.442,85.4033,88.5167,91.1667,92.4767,95.59,13.3737,13.1907,13.0077,12.8517,12.5877,0.6873,196.0376,0.4619,189.4205,0.1921,187.5005,0.0906,179.2978,0.0176,232.6104
2025-10-12 02:30:00,11.7097,12.44,85.8367,89.0367,91.4467,92.9733,95.4367,13.3283,13.1443,12.9887,12.8313,12.5933,0.6651,205.4928,0.3824,203.7221,0.3079,213.7371,0.1823,209.6932,0.0309,241.1567
2025-10-12 03:00:00,11.7063,12.416,83.5267,86.7467,89.4067,91.1833,94.3933,13.4467,13.246,13.0463,12.8267,12.5447,0.9114,213.927,0.6647,212.2962,0.51,214.0033,0.3768,210.2177,0.0645,218.2694
2025-10-12 03:30:00,11.6983,12.3617,83.4933,85.6433,88.32,90.3967,93.8,13.3633,13.2613,13.0323,12.7997,12.4633,0.7938,198.6134,0.6224,197.9528,0.4109,203.33,0.2084,203.0807,0.0287,219.5971
2025-10-12 04:00:00,11.689,12.315,83.1367,85.8533,88.5667,90.1933,93.5367,13.3563,13.1913,12.9773,12.7817,12.4687,0.708,198.7496,0.4706,194.5952,0.2879,193.1865,0.1013,189.7245,0.0264,199.7118
2025-10-12 04:30:00,11.681,12.248,84.0433,86.8767,89.3967,91.5033,94.7233,13.269,13.0507,12.8503,12.6037,12.303,0.703,216.6835,0.537,212.1318,0.3556,213.7414,0.1734,211.6579,0.0261,245.8969
2025-10-12 05:00:00,11.671,12.18,85.5567,90.0233,92.65,94.3233,96.42,13.1213,12.8157,12.5957,12.4,12.1853,0.7444,188.143,0.5453,191.293,0.1169,207.9951,0.0098,174.3273,0.0135,230.8338
2025-10-12 05:30:00,11.663,12.1053,86.3833,89.62,92.1833,93.3033,95.7233,13.0567,12.81,12.587,12.429,12.1737,0.8101,203.5775,0.5235,206.7666,0.2058,227.0695,0.0497,241.4912,0.0259,261.9774
2025-10-12 06:00:00,11.655,12.0683,85.07,86.9867,89.1933,91.2767,94.9767,13.2453,13.1047,12.896,12.6393,12.3067,0.7642,206.3603,0.6732,199.0115,0.5285,200.3773,0.3256,193.3718,0.0438,197.8397
2025-10-12 06:30:00,11.65,12.081,84.5033,86.5667,88.66,90.5267,94.0033,13.3967,13.281,13.094,12.8567,12.5123,0.6433,235.6254,0.4218,235.011,0.2618,237.7716,0.1503,236.3733,0.0457,239.2491
2025-10-12 07:00:00,11.6567,12.214,84.8367,86.0767,86.8667,87.7433,90.1233,13.543,13.5193,13.4737,13.345,13.101,0.7509,278.3609,0.5501,280.9199,0.4319,282.2401,0.3173,276.6713,0.0812,276.8999
2025-10-12 07:30:00,11.719,12.5873,86.1067,86.9733,87.4267,88.0633,89.7233,13.6287,13.6767,13.7007,13.638,13.5637,0.7677,259.1137,0.6692,260.9694,0.5262,262.471,0.4123,256.7729,0.0945,256.098
2025-10-12 08:00:00,11.8867,13.2717,84.3033,84.88,85.0567,85.7167,87.13,13.9653,14.041,14.102,14.075,14.1027,0.9574,256.5174,0.8208,260.0999,0.7226,260.4364,0.6394,255.9612,0.1727,253.6893
2025-10-12 08:30:00,12.253,14.4987,78.8617,79.1587,79.2127,79.765,80.3527,14.5257,14.6333,14.7563,14.7483,15.0117,1.129,268.5597,0.9915,270.2747,0.8702,270.6742,0.7879,267.4533,0.3495,264.2597
2025-10-12 09:00:00,12.347,16.787,76.449,76.759,76.6507,77.1787,77.6827,14.977,15.0807,15.232,15.2347,15.49,1.3054,286.1342,1.0488,293.6477,0.9238,297.0058,0.816,293.8526,0.4443,287.2079
2025-10-12 09:30:00,12.4383,18.604,74.9357,75.3737,75.4257,75.9513,76.737,15.316,15.449,15.6103,15.636,15.873,1.9304,289.3804,1.5183,287.3723,1.3367,289.8757,1.2167,286.9451,0.801,281.6524
2025-10-12 10:00:00,12.4443,19.4227,72.46,72.922,73.1193,73.6973,74.8793,15.438,15.5697,15.6987,15.718,15.91,1.9217,283.6713,1.6159,284.8842,1.4071,286.8104,1.2801,285.4074,0.8657,279.1668
2025-10-12 10:30:00,12.4353,19.8263,74.7377,75.2143,75.384,75.9517,76.957,15.409,15.5253,15.6623,15.681,15.8747,2.3354,277.7305,1.945,279.6932,1.6956,279.3499,1.5569,276.6562,1.1226,274.821
2025-10-12 11:00:00,12.4987,19.8093,75.0503,75.4517,75.5033,75.967,76.7957,15.395,15.5383,15.6923,15.7407,15.9367,2.2797,290.6922,1.8762,289.3599,1.6298,287.8215,1.49,285.7734,1.0575,281.5101
2025-10-12 11:30:00,12.5037,19.7173,75.6627,76.0467,76.1217,76.63,77.6873,15.4613,15.601,15.7323,15.7587,15.9573,1.8805,285.6185,1.5811,288.7632,1.4308,292.2071,1.298,288.944,0.8654,283.5457
2025-10-12 12:00:00,12.5273,19.9673,75.1163,75.4463,75.4237,75.814,76.7227,15.7667,15.9037,16.0563,16.091,16.317,1.6945,304.7541,1.3909,307.5976,1.2024,310.7417,1.1072,308.6505,0.6914,303.8064
2025-10-12 12:30:00,12.5363,19.941,76.4747,76.81,76.876,77.368,78.41,15.6163,15.729,15.8497,15.867,16.005,1.7675,294.6628,1.58,299.4461,1.4384,300.1002,1.2971,297.9755,0.9084,294.4526
2025-10-12 13:00:00,12.5343,20.0593,78.2373,78.5527,78.522,78.945,79.5867,15.5623,15.692,15.821,15.872,16.1263,2.1747,279.8694,1.8951,279.6845,1.6974,279.0433,1.5562,276.6488,1.0946,272.5125
2025-10-12 13:30:00,12.453,19.7243,79.8393,80.2117,80.2327,80.6483,81.55,15.4987,15.594,15.7053,15.719,15.8513,1.8213,287.4529,1.5303,285.7264,1.3189,282.0218,1.1976,280.0475,0.759,275.1573
2025-10-12 14:00:00,12.369,19.1233,80.899,81.3167,81.3333,81.7167,82.61,15.663,15.7373,15.8187,15.809,15.8177,1.4955,296.9901,1.1967,301.1898,1.0159,303.5381,0.9062,300.4658,0.4954,293.2318
2025-10-12 14:30:00,12.3057,18.4143,86.9533,87.34,87.2933,87.68,88.3233,15.2563,15.3183,15.4083,15.379,15.3953,1.965,285.4042,1.5944,286.1313,1.3859,284.5265,1.2457,279.8656,0.8197,272.4716
2025-10-12 15:00:00,12.2293,17.5023,93.2633,93.6467,93.5633,93.91,94.3067,14.795,14.877,14.9607,14.9227,14.944,1.078,296.8498,0.8326,302.9768,0.6877,304.3672,0.5939,301.1603,0.2509,292.465
2025-10-12 15:30:00,12.2213,16.8893,94.5167,95.0267,94.9433,95.2533,95.7867,14.8453,14.9253,15.013,14.9893,15.0337,1.0301,287.2918,0.7912,290.5356,0.647,295.1996,0.5464,291.6665,0.1771,286.823
2025-10-12 16:00:00,12.135,16.416,92.94,93.58,93.5733,93.9567,94.8333,15.0713,15.1097,15.1663,15.1013,15.0513,0.9526,302.3512,0.7794,306.4183,0.6586,315.0752,0.5721,307.8294,0.2132,297.967
2025-10-12 16:30:00,12.0957,15.985,90.2433,90.75,90.7333,91.1233,92.32,15.226,15.249,15.3023,15.242,15.1127,0.7792,311.7815,0.6141,315.5777,0.4961,321.9821,0.4001,327.4718,0.1244,326.9243
2025-10-12 17:00:00,12.0523,15.603,88.44,88.8867,89.0367,89.4167,90.8133,15.2537,15.2567,15.301,15.2307,15.0427,0.598,301.451,0.4471,312.4681,0.3421,316.1529,0.2803,310.7678,0.0973,300.1155
2025-10-12 17:30:00,12.0217,15.2527,88.5767,89.4367,89.7433,90.3133,91.74,15.204,15.198,15.1983,15.0787,14.902,0.6566,292.0938,0.5264,295.1612,0.4301,296.6955,0.3423,291.6869,0.1093,282.5629
2025-10-12 18:00:00,11.996,14.9593,89.0467,89.49,89.6267,90.02,91.2433,15.0423,15.0637,15.074,14.9913,14.8163,0.9358,305.461,0.7337,314.6384,0.5832,317.5752,0.4994,315.5927,0.24,304.2481
2025-10-12 18:30:00,11.9727,14.747,89.9633,90.6233,90.82,91.3167,92.6,14.8953,14.924,14.929,14.811,14.667,0.6307,290.7689,0.514,290.8964,0.4253,290.9874,0.3369,286.6592,0.1061,276.8152
2025-10-12 19:00:00,11.9453,14.6087,92.94,93.4167,93.52,93.9567,94.6867,14.6317,14.6687,14.6867,14.6217,14.4857,0.7592,287.7297,0.6392,285.9831,0.5386,288.8053,0.4491,282.8737,0.1681,279.3042
2025-10-12 19:30:00,11.9057,14.5137,97.38,97.7767,97.66,97.9267,98.0867,14.263,14.3187,14.361,14.2793,14.232,1.4347,280.715,1.2182,282.3373,1.051,282.6546,0.9539,278.3836,0.5275,273.6077
2025-10-12 20:00:00,11.8853,14.4447,98.19,98.59,98.47,98.6567,98.83,14.287,14.346,14.3833,14.299,14.24,1.0436,277.7502,0.8807,278.2976,0.7529,277.8089,0.6346,272.1298,0.213,270.6144
2025-10-12 20:30:00,11.8573,14.42,98.5067,98.9333,98.7933,98.96,99.1433,14.324,14.3793,14.4243,14.354,14.271,1.0349,284.5076,0.816,283.265,0.6947,288.002,0.5863,283.2068,0.2004,281.1959
2025-10-12 21:00:00,11.8327,14.42,98.5967,99.0367,98.91,99.0433,99.2567,14.367,14.4113,14.4377,14.392,14.2947,0.541,297.5956,0.4556,301.2829,0.367,305.504,0.2681,303.3161,0.0712,299.4571
2025-10-12 21:30:00,11.8077,14.4117,98.4933,98.93,98.7767,98.8767,99.18,14.306,14.3627,14.408,14.321,14.231,0.532,306.5107,0.4177,308.6635,0.3221,318.4486,0.2526,313.0743,0.0982,294.031
2025-10-12 22:00:00,11.7827,14.3603,98.07,98.5733,98.42,98.5733,99.0367,14.3043,14.354,14.401,14.3163,14.2273,0.7921,297.1379,0.6307,299.1071,0.475,305.8311,0.3876,304.8479,0.1518,294.8406
2025-10-12 22:30:00,11.7597,14.326,98.2933,98.6967,98.55,98.7167,99.0933,14.201,14.2643,14.286,14.251,14.1777,0.6316,311.4529,0.461,319.1711,0.3728,322.6742,0.309,323.4189,0.1233,306.4666
2025-10-12 23:00:00,11.739,14.2847,97.2267,97.7033,97.5633,97.68,98.4333,14.0783,14.128,14.17,14.1203,14.007,1.4321,324.1831,1.2108,328.21,1.0795,332.3662,0.978,331.013,0.5908,325.5792
2025-10-12 23:30:00,11.7203,14.114,96.6367,96.98,96.8433,97.0733,97.8467,13.9183,13.9683,13.9957,13.9507,13.8177,0.9205,314.587,0.774,324.6505,0.6701,333.8538,0.5597,332.1249,0.2352,327.2406
2025-10-13 00:00:00,11.7027,13.9253,97.09,97.4833,97.3633,97.6333,98.1733,13.863,13.906,13.9253,13.8697,13.7413,0.7603,313.3725,0.5508,318.5195,0.4421,326.7964,0.3617,325.8754,0.135,313.517
2025-10-13 00:30:00,11.6913,13.7113,97.2867,97.7267,97.64,97.8733,98.4667,13.7577,13.8,13.8053,13.722,13.58,0.7383,312.2718,0.6444,317.5704,0.5893,326.4625,0.5081,325.4044,0.1886,319.7702
2025-10-13 01:00:00,11.68,13.522,97.3767,97.7767,97.66,97.8233,98.4233,13.687,13.7323,13.7447,13.677,13.4993,0.6298,309.0519,0.4541,312.7865,0.3874,322.8985,0.3382,326.575,0.1259,320.0171
2025-10-13 01:30:00,11.6663,13.3543,97.6267,98.0767,98.02,98.1733,98.7367,13.625,13.6707,13.6933,13.648,13.4937,0.8402,291.3342,0.6671,285.7246,0.541,290.2449,0.4541,286.568,0.1734,282.2321
2025-10-13 02:00:00,11.654,13.2903,97.68,98.1767,98.1367,98.3,98.88,13.5157,13.5633,13.578,13.486,13.3743,0.7807,293.036,0.6154,293.1548,0.5124,298.4323,0.4319,293.8422,0.1472,288.8395
2025-10-13 02:30:00,11.6423,13.265,97.9,98.3267,98.2367,98.3933,98.9367,13.3843,13.4213,13.457,13.402,13.312,0.7644,300.4002,0.5847,310.8194,0.4939,316.7546,0.419,314.925,0.1742,304.9135
2025-10-13 03:00:00,11.6333,13.296,98.1733,98.54,98.4033,98.5233,98.9933,13.363,13.3963,13.4437,13.3943,13.325,1.0026,326.0307,0.8341,335.24,0.7078,342.2631,0.6174,342.5192,0.2853,333.771
2025-10-13 03:30:00,11.6223,13.3,97.7767,98.13,97.97,98.08,98.7333,13.3193,13.3613,13.4063,13.3557,13.2473,1.3707,322.7419,1.1734,327.5074,1.0763,330.554,0.9774,331.0022,0.5791,329.2778
2025-10-13 04:00:00,11.6123,13.2907,97.5967,97.9033,97.76,97.8867,98.5633,13.2357,13.299,13.352,13.2813,13.1717,1.3814,325.8166,1.2126,331.9571,1.0712,336.9454,0.9685,336.0389,0.5974,333.5289
2025-10-13 04:30:00,11.603,13.28,97.81,98.1033,97.9433,98.1,98.6167,13.2167,13.2903,13.3293,13.253,13.1723,1.0127,326.6502,0.7831,326.6144,0.7143,330.961,0.6512,331.0059,0.34,327.7932
2025-10-13 05:00:00,11.5937,13.28,98.27,98.59,98.42,98.5733,98.9533,13.2217,13.291,13.339,13.2617,13.1857,0.8371,323.2767,0.6507,323.5648,0.6041,325.651,0.5224,323.0862,0.2324,316.5551
2025-10-13 05:30:00,11.584,13.2953,98.6067,98.95,98.7533,98.9167,99.21,13.2593,13.3127,13.3657,13.3047,13.2327,0.862,319.6749,0.6727,324.5946,0.6126,330.5786,0.5495,327.2061,0.252,321.5804
2025-10-13 06:00:00,11.5753,13.3037,98.8233,99.1867,99.0067,99.1367,99.3833,13.2103,13.279,13.328,13.2517,13.1807,0.7056,314.3813,0.5488,319.9456,0.4793,328.3847,0.4175,329.8282,0.1718,324.3366
2025-10-13 06:30:00,11.5763,13.2257,98.76,99.17,98.98,99.08,99.38,13.0493,13.0943,13.137,13.094,12.9793,1.2285,318.8576,1.0142,322.1163,0.8833,324.995,0.8127,321.3372,0.443,318.3295
2025-10-13 07:00:00,11.5807,13.169,98.7833,99.1767,98.9667,99.1133,99.4267,13.0023,13.0653,13.1203,13.0787,13.0267,0.9963,315.5504,0.8112,317.9711,0.7165,324.658,0.5934,323.7411,0.269,320.8709
2025-10-13 07:30:00,11.612,13.2917,99.0867,99.4633,99.25,99.3833,99.63,13.0567,13.135,13.2157,13.1703,13.1927,0.8195,307.6385,0.7117,310.9865,0.6333,318.4478,0.5538,316.6595,0.233,307.7556
2025-10-13 08:00:00,11.7013,13.6647,98.8533,99.2567,99.04,99.0867,99.4333,13.3483,13.444,13.5297,13.517,13.5967,0.73,314.2935,0.6207,312.1858,0.5475,318.1056,0.4678,315.1764,0.2062,311.0344
2025-10-13 08:30:00,11.7347,14.1147,96.8733,97.4433,97.1167,97.26,98.0667,13.623,13.699,13.7857,13.7733,13.813,1.0242,320.946,0.8731,319.6619,0.7688,323.4011,0.6801,319.0184,0.3565,311.5719
2025-10-13 09:00:00,11.8147,14.6037,94.0567,94.3167,94.1333,94.5733,95.5733,13.9073,14.0073,14.0913,14.0773,14.1477,1.1838,347.9104,1.0403,352.1049,0.9399,354.6811,0.828,354.0575,0.4447,350.5799
2025-10-13 09:30:00,12.114,15.1087,90.6567,90.94,90.9667,91.3433,92.5867,14.208,14.3243,14.4373,14.4663,14.6223,1.5181,19.412,1.3811,21.4312,1.2618,27.2028,1.1551,24.6319,0.7108,24.046
2025-10-13 10:00:00,12.0097,15.8337,88.4867,88.7733,88.76,89.21,90.7433,14.2577,14.348,14.421,14.4327,14.5083,1.6521,28.4626,1.5399,31.6326,1.4439,36.0966,1.3254,35.3653,0.8604,33.65
2025-10-13 10:30:00,12.0903,15.9647,86.8067,87.1533,87.3433,87.73,89.4367,14.4693,14.5687,14.6503,14.672,14.759,1.2564,18.6749,1.0967,23.0753,1.0087,27.166,0.9062,25.899,0.5037,28.5732
2025-10-13 11:00:00,12.0843,16.254,87.18,87.49,87.64,88.0033,89.4733,14.572,14.663,14.7517,14.765,14.8553,1.2228,17.3536,1.1122,20.7962,0.992,25.3756,0.8868,23.1621,0.48,20.4495
2025-10-13 11:30:00,12.179,16.5717,87.5233,87.74,88.2567,88.1133,89.3533,14.659,14.7823,14.8527,14.9227,15.1097,0.7474,283.7288,0.681,281.6781,0.6261,286.5773,0.5704,282.3248,0.2901,272.9105
2025-10-13 12:00:00,12.0977,16.989,86.4867,86.7833,87.0533,87.1833,88.5167,14.839,14.936,15.0067,15.0343,15.1217,0.9776,334.0842,0.848,336.2777,0.7287,338.2663,0.6472,336.6165,0.2626,335.2322
2025-10-13 12:30:00,12.2183,17.283,86.8867,87.16,87.2,87.4433,88.4267,15.046,15.148,15.2663,15.32,15.546,1.1597,350.2335,1.0865,354.9323,0.9643,355.3632,0.8705,354.7,0.4693,344.991
2025-10-13 13:00:00,12.2767,17.7173,84.3867,84.6333,84.5233,84.9133,86.05,15.1377,15.238,15.3457,15.3607,15.5143,1.4872,326.4843,1.2605,332.8382,1.1372,339.0519,1.0327,335.9957,0.6405,328.966
2025-10-13 13:30:00,12.2117,18.1113,85.1733,85.4467,85.4,85.7933,86.6133,15.3723,15.473,15.596,15.607,15.76,1.2919,304.6167,1.1431,305.9595,1.0297,306.9716,0.9293,305.0329,0.5039,298.245
2025-10-13 14:00:00,12.1407,18.123,83.81,84.24,84.3267,84.8167,85.7033,15.2703,15.378,15.4813,15.4667,15.575,1.4227,284.6333,1.2013,287.1296,1.0399,288.1757,0.9445,285.9665,0.5135,279.193
2025-10-13 14:30:00,12.0977,17.8953,81.1113,81.5673,81.7537,82.41,84.0967,15.54,15.608,15.683,15.653,15.666,0.7653,343.9008,0.6505,345.0273,0.5279,348.9246,0.4589,348.6463,0.1879,348.6806
2025-10-13 15:00:00,12.114,17.7787,80.0283,80.567,80.6257,81.11,82.3867,15.5533,15.625,15.706,15.6757,15.704,1.1608,303.5318,0.98,308.1919,0.8548,311.6152,0.7605,309.8668,0.3624,302.2361
2025-10-13 15:30:00,12.0497,17.5093,79.2047,79.64,79.7003,80.2433,81.88,15.3833,15.4423,15.4957,15.4387,15.3587,1.2668,321.0678,1.0723,330.6508,0.9567,334.6992,0.8596,332.2168,0.4443,328.2322
2025-10-13 16:00:00,11.9497,17.0047,78.93,79.4723,79.557,80.0677,81.7533,15.154,15.181,15.2203,15.1573,15.024,1.2733,316.5962,1.1253,325.8607,0.977,330.2859,0.8827,326.7166,0.4576,320.1401
2025-10-13 16:30:00,11.8793,16.3177,79.5357,79.9933,80.0237,80.472,82.11,14.9463,14.9783,15.013,14.9263,14.737,1.1507,316.2207,0.9412,324.5056,0.8101,331.7118,0.7313,328.4193,0.3367,323.4253
2025-10-13 17:00:00,11.8163,15.497,82.36,83.1367,83.3667,84.0533,85.98,14.6223,14.6157,14.604,14.4887,14.2127,0.762,303.3277,0.4861,311.6778,0.3776,322.2932,0.3219,322.4446,0.1228,313.0537
2025-10-13 17:30:00,11.7747,14.682,83.5033,84.2667,84.53,85.0533,86.7033,14.3213,14.329,14.3017,14.1897,13.9093,0.789,304.5889,0.5677,311.5255,0.4103,326.492,0.3245,322.5827,0.1034,323.7209
2025-10-13 18:00:00,11.739,14.031,83.8267,84.4767,84.73,85.28,87.0267,14.1177,14.1237,14.1073,13.998,13.7277,0.635,310.437,0.4266,318.9207,0.321,330.4563,0.248,331.0149,0.0658,317.9085
2025-10-13 18:30:00,11.7003,13.5263,85.57,86.4733,86.8967,87.5367,89.4067,13.861,13.87,13.8163,13.6977,13.389,0.7884,295.7216,0.6636,295.5241,0.5094,297.3727,0.3948,293.0364,0.1518,287.2309
2025-10-13 19:00:00,11.6607,13.2187,85.9567,86.6967,87.0133,87.6367,89.2467,13.7163,13.743,13.725,13.6173,13.3713,0.8513,293.0231,0.7076,291.7678,0.5806,296.258,0.4948,289.515,0.1875,277.8568
2025-10-13 19:30:00,11.623,13.0227,86.0433,86.73,86.9367,87.4767,89.09,13.552,13.583,13.5827,13.4587,13.2323,0.7422,298.9331,0.5852,302.6775,0.4654,311.3041,0.3574,310.8121,0.137,312.691
2025-10-13 20:00:00,11.5967,12.9237,86.51,87.2733,87.5433,88.0767,89.57,13.4263,13.458,13.4543,13.3753,13.161,0.941,285.0666,0.8428,286.1171,0.7313,286.0393,0.6481,281.1853,0.2764,277.5344
2025-10-13 20:30:00,11.5733,12.884,86.93,87.5867,87.76,88.2267,89.47,13.3077,13.3387,13.3617,13.2597,13.0983,1.36,286.2133,1.1891,285.8885,1.0209,284.1469,0.9134,281.6405,0.4671,276.3147
2025-10-13 21:00:00,11.5553,12.803,87.2567,87.9067,88.08,88.5433,89.89,13.143,13.1937,13.2003,13.1147,12.906,1.2897,289.6525,1.122,289.9627,0.9489,289.3109,0.8378,284.9528,0.4399,281.8288
2025-10-13 21:30:00,11.5397,12.5857,88.69,89.4367,89.6433,90.1533,91.47,12.9053,12.9163,12.9087,12.7847,12.5633,0.7352,303.3204,0.5015,311.6851,0.3593,316.9692,0.2546,312.7359,0.1015,303.6565
2025-10-13 22:00:00,11.5297,12.3157,89.8767,90.64,90.8433,91.3733,92.8733,12.7797,12.792,12.7873,12.6617,12.4417,0.6059,286.9845,0.468,287.1993,0.3713,291.7878,0.3025,285.2895,0.081,280.2308
2025-10-13 22:30:00,11.5213,12.0977,90.88,91.6367,91.86,92.3833,93.8,12.53,12.555,12.548,12.4297,12.1887,0.9449,284.9645,0.7984,283.4256,0.6642,286.2372,0.5747,282.4295,0.213,275.0563
2025-10-13 23:00:00,11.5117,11.924,92.1067,92.7567,92.85,93.27,94.4267,12.2973,12.3267,12.346,12.2647,12.0807,0.6357,289.5375,0.4715,294.4328,0.3972,297.4957,0.3206,291.6812,0.1089,284.863
2025-10-13 23:30:00,11.4987,11.89,92.63,93.15,93.0767,93.3767,94.35,12.2337,12.2927,12.3187,12.2473,12.1153,0.6699,297.3887,0.5248,303.2627,0.4484,309.2198,0.3585,307.4359,0.1163,296.8772
2025-10-14 00:00:00,11.4887,11.914,92.05,92.6467,92.65,93.0333,94.05,12.2447,12.2987,12.328,12.2657,12.1257,0.8332,286.4108,0.7263,283.7154,0.6368,284.1867,0.5549,279.5138,0.1766,275.0191
2025-10-14 00:30:00,11.4807,11.9677,90.87,91.5567,91.5867,91.94,93.2133,12.3153,12.3573,12.391,12.3173,12.1797,0.4693,292.7606,0.3585,296.2852,0.3023,304.009,0.2398,296.0502,0.0686,290.4964
2025-10-14 01:00:00,11.47,12.0167,88.7233,89.44,89.6267,90.08,91.5433,12.551,12.5843,12.6063,12.531,12.368,0.5584,311.097,0.3576,320.5325,0.2361,332.3719,0.1568,332.3077,0.0372,325.4685
2025-10-14 01:30:00,11.457,12.0843,87.8967,88.5333,88.7467,89.3533,91.05,12.6453,12.6843,12.6977,12.5997,12.4377,0.5046,306.0147,0.2903,313.7187,0.2324,312.6329,0.1762,308.704,0.0695,304.3967
2025-10-14 02:00:00,11.4463,12.157,86.24,86.9133,87.15,87.6467,89.3,12.7657,12.8007,12.8117,12.7133,12.5567,0.7624,317.4665,0.5876,323.3757,0.4904,330.2376,0.4086,329.5731,0.1707,320.7406
2025-10-14 02:30:00,11.4353,12.2577,83.0967,83.6667,83.8233,84.3133,86.02,13.0397,13.0737,13.0973,13.0,12.8137,0.9872,322.5355,0.8127,327.1603,0.6812,332.7214,0.5832,330.7603,0.2254,326.7141
2025-10-14 03:00:00,11.4257,12.362,84.4,85.2867,85.5367,86.1067,87.7733,12.95,12.9777,12.9917,12.884,12.7143,0.6427,290.7569,0.5153,289.9828,0.4266,294.7346,0.3519,288.892,0.1091,289.3073
2025-10-14 03:30:00,11.4157,12.409,86.03,87.1133,87.6433,88.3533,90.21,12.862,12.8663,12.8653,12.778,12.6107,0.3256,277.3512,0.2348,281.831,0.1718,283.9825,0.1313,273.2608,0.0475,277.547
2025-10-14 04:00:00,11.404,12.434,86.4833,87.4233,87.8,88.3767,90.4533,12.9287,12.9347,12.929,12.849,12.6343,0.4251,305.0001,0.331,309.9038,0.2563,316.4515,0.1901,310.6209,0.0579,303.196
2025-10-14 04:30:00,11.4807,12.4543,86.0767,86.68,86.7333,87.1867,89.03,12.9633,13.0007,13.0193,12.9223,12.7567,0.4569,312.3649,0.3539,325.8555,0.3023,333.804,0.2589,333.8405,0.122,332.7365
2025-10-14 05:00:00,11.503,12.4933,84.5567,85.5167,85.9633,86.6533,88.26,13.1163,13.1347,13.1433,13.0463,12.8597,0.6662,285.3812,0.5327,283.3718,0.365,288.3973,0.2694,285.1062,0.0629,290.2749
2025-10-14 05:30:00,11.4953,12.5237,85.1933,86.13,86.4767,87.1567,88.93,13.1373,13.1523,13.1537,13.044,12.8487,0.8293,284.5403,0.6629,286.044,0.5486,284.327,0.4484,281.2197,0.1827,281.0444
2025-10-14 06:00:00,11.4897,12.5657,87.9567,88.66,88.7767,89.3267,90.5233,13.002,13.0383,13.0563,12.974,12.8093,1.2191,287.8433,0.9051,291.4809,0.7158,294.2902,0.6046,290.207,0.299,286.4888
2025-10-14 06:30:00,11.4997,12.5307,94.34,94.7667,94.64,94.9433,95.5933,12.4257,12.4967,12.5403,12.4547,12.3667,1.0967,282.1617,0.916,284.2252,0.7731,286.2012,0.6651,281.4002,0.299,276.9793
2025-10-14 07:00:00,11.5727,12.5387,93.9433,94.3733,94.3033,94.62,95.5,12.504,12.5697,12.622,12.57,12.5177,1.2559,263.6429,1.0969,265.4046,0.9641,267.1777,0.8759,263.6855,0.3909,264.1964
2025-10-14 07:30:00,11.6963,12.7537,93.2733,93.6067,93.4833,93.7533,94.4267,12.6313,12.73,12.807,12.773,12.792,1.2877,268.8198,1.137,270.809,1.0336,270.1271,0.9547,266.7367,0.5015,262.2024
2025-10-14 08:00:00,11.835,13.1357,95.11,95.4267,95.2567,95.4567,95.65,12.6153,12.7323,12.84,12.8253,12.9297,1.4665,264.3396,1.269,265.3906,1.1124,267.8935,1.0249,263.4498,0.5804,258.3675
2025-10-14 08:30:00,11.88,13.7167,94.29,94.4567,94.1367,94.21,94.1733,12.9177,13.0553,13.1867,13.2,13.405,1.4595,259.8007,1.3149,265.2149,1.1536,268.4536,1.0536,263.9682,0.6013,259.4739
2025-10-14 09:00:00,11.8577,14.4687,92.0767,92.26,92.0167,92.2,92.4233,13.4477,13.56,13.6763,13.7057,13.903,1.1812,280.2379,1.0843,283.7097,0.9746,287.2756,0.8672,282.1565,0.4419,275.4893
2025-10-14 09:30:00,11.7957,14.8827,92.28,92.5767,92.43,92.79,93.47,13.6367,13.7247,13.81,13.8047,13.8593,0.8631,316.9338,0.7309,325.4351,0.6337,332.5656,0.5353,329.9597,0.2666,324.6589
2025-10-14 10:00:00,11.9263,15.2513,89.59,89.8667,89.72,90.0067,90.7433,14.2543,14.3563,14.465,14.479,14.624,1.0554,294.6695,0.955,297.4081,0.8398,301.4804,0.7457,296.8476,0.3362,290.9903
2025-10-14 10:30:00,11.9606,15.6812,88.1812,88.3938,88.1625,88.4875,88.9,14.4569,14.5869,14.7119,14.7356,14.895,1.3169,284.4569,1.0976,287.7187,0.9061,286.5432,0.8207,282.3664,0.4214,275.433
